{"type": "FeatureCollection", "features": [{"type": "Feature", "properties": {"code": "05002", "name": "Abejorral", "subregion": "Oriente", "zona": "Páramo", "circuits_count": 2, "circuits_ids": [17, 18], "circuits_names": ["Abejorral - La Frontera", "Abejorral - Santa Barbara"], "km_intervencion": 51.69}, "geometry": {"type": "Polygon", "coordinates": [[[-75.41550261571334, 5.901853055547421], [-75.41106481873385, 5.901041390036791], [-75.41133234690693, 5.897532951134883], [-75.40774747064532, 5.901263055984623], [-75.40201472703093, 5.899313924696149], [-75.38102524007454, 5.881809945039647], [-75.35810955045163, 5.885647060739884], [-75.35489157130486, 5.881916955528944], [-75.3478976235743, 5.885830509971559], [-75.34091896247494, 5.879035299035684], [-75.3234694458974, 5.880264969311829], [-75.32259998000863, 5.876691559991188], [-75.31663792614663, 5.875181940397059], [-75.31504231158952, 5.87761835316082], [-75.30778083568589, 5.86750961588828], [-75.29781536250509, 5.870024999700081], [-75.29716355751137, 5.874265820775559], [-75.29469225174054, 5.871558664923411], [-75.28448073180006, 5.873951681626715], [-75.27933921977984, 5.868650602346362], [-75.27655710320893, 5.857756111385187], [-75.2694253835582, 5.856970747081143], [-75.267933112988, 5.854179507841137], [-75.28586281681413, 5.847896498164043], [-75.29223373708109, 5.831731901655364], [-75.294141155975, 5.833050263195442], [-75.30013269344293, 5.823030704843321], [-75.3063935134937, 5.819479542708046], [-75.3085289876888, 5.805706820615937], [-75.31441148854589, 5.799967917505508], [-75.3120318199172, 5.794280302332022], [-75.32073181120442, 5.781752622185936], [-75.38102415311303, 5.757007913467837], [-75.39491492901384, 5.74706843090152], [-75.40405153476681, 5.748263657481504], [-75.40961394702353, 5.745275584985986], [-75.42307176639841, 5.727818346165571], [-75.42372229847939, 5.696038846876045], [-75.42998025380271, 5.696226055666169], [-75.43831754041253, 5.691728076631231], [-75.44124903603539, 5.686036402279895], [-75.45466919623694, 5.682191194025763], [-75.46209311359507, 5.671815602341647], [-75.47816141113447, 5.664284377712725], [-75.4858924831495, 5.669916791707594], [-75.48920469287461, 5.677512032493544], [-75.50308171017853, 5.685050164913471], [-75.50576766838645, 5.680367896156628], [-75.50929865381588, 5.681362369023413], [-75.51989426193082, 5.695120347111344], [-75.52846784049461, 5.694089511634409], [-75.53176382934065, 5.689518446638597], [-75.53549015342858, 5.690976255916075], [-75.54417024164238, 5.708878087816379], [-75.54061308379715, 5.712367367939402], [-75.54278539610543, 5.719414340853378], [-75.55593429743053, 5.724425484457709], [-75.5568848551383, 5.732500259632043], [-75.5512608714537, 5.748245627784847], [-75.55385380462239, 5.75781265761351], [-75.5488171197076, 5.762786511342457], [-75.54711057309437, 5.770551056236365], [-75.55172226864148, 5.819785356485761], [-75.54972445497549, 5.822491752996767], [-75.54571898929449, 5.82119268272512], [-75.53916458992738, 5.828229312875956], [-75.53993222189725, 5.837558999059326], [-75.53329909058539, 5.851907819032629], [-75.5349426122966, 5.859023180243628], [-75.52718272951378, 5.868240027248629], [-75.52032725798259, 5.869066751458867], [-75.50484839361012, 5.862134969947055], [-75.48227240191189, 5.87490471536892], [-75.4816364575728, 5.878605903627929], [-75.48866999315963, 5.887152984689907], [-75.48777967198322, 5.901232772521185], [-75.47647259726494, 5.909589069177642], [-75.47483186302605, 5.914473116545747], [-75.47415903565803, 5.922110797773427], [-75.48213007912649, 5.935641771468936], [-75.47636397657405, 5.944516910806025], [-75.46789972298032, 5.945722176604442], [-75.4606407345117, 5.938737113594807], [-75.45431308788864, 5.938517972505463], [-75.4542446075179, 5.9353815433601], [-75.44734172021106, 5.935367846905295], [-75.44557491011699, 5.932505338463411], [-75.44894417633736, 5.92823212281992], [-75.44576665731101, 5.925890072374072], [-75.44655269665934, 5.922403888681002], [-75.44138303592969, 5.922691730002517], [-75.44809553519353, 5.914574560275708], [-75.44088794563052, 5.915990745184646], [-75.43203182355364, 5.902350462745625], [-75.42481560118077, 5.904263565255365], [-75.41857123287612, 5.900299615525748], [-75.41550261571334, 5.901853055547421]]]}}, {"type": "Feature", "properties": {"code": "05004", "name": "Abriaquí", "subregion": "Occidente", "zona": "Cuenca del Río Sucio", "circuits_count": 1, "circuits_ids": [14], "circuits_names": ["Frontino - Nutibara"], "km_intervencion": 25.0}, "geometry": {"type": "Polygon", "coordinates": [[[-76.01132849245198, 6.646334520591507], [-76.01205571011549, 6.641551304686666], [-76.00763379535023, 6.634700580357092], [-76.01087838708727, 6.624827749821002], [-76.00891309063793, 6.619107997882293], [-76.01701993512283, 6.594008765602091], [-76.01368385716061, 6.58582443006946], [-76.01732790365337, 6.581357287025531], [-76.01720375737942, 6.573457586777955], [-76.02380145733983, 6.564189885783096], [-76.02590964520819, 6.539328544116984], [-76.03026835001847, 6.537173768753544], [-76.03450934049225, 6.527533763900444], [-76.03560734677245, 6.507039379442264], [-76.03883642460454, 6.504204731964164], [-76.04914044496815, 6.504756336888065], [-76.0667442804334, 6.509196722772983], [-76.06971667275788, 6.512642271241235], [-76.07693533765001, 6.541313714673066], [-76.09190496774914, 6.54002618267678], [-76.09816945023134, 6.552011302183417], [-76.1146164002394, 6.553719533280146], [-76.12256613746595, 6.564925505988055], [-76.13248827861239, 6.568304677756933], [-76.13170813041569, 6.573588696020194], [-76.1363099741391, 6.577740370857103], [-76.13987635768227, 6.576365097180831], [-76.15552972608688, 6.584124734251978], [-76.16435402803975, 6.596554120206042], [-76.15975667319782, 6.608997052482726], [-76.16253146580421, 6.615417507804713], [-76.15512913406401, 6.625493601755672], [-76.16011588073385, 6.633949228130037], [-76.17011229818124, 6.636897578590182], [-76.171432633901, 6.653183581210487], [-76.1689005085922, 6.657296852715056], [-76.1845057344841, 6.665958785350703], [-76.17601566600403, 6.679604766911911], [-76.16861657448709, 6.680084194464623], [-76.16386024568764, 6.684756741604548], [-76.14894677017523, 6.686007049386263], [-76.14460002733125, 6.691678648315879], [-76.13821596111845, 6.693581906566385], [-76.1334958847306, 6.706868449490653], [-76.11607095414408, 6.707409529335563], [-76.11361590967655, 6.711129867689591], [-76.0984386995765, 6.717412260835839], [-76.09224128531345, 6.727495782256322], [-76.07826641632226, 6.73001377422286], [-76.07704099210383, 6.731767976755658], [-76.08181442841956, 6.730935203231739], [-76.08380679110843, 6.733706569430458], [-76.08590302150202, 6.729490504953991], [-76.09013797260214, 6.732294920001061], [-76.08705500305608, 6.740958395362343], [-76.09077061922582, 6.746538900696591], [-76.08689444896197, 6.754438869602963], [-76.08451594185496, 6.750768497965424], [-76.0740594522348, 6.747462274291207], [-76.06720895467535, 6.737728746912843], [-76.05472464855703, 6.732280086702334], [-76.05154185552163, 6.721259335295553], [-76.04026542233768, 6.704657676746233], [-76.03305951891248, 6.684243400410099], [-76.03728004935735, 6.678297809992372], [-76.03594218391314, 6.671628451222274], [-76.04145885754885, 6.665922259618671], [-76.03952620857186, 6.656030714332907], [-76.028804627908, 6.654836110746133], [-76.01132849245198, 6.646334520591507]]]}}, {"type": "Feature", "properties": {"code": "05021", "name": "Alejandría", "subregion": "Oriente", "zona": "Embalses", "circuits_count": 1, "circuits_ids": [4], "circuits_names": ["San Rafael - San Roque - Santo Domingo - Alejandría"], "km_intervencion": 25.72}, "geometry": {"type": "Polygon", "coordinates": [[[-75.03382638276234, 6.417554954996491], [-75.0275326161002, 6.414513377501922], [-75.01856130485109, 6.403858301978095], [-75.01996593578215, 6.400864465573703], [-75.00990948931423, 6.393495760092529], [-75.01042342447141, 6.388599493458362], [-74.9866723914658, 6.384979085584868], [-74.98521952190228, 6.375453450125745], [-74.99653105765427, 6.375568713428523], [-74.99767378206931, 6.372600292800797], [-75.01132065908227, 6.368397511691725], [-75.01815177459116, 6.361409636778388], [-75.03707609848976, 6.362094516042569], [-75.04173075237209, 6.357460273958102], [-75.0451167757658, 6.358447650763788], [-75.04458037194671, 6.348207203838562], [-75.06429014320388, 6.346189964826543], [-75.06599582653611, 6.336334749994179], [-75.07884939683008, 6.333828497301758], [-75.08326188108148, 6.329651361608772], [-75.0847584015813, 6.331405312636873], [-75.09056753882575, 6.323279016560226], [-75.1057287337609, 6.324771778679251], [-75.11161841395372, 6.320093586007395], [-75.11096004497021, 6.313452869364028], [-75.11587801931682, 6.302484558049815], [-75.12612812728867, 6.31425900009136], [-75.13126280762116, 6.333061486221908], [-75.13535441904295, 6.335575737029312], [-75.14514684615732, 6.325110283884833], [-75.14677126878728, 6.311551569568582], [-75.15457451235055, 6.307110953228949], [-75.15724300191948, 6.296905219793834], [-75.16506185820238, 6.294501474875783], [-75.17103107972206, 6.297582321760853], [-75.16880463493476, 6.310933330538068], [-75.17269917484784, 6.314474389624862], [-75.16839912463573, 6.321246653385129], [-75.17356253488764, 6.322748247204715], [-75.1723988455905, 6.326343591659579], [-75.16130145293089, 6.321773291266243], [-75.15750791599508, 6.326008655965112], [-75.16005284768657, 6.32855358698745], [-75.15536593170911, 6.33000631863284], [-75.15920211975632, 6.340630622225478], [-75.15271716285562, 6.355762189795899], [-75.15710087317017, 6.358320794317113], [-75.15471917255233, 6.36238953162365], [-75.15868435867431, 6.371756692857434], [-75.15298898767071, 6.378647226504843], [-75.13622854628973, 6.384399368220297], [-75.14739018735679, 6.403620288430983], [-75.14502693993151, 6.411595056132455], [-75.12413983127308, 6.407797856013787], [-75.11144914889633, 6.400367936134272], [-75.08837393734356, 6.393472315262127], [-75.05412949485793, 6.40844250967087], [-75.04570861911265, 6.415669975885475], [-75.03382638276234, 6.417554954996491]]]}}, {"type": "Feature", "properties": {"code": "05030", "name": "Amagá", "subregion": "Suroeste", "zona": "Sinifaná", "circuits_count": 1, "circuits_ids": [20], "circuits_names": ["Titiribi - Armenia"], "km_intervencion": 10.0}, "geometry": {"type": "Polygon", "coordinates": [[[-75.67041994328805, 5.998612870199294], [-75.67700268180742, 5.997872884570541], [-75.68912307860751, 5.985581780777477], [-75.70213528778741, 5.98073878343618], [-75.7173092208333, 5.985256090574621], [-75.7361890466843, 6.00536218250391], [-75.74297841838026, 6.001642334444047], [-75.75750229994384, 6.001538282909737], [-75.76180310294419, 5.998139260858442], [-75.76709289268184, 6.000016756106413], [-75.76078079140477, 6.01727942769326], [-75.75221951526876, 6.030034655617249], [-75.74322068143597, 6.035788958686216], [-75.73849835746327, 6.033733261410586], [-75.73904710413437, 6.038716878067989], [-75.7339808915962, 6.044235081479537], [-75.7381910860254, 6.047518658557514], [-75.73911986497744, 6.063823371377444], [-75.74591475232924, 6.064868824971216], [-75.74665871369135, 6.069677404093153], [-75.73283023056561, 6.074275891960547], [-75.7232534898493, 6.082168447319479], [-75.70818663508695, 6.072814611748445], [-75.70021530505592, 6.085876949618509], [-75.68488426385336, 6.08523093117483], [-75.67698211128571, 6.087985316991079], [-75.67155410586014, 6.077886917462401], [-75.6701754209694, 6.062279166261535], [-75.67174811950362, 6.054495883440798], [-75.6772628572699, 6.053813043726278], [-75.68424082397152, 6.046431879549566], [-75.67089611596566, 6.037199497700425], [-75.66026298072973, 6.015627128050378], [-75.67041994328805, 5.998612870199294]]]}}, {"type": "Feature", "properties": {"code": "05031", "name": "Amalfi", "subregion": "Nordeste", "zona": "Meseta", "circuits_count": 1, "circuits_ids": [5], "circuits_names": ["Amalfi - Portachuelos - Santa Isabel"], "km_intervencion": 10.0}, "geometry": {"type": "Polygon", "coordinates": [[[-74.91364009907869, 7.288068967801645], [-74.91949763575401, 7.274539177159435], [-74.90998474908471, 7.232671242316037], [-74.89692012680128, 7.232757634754305], [-74.87651738794742, 7.224297557450117], [-74.8761082188102, 7.219511118449304], [-74.86544581736064, 7.206264109021595], [-74.86638894779766, 7.198695074705681], [-74.85612891523857, 7.179143473506356], [-74.85607601884138, 7.168326783419138], [-74.8478956319791, 7.165427200824678], [-74.85277876516744, 7.152692526866407], [-74.85324976354899, 7.140245503268573], [-74.84311934890225, 7.13434102674639], [-74.8392707847654, 7.126417076764231], [-74.84111648760268, 7.115991624638327], [-74.83773186198755, 7.104489934509227], [-74.83990948872903, 7.102448094592946], [-74.83631363864791, 7.093732557554704], [-74.83915008532719, 7.087637211534121], [-74.84550191639434, 7.085746249559748], [-74.84338966903924, 7.081164681759108], [-74.84888151234217, 7.078720509074361], [-74.85115972254772, 7.071146591708857], [-74.84719171481741, 7.070517945282795], [-74.84592939499365, 7.065066335360724], [-74.85288975471575, 7.065222241671878], [-74.85825587070983, 7.047177609918604], [-74.85455943536802, 7.042118270629632], [-74.8565711010557, 7.036993555072729], [-74.85217058505883, 7.034831016216692], [-74.85474551509093, 7.025562270959973], [-74.84419936462227, 7.024229542413589], [-74.8452353709782, 7.020085514035527], [-74.8423083992711, 7.01764134187844], [-74.83687906793214, 7.022077063552689], [-74.84005333146392, 7.012945929602266], [-74.83798315940008, 6.991837640162292], [-74.85319107750979, 6.959617444047271], [-74.8553102418926, 6.945190432100691], [-74.87861677951248, 6.937576066685148], [-74.8796449444743, 6.923401608229219], [-74.87579267658352, 6.914474740068505], [-74.87907030566176, 6.906642168095952], [-74.8689723157052, 6.900954518424096], [-74.86873131388415, 6.893507553253889], [-74.87786529475987, 6.882469652887432], [-74.88287814018365, 6.883264961306932], [-74.88420365199606, 6.879119724391863], [-74.87953538055234, 6.869059235681147], [-74.87404194273978, 6.866265961706175], [-74.87393719558439, 6.850286110689717], [-74.88237390054331, 6.837160062139803], [-74.89556135666207, 6.829908755442197], [-74.89863825449514, 6.820016421767665], [-74.90675434533927, 6.814190858418719], [-74.90827959126692, 6.803459396265947], [-74.91204133682483, 6.799040004201925], [-74.90244818209162, 6.793983363857869], [-74.90527223201998, 6.788644487937585], [-74.90336888968085, 6.783501853119413], [-74.90587573100764, 6.778524279268029], [-74.91300595676006, 6.777392932896638], [-74.91109084110079, 6.768112851978707], [-74.92139873949147, 6.766805777105878], [-74.92220553082119, 6.747862526035338], [-74.93560475668335, 6.751296664123027], [-74.94206350523562, 6.762967821561261], [-74.95389496970436, 6.766922974722438], [-74.95447153091159, 6.771727402201666], [-74.96240966459963, 6.774508689805982], [-74.96237457550632, 6.780489730066864], [-74.96770481278796, 6.787041764149513], [-74.98261599400314, 6.793231998798237], [-74.99837114691933, 6.811674944183881], [-75.01230851394233, 6.815098512568381], [-75.02660863774506, 6.834656681618801], [-75.03647265250271, 6.828944803210655], [-75.03782132557811, 6.822425136394459], [-75.04235705868649, 6.819983041097411], [-75.0410577570191, 6.808023764201518], [-75.04843033206551, 6.796372285375002], [-75.0366777980692, 6.779267284831564], [-75.03272706134855, 6.76373553268365], [-75.0226176286519, 6.764953892380732], [-75.01940618385053, 6.760583430340717], [-75.02612146968836, 6.748561258774947], [-75.05638795380531, 6.764106749491335], [-75.06008751079271, 6.771341768602228], [-75.06548049000709, 6.768261670840253], [-75.06802306811252, 6.771722102541694], [-75.07855871817382, 6.772371837210579], [-75.08412739078975, 6.775060697497028], [-75.08567051768313, 6.779752008118987], [-75.0931585882273, 6.778194916309214], [-75.0931241818536, 6.782316799565795], [-75.09648912538081, 6.784312370182067], [-75.10399659863681, 6.77993587851493], [-75.11437691381582, 6.783258933675806], [-75.11568311454458, 6.786875048235262], [-75.12220724607647, 6.783066441318343], [-75.13209312672646, 6.786160074593823], [-75.13682799028221, 6.79515863550318], [-75.14100955181004, 6.793039496156871], [-75.14448989112205, 6.802707106753878], [-75.17333323182653, 6.825618502651654], [-75.17885344931604, 6.839588740863429], [-75.17778680681566, 6.843910714969199], [-75.1824256386709, 6.847978537764785], [-75.17744678549748, 6.863570814438665], [-75.17987902802814, 6.881015860684124], [-75.17451698140228, 6.896442928543774], [-75.17095063918161, 6.898552407976261], [-75.17145618856563, 6.909641474694133], [-75.16640840945709, 6.91435760005549], [-75.14436003335952, 6.921979017171508], [-75.1358962154487, 6.941599681593169], [-75.1150882259089, 6.949221097784331], [-75.08352800518779, 6.967462082168245], [-75.07284873697044, 6.985285184642601], [-75.07247065044038, 6.991115665831995], [-75.0640665309701, 6.997888046819916], [-75.065061494199, 7.0075126540502], [-75.05747324353436, 7.021070683189675], [-75.05860261628933, 7.062908090835374], [-75.03944097635727, 7.081130507508413], [-75.03479662794788, 7.092009228743862], [-75.03464871853973, 7.109351585334314], [-75.0252304280631, 7.124788953056285], [-75.02603580005469, 7.130003288956621], [-75.0206007194979, 7.141140413849278], [-75.00750741131249, 7.152525899967988], [-74.99441340603441, 7.182173508143659], [-74.96232894108988, 7.209502857678874], [-74.95901890528775, 7.221605366419786], [-74.95158690399036, 7.228408705881534], [-74.94539500358651, 7.243126307576977], [-74.93283896878938, 7.253968590953808], [-74.93157303055163, 7.260952778051774], [-74.93927199947338, 7.280002125898436], [-74.93705014956876, 7.288424487203122], [-74.93149552480725, 7.292549550560201], [-74.91885337211707, 7.286469603721482], [-74.91364009907869, 7.288068967801645]]]}}, {"type": "Feature", "properties": {"code": "05034", "name": "Andes", "subregion": "Suroeste", "zona": "San Juan", "circuits_count": 1, "circuits_ids": [23], "circuits_names": ["Andes - San José - Pueblo Rico"], "km_intervencion": 22.39}, "geometry": {"type": "Polygon", "coordinates": [[[-75.87369711459692, 5.775902096942292], [-75.8675093248838, 5.752649088933934], [-75.84987897474464, 5.743469300420684], [-75.83655176502216, 5.729210684334206], [-75.82659787382033, 5.70926656630095], [-75.82803703060105, 5.69746926640129], [-75.81587047297175, 5.676894999253772], [-75.81694037276334, 5.667549946794957], [-75.81121214857316, 5.664321313966742], [-75.80913862669163, 5.659047558375359], [-75.81335519736272, 5.645587824334967], [-75.8257334474803, 5.640449465338901], [-75.8294731923986, 5.622010548047755], [-75.83266879002005, 5.626158765784521], [-75.85877916008448, 5.635104704824], [-75.87202838615885, 5.637273262042627], [-75.87971535807995, 5.632479864861022], [-75.87762555423389, 5.630058813227865], [-75.88117675894371, 5.624412929119615], [-75.87886774550708, 5.618708593295564], [-75.88144468327384, 5.609063344406197], [-75.87907234130464, 5.598448699768526], [-75.88247740718572, 5.589943343586993], [-75.87347972948469, 5.575739424139847], [-75.87153904328085, 5.530985090308719], [-75.88365351928492, 5.524812022516686], [-75.88259761075388, 5.513447825182527], [-75.88587114980264, 5.51018727654723], [-75.88357187859528, 5.500639453880326], [-75.88777963230184, 5.498655917306453], [-75.89617817862413, 5.485116844803243], [-75.90612015547035, 5.48113895001128], [-75.90919901971559, 5.486872682868816], [-75.92271435911643, 5.493029536218813], [-75.93079979135821, 5.50887461687372], [-75.95362035927401, 5.509179618699103], [-75.95926791115842, 5.505081592573906], [-75.96362883929903, 5.512047634312574], [-75.98339487653404, 5.519400506744607], [-75.98804162703847, 5.528497630528229], [-75.98802773728755, 5.537325656011618], [-75.99897341347882, 5.541514945193067], [-76.0024992659347, 5.560199705127984], [-76.00825425992035, 5.563683029374455], [-76.00637192198917, 5.581182527542336], [-76.01218392216443, 5.592364754878236], [-76.0019168351354, 5.600120349082466], [-76.00732382088167, 5.611785154170049], [-76.00515047281588, 5.621918151053368], [-76.0357063438117, 5.651523444998944], [-76.06601794491546, 5.666893140221288], [-76.06643035247924, 5.672197100241359], [-76.07350493658296, 5.677457455796747], [-76.0663025850964, 5.679722609634092], [-76.06542143571905, 5.68731812878218], [-76.04447983076389, 5.676287301354522], [-76.03628798499187, 5.676644496249108], [-76.03008284521735, 5.668111301303724], [-76.00861671217119, 5.670251806139574], [-76.00386310526703, 5.667217595583837], [-75.98955367132471, 5.678238533883251], [-75.9942737387294, 5.690812299016695], [-75.96621614721741, 5.703481291857127], [-75.95228720459515, 5.69729719315611], [-75.93841126796453, 5.700418690989077], [-75.93472436734115, 5.692915319362775], [-75.92806321218569, 5.689811492288759], [-75.92497116336705, 5.695636321937597], [-75.90779115215452, 5.695801232124776], [-75.89999919053291, 5.707668808656945], [-75.88393231592492, 5.710566501558468], [-75.87837902156835, 5.715898691334132], [-75.89244342474557, 5.725347106783652], [-75.89368907902418, 5.738232115822655], [-75.89117126747114, 5.741302076728812], [-75.89446552706023, 5.75059981850589], [-75.88546948519134, 5.766853995852997], [-75.87673863318085, 5.776230453367504], [-75.87369711459692, 5.775902096942292]]]}}, {"type": "Feature", "properties": {"code": "05036", "name": "Angelópolis", "subregion": "Suroeste", "zona": "Sinifaná", "circuits_count": 1, "circuits_ids": [20], "circuits_names": ["Titiribi - Armenia"], "km_intervencion": 10.0}, "geometry": {"type": "Polygon", "coordinates": [[[-75.67947103391755, 6.163823275366646], [-75.67834206630278, 6.134929993978941], [-75.67249479647283, 6.118870347296921], [-75.67614033327064, 6.1167006438341], [-75.67879026095085, 6.108070144421558], [-75.67409717264908, 6.090924282072308], [-75.68456228699426, 6.085292848827534], [-75.70021530505592, 6.085876949618509], [-75.70818663508695, 6.072814611748445], [-75.7232534898493, 6.082168447319479], [-75.73283023056561, 6.074275891960547], [-75.74728934539384, 6.068788272381796], [-75.75009613688897, 6.089466984531301], [-75.76230493420123, 6.101903332008726], [-75.76267180167169, 6.121728114290616], [-75.76803549940105, 6.123664619560889], [-75.76447983725079, 6.138905926336777], [-75.7552994673738, 6.145441908152068], [-75.74426198515712, 6.145092579829167], [-75.73350902274711, 6.158362898015526], [-75.72135284604924, 6.149329928210256], [-75.70549290375686, 6.155391457141433], [-75.69703400142727, 6.170330798033053], [-75.69453270629903, 6.194305495390372], [-75.68965333795005, 6.193218515664251], [-75.68489332515963, 6.187028597590627], [-75.67947103391755, 6.163823275366646]]]}}, {"type": "Feature", "properties": {"code": "05038", "name": "Angostura", "subregion": "Norte", "zona": "Vertiente Chorros Blancos", "circuits_count": 0, "circuits_ids": [], "circuits_names": [], "km_intervencion": 0}, "geometry": {"type": "Polygon", "coordinates": [[[-75.24262978218829, 6.927239495661575], [-75.24394814161441, 6.908774627262722], [-75.2505630604822, 6.900702185049751], [-75.25610776784298, 6.899254852845259], [-75.25532294661018, 6.894403231743448], [-75.25982674730515, 6.886974189361559], [-75.25737276734122, 6.88054599201729], [-75.26074647752733, 6.875378405771023], [-75.25801744240657, 6.848164490467062], [-75.26744930552881, 6.84647296296661], [-75.26955490175756, 6.833857223933339], [-75.27619020519576, 6.830386684545782], [-75.27964839654443, 6.835902761053423], [-75.28716489247913, 6.838665715359205], [-75.28811653265683, 6.820779849656336], [-75.30092793153979, 6.821892336952269], [-75.30518714613574, 6.818198761324098], [-75.30661668375637, 6.809731060434146], [-75.31646738907479, 6.801578693914261], [-75.32709563028905, 6.79960433702986], [-75.33949771989764, 6.808141369230838], [-75.35553864577031, 6.797273667656892], [-75.36486419238037, 6.796617304216594], [-75.37495867890733, 6.789253255364538], [-75.37662682972868, 6.773849948365179], [-75.41058894789019, 6.775064692954506], [-75.42427605415651, 6.781129689641634], [-75.42663538133388, 6.785979879920635], [-75.43691445997362, 6.783168843387116], [-75.43691647489482, 6.778727387770766], [-75.45686360710118, 6.781474563896356], [-75.47481994956875, 6.769405424779539], [-75.48850553858057, 6.768055392026947], [-75.4901101470703, 6.772216640584325], [-75.48370333371786, 6.777386933049064], [-75.48464648032456, 6.786587935316496], [-75.49116987523793, 6.799193870242667], [-75.49037895354603, 6.809334149676869], [-75.47361941766685, 6.82439272130874], [-75.46911849607237, 6.836742315496828], [-75.47205490008993, 6.851642987526002], [-75.45836126127487, 6.86290623143294], [-75.44847664365618, 6.86051275991327], [-75.44543066044531, 6.876219901799311], [-75.43940187972399, 6.880755700565444], [-75.43558115617444, 6.891039069251814], [-75.42088453936148, 6.889924716242488], [-75.41112103171106, 6.902112449410423], [-75.41096097797859, 6.911561736538117], [-75.4059319098791, 6.906022053372702], [-75.39616195052831, 6.907364529014041], [-75.39117552365873, 6.900506817572857], [-75.37546391567761, 6.901435892570528], [-75.36569947467763, 6.914978855133834], [-75.35809310319708, 6.915178302770491], [-75.35537741254987, 6.930961583022469], [-75.34303589364595, 6.930437036274403], [-75.33910483631823, 6.935198704678889], [-75.34074814692535, 6.94114003888112], [-75.3357131445551, 6.941939498563486], [-75.33620354475016, 6.945210184671865], [-75.32931506282722, 6.945378779267055], [-75.32086751250787, 6.951707418493332], [-75.3104246979413, 6.954135453907847], [-75.30901958281828, 6.959345621938335], [-75.30196028534577, 6.965337030251582], [-75.2922425118248, 6.962667311967593], [-75.27317174995844, 6.970956171776985], [-75.26756289569987, 6.968702043774539], [-75.2632416560268, 6.958213848635162], [-75.24998455801563, 6.953287880548439], [-75.24326644877284, 6.94061670641552], [-75.24262978218829, 6.927239495661575]]]}}, {"type": "Feature", "properties": {"code": "05040", "name": "Anorí", "subregion": "Nordeste", "zona": "Río Porce", "circuits_count": 0, "circuits_ids": [], "circuits_names": [], "km_intervencion": 0}, "geometry": {"type": "Polygon", "coordinates": [[[-74.91364009907869, 7.288068967801645], [-74.91885337211707, 7.286469603721482], [-74.93149552480725, 7.292549550560201], [-74.93705014956876, 7.288424487203122], [-74.93927199947338, 7.280002125898436], [-74.93157303055163, 7.260952778051774], [-74.93283896878938, 7.253968590953808], [-74.94539500358651, 7.243126307576977], [-74.95158690399036, 7.228408705881534], [-74.95901890528775, 7.221605366419786], [-74.96232894108988, 7.209502857678874], [-74.99441340603441, 7.182173508143659], [-75.00750741131249, 7.152525899967988], [-75.0206007194979, 7.141140413849278], [-75.02603580005469, 7.130003288956621], [-75.0252304280631, 7.124788953056285], [-75.03464871853973, 7.109351585334314], [-75.03479662794788, 7.092009228743862], [-75.03944097635727, 7.081130507508413], [-75.05860261628933, 7.062908090835374], [-75.05747324353436, 7.021070683189675], [-75.065061494199, 7.0075126540502], [-75.0640665309701, 6.997888046819916], [-75.07247065044038, 6.991115665831995], [-75.07284873697044, 6.985285184642601], [-75.0843173413532, 6.966447221903016], [-75.1150882259089, 6.949221097784331], [-75.13628093424049, 6.941334358699828], [-75.14436003335952, 6.921979017171508], [-75.16588439610072, 6.914735685160996], [-75.17145618856563, 6.909641474694133], [-75.16999525123255, 6.905471132509285], [-75.17812964075901, 6.909550943638371], [-75.1774651776046, 6.913106743913654], [-75.18298452013501, 6.919061452132466], [-75.1992253786506, 6.918892743784256], [-75.22435723363901, 6.932571282038197], [-75.22116480796882, 6.942046726391594], [-75.22408807322705, 6.947811176667022], [-75.2219936664135, 6.957289521476058], [-75.22423193572486, 6.982121317166986], [-75.22852535187862, 6.989138513339757], [-75.22463819342221, 6.994027468213443], [-75.2301503871596, 7.006829233846546], [-75.21987388758305, 7.028965717234603], [-75.22537640915976, 7.037342582808936], [-75.24379940126461, 7.033833441716748], [-75.2551885379824, 7.046265977895682], [-75.25905586073902, 7.069926726113262], [-75.2532678536667, 7.097138147141833], [-75.26222239426778, 7.119599767209858], [-75.29278722416193, 7.132561787141318], [-75.29690371712049, 7.14263759089524], [-75.3148335610838, 7.160017186195496], [-75.31842575861498, 7.179073485419013], [-75.31510868541092, 7.197714501058234], [-75.31736419159596, 7.212712274060531], [-75.3101212326653, 7.222477078809887], [-75.29578204741905, 7.229671683008899], [-75.2893367583247, 7.24512353690982], [-75.27401288567809, 7.246263806217081], [-75.26481859550748, 7.238954830990957], [-75.25262256595035, 7.250981635794145], [-75.23260067594602, 7.253587604405607], [-75.22565272914453, 7.258455206520402], [-75.21608920264605, 7.258126999294017], [-75.20996430488427, 7.251285087275062], [-75.20500581382339, 7.254410655746613], [-75.19068081567046, 7.271130867313575], [-75.19240433774762, 7.284393904699937], [-75.18731456329786, 7.295563130632158], [-75.18805774222736, 7.308126529887229], [-75.18196171003062, 7.318838910759181], [-75.17298813143371, 7.32429397409453], [-75.17230624904762, 7.334344925141564], [-75.1644032260125, 7.342507064990156], [-75.16744527550074, 7.350731423857919], [-75.16251665521969, 7.367962233940367], [-75.15368836115368, 7.377791520971583], [-75.14145820280228, 7.375669118978976], [-75.11787845516515, 7.378641986281304], [-75.11242192194108, 7.390789356962567], [-75.10109491270833, 7.391286088603644], [-75.08160944718435, 7.397894139866891], [-75.06238740004102, 7.414045476527732], [-75.06189066762151, 7.418147282047791], [-75.04597264565272, 7.424567174751382], [-75.02691617508425, 7.420871787705118], [-75.03028793592618, 7.40998129905172], [-75.02842895149743, 7.405194602385063], [-75.016108478324, 7.392008609110595], [-74.99775194897377, 7.383496419248406], [-74.99504006718335, 7.394198953137851], [-74.98529393474716, 7.388131831591456], [-74.96701186315757, 7.39667321672145], [-74.95425828882945, 7.40893682825308], [-74.94764627331666, 7.420645885682378], [-74.94319032228361, 7.418500789220285], [-74.9411395879659, 7.410980321753714], [-74.92648309710007, 7.412432766487457], [-74.92160585326675, 7.426090702584291], [-74.91166155607215, 7.438659302330923], [-74.91280865707927, 7.44710163842173], [-74.91043192863651, 7.45013031601587], [-74.90354106797471, 7.442587505800285], [-74.9046716633368, 7.427303822028641], [-74.89702982187724, 7.406870562165409], [-74.89211956765217, 7.405178792951322], [-74.89030240159654, 7.391330126927203], [-74.89349872685338, 7.379702710593396], [-74.90754591830975, 7.360233553181462], [-74.9050979139391, 7.353711616999871], [-74.89676701435098, 7.352303418946007], [-74.89350281059465, 7.343973457729646], [-74.8936495908205, 7.330070539311367], [-74.89602080899729, 7.323583671010294], [-74.90580774650694, 7.314446179075826], [-74.90299322950037, 7.303904703055497], [-74.90533281260612, 7.293669087788424], [-74.91364009907869, 7.288068967801645]]]}}, {"type": "Feature", "properties": {"code": "05044", "name": "Anzá", "subregion": "Occidente", "zona": "Cauca Medio", "circuits_count": 0, "circuits_ids": [], "circuits_names": [], "km_intervencion": 0}, "geometry": {"type": "Polygon", "coordinates": [[[-75.83097741864691, 6.397255740094995], [-75.8434562261774, 6.38320813101019], [-75.84291593355142, 6.372141894528853], [-75.85030427313274, 6.367507094939202], [-75.84962077018588, 6.356167458275875], [-75.84546116707685, 6.352170595729903], [-75.85734760664435, 6.330265956916723], [-75.84147081285556, 6.31611419591852], [-75.84718489396988, 6.295897776272128], [-75.8336117587603, 6.28243347021053], [-75.84282060163854, 6.270985342812065], [-75.8385763754331, 6.258999089487856], [-75.84040772948033, 6.251725750417892], [-75.85015469555312, 6.25121366673158], [-75.85533038667326, 6.246800313777986], [-75.85781819988574, 6.249901856022258], [-75.86848084298211, 6.251763588363829], [-75.87611763051989, 6.244192677290168], [-75.90249453162747, 6.23776348040739], [-75.91155582532195, 6.227955215643155], [-75.9126884877075, 6.219616480813193], [-75.92403951609431, 6.216028090227269], [-75.93912051662743, 6.218713278928163], [-75.94415839091164, 6.225828567404162], [-75.95915277947833, 6.231073900865278], [-75.96536058904589, 6.240506647981856], [-75.97954079135144, 6.237451594907588], [-75.97898532797696, 6.247322983603533], [-75.9981190788127, 6.265550140657725], [-75.99898587670509, 6.278632803629337], [-76.00401183393875, 6.28328828730388], [-75.99601280615255, 6.30123630721789], [-75.9981935509464, 6.307613511196733], [-75.98967096524967, 6.317132167163689], [-75.98815858140027, 6.344852815894548], [-75.96939982958494, 6.346305283796714], [-75.95798833918961, 6.353819445941283], [-75.9422345597975, 6.345883129851843], [-75.93009747768932, 6.34976801392274], [-75.92256426680213, 6.365167229220848], [-75.91016404029943, 6.375526331453703], [-75.91180987337589, 6.383026169658026], [-75.90761428734982, 6.396767473759308], [-75.90443873832888, 6.396699435797707], [-75.90116898478072, 6.405400653747949], [-75.8909808075629, 6.407483806476046], [-75.88683413570237, 6.412221890358084], [-75.87859517239538, 6.409475569436743], [-75.86088641460326, 6.409985409091811], [-75.85256842650072, 6.405372042472776], [-75.85008571032917, 6.39783325661634], [-75.8434714265703, 6.401504081473629], [-75.83097741864691, 6.397255740094995]]]}}, {"type": "Feature", "properties": {"code": "05045", "name": "Apartadó", "subregion": "Urabá", "zona": "Urabá Centro", "circuits_count": 0, "circuits_ids": [], "circuits_names": [], "km_intervencion": 0}, "geometry": {"type": "Polygon", "coordinates": [[[-76.46441063952777, 7.870045645715458], [-76.48019330784109, 7.881937897019774], [-76.4912232990066, 7.873872414076986], [-76.51463124743891, 7.881629460042682], [-76.5169583601319, 7.86429984480181], [-76.51356762776948, 7.86239627350829], [-76.5209737000945, 7.845204667943524], [-76.5175234821923, 7.834883756242562], [-76.52956418944355, 7.813242004472492], [-76.53029230362573, 7.800949708501269], [-76.54475466855867, 7.791427106612052], [-76.54711033420294, 7.7752372533944], [-76.55077470418067, 7.770335563273079], [-76.55615228537273, 7.769169625600973], [-76.56817570185139, 7.775738127960521], [-76.58833792397446, 7.780951104192763], [-76.59253767279354, 7.786911655417122], [-76.59717762125467, 7.783693434200916], [-76.61154361851717, 7.789094810398942], [-76.61943153099092, 7.787435135276677], [-76.62326246299538, 7.791486169368425], [-76.62102576932901, 7.792247595876457], [-76.62463065286865, 7.802265126580802], [-76.62859245683359, 7.804983660955893], [-76.64068606587193, 7.798969575061505], [-76.64692620311159, 7.801491802081386], [-76.6560276407195, 7.788285793659788], [-76.67177739565915, 7.797640246458251], [-76.68087122363829, 7.799507219403167], [-76.69284397693157, 7.811678900687958], [-76.70214180243026, 7.811802429763023], [-76.71076605226432, 7.840199309692989], [-76.72061173779692, 7.842729522684465], [-76.72388023639861, 7.853343847440763], [-76.73133591998183, 7.862768737592719], [-76.74561808286877, 7.876775431268134], [-76.75303439598804, 7.879410896014805], [-76.75312316480947, 7.882763711479564], [-76.74684990219369, 7.904373511995946], [-76.73746273744335, 7.906646432766629], [-76.73992317359921, 7.91669274733048], [-76.72116375074236, 7.914886490701973], [-76.68859461505767, 7.92504417814496], [-76.68002673271106, 7.931690682635788], [-76.66301044215402, 7.916117728422863], [-76.65297381072462, 7.91560896885642], [-76.64233757001274, 7.923292590822321], [-76.62572028235883, 7.923347219045868], [-76.62395374984419, 7.930090849299133], [-76.61731090325254, 7.927371224669495], [-76.61481852210686, 7.937249228207275], [-76.6059217171274, 7.935883418016664], [-76.59487633871937, 7.947545283548613], [-76.59275393770663, 7.942282281292756], [-76.59005187899383, 7.945066909613766], [-76.58570027087428, 7.940119455187191], [-76.57881487466436, 7.942931342477026], [-76.57733068623676, 7.950108392692921], [-76.57127199970135, 7.953556014895843], [-76.55136937991561, 7.952117374830875], [-76.54122164485187, 7.962552415238857], [-76.53331302082093, 7.963673686148496], [-76.42487261731227, 8.072997787294868], [-76.42370952719142, 8.06020557484001], [-76.42932921782729, 8.057642341618845], [-76.42927785215933, 8.043753111046525], [-76.42877673596125, 8.035635367247869], [-76.42249396377987, 8.027723997888675], [-76.42764859569485, 8.019794601141172], [-76.41157371170777, 8.006952017182057], [-76.41690540066692, 7.982326080034346], [-76.41549251242175, 7.954524622289054], [-76.4229324754875, 7.950497502706183], [-76.41920837652653, 7.926827489412463], [-76.4225296637276, 7.91940732111661], [-76.42074515951737, 7.91353350782638], [-76.42553273082409, 7.907706360407299], [-76.43264380359632, 7.908794300649735], [-76.43816257120497, 7.904778898399408], [-76.4480865350331, 7.887468704930366], [-76.44812779914568, 7.879690460438812], [-76.46168298242264, 7.875233964315149], [-76.46441063952777, 7.870045645715458]]]}}, {"type": "Feature", "properties": {"code": "05051", "name": "Arboletes", "subregion": "Urabá", "zona": "Urabá Norte", "circuits_count": 1, "circuits_ids": [26], "circuits_names": ["San Pedro de Urabá - Arboletes"], "km_intervencion": 30.0}, "geometry": {"type": "Polygon", "coordinates": [[[-76.25481459723784, 8.594491086801591], [-76.26060448089078, 8.595152954558612], [-76.2626508538878, 8.591718221074842], [-76.26462799552249, 8.593773844773947], [-76.26534170701574, 8.590249856666475], [-76.27654468945045, 8.590092942317957], [-76.28296251075838, 8.59686956618846], [-76.2859620654421, 8.595188153189987], [-76.2880277809638, 8.580552866281387], [-76.29378680658844, 8.576679779322184], [-76.29521447840824, 8.569171440499579], [-76.30935772941291, 8.564118936403442], [-76.30866510317603, 8.560388213668828], [-76.31968752603528, 8.54646959566649], [-76.32168835983727, 8.528713964796353], [-76.31696875955653, 8.529229621885387], [-76.31801620505927, 8.525929878356619], [-76.30991080416705, 8.5248018621668], [-76.30711650644088, 8.520843838098157], [-76.31856741491087, 8.511731799391393], [-76.31389253276498, 8.506980864742236], [-76.31633043198698, 8.496042551195703], [-76.31203914843373, 8.485430537079807], [-76.31360457780065, 8.481700052201543], [-76.31669639934553, 8.482993060375065], [-76.31716584094671, 8.47521119810307], [-76.32681824406447, 8.462102118474245], [-76.32984831272178, 8.445388212963119], [-76.34817897149014, 8.443874950324354], [-76.35412705385453, 8.449181528333332], [-76.3540016328712, 8.452954589066382], [-76.36515321011208, 8.458288271580818], [-76.37025281482602, 8.452784553912702], [-76.37376859716755, 8.454978890280083], [-76.39736105506766, 8.454166719016616], [-76.40265167125537, 8.463466088549396], [-76.39413715692147, 8.466537113133583], [-76.39413967849248, 8.470848574381742], [-76.40604967727664, 8.476600576411299], [-76.41273985969387, 8.464210975764818], [-76.42749653517174, 8.454195846704108], [-76.4300979232839, 8.448693096905188], [-76.43703419108837, 8.451738696698195], [-76.43785010391147, 8.456276359018531], [-76.4399760640494, 8.452519654488476], [-76.44974664772931, 8.453813006833071], [-76.4543378050941, 8.446344913873503], [-76.45830780169443, 8.448322156598104], [-76.46519572845853, 8.439088239624017], [-76.47650689051135, 8.43254358072847], [-76.47541663220046, 8.436685182565354], [-76.47976391044035, 8.440955079157884], [-76.47661203651872, 8.448181233326661], [-76.48520969083046, 8.454625060664268], [-76.4894041485725, 8.462899089743864], [-76.48389366253248, 8.465393873267006], [-76.48842314246818, 8.467863044958733], [-76.4859218635096, 8.471133226212686], [-76.4834399603134, 8.467613652633073], [-76.48126019737818, 8.468822954495902], [-76.48779402891851, 8.481975970140013], [-76.48038230169878, 8.495362688012955], [-76.48958956983031, 8.49955441732581], [-76.49148727344442, 8.504629103703772], [-76.50387049933036, 8.508743681895329], [-76.49845809045473, 8.516512690896802], [-76.50705488058718, 8.516926694064065], [-76.51050798926796, 8.524977287269497], [-76.52848968578613, 8.53284708542954], [-76.52604340168925, 8.53649271047067], [-76.53626821489931, 8.548885701588004], [-76.53554290974903, 8.552450269044883], [-76.55610439348999, 8.558689973562034], [-76.55745401518632, 8.565062371754133], [-76.56634170226565, 8.571859334520905], [-76.56622256140447, 8.580843431284112], [-76.57090283703533, 8.581816141173983], [-76.56544888467107, 8.611413709620399], [-76.5554340248109, 8.603145465651178], [-76.55139077149747, 8.605113555363541], [-76.54653311273397, 8.60304089429214], [-76.54275416264174, 8.611257412447344], [-76.53409890296409, 8.616127870527942], [-76.5240752494956, 8.630207519574391], [-76.51837857413821, 8.631960543060671], [-76.51248165532081, 8.640394044113899], [-76.5138156975352, 8.645702341989484], [-76.50761584165119, 8.649475751700175], [-76.50232571594358, 8.658403947499833], [-76.49083913806862, 8.662103290180953], [-76.49119774463173, 8.674022664471716], [-76.48561342246524, 8.679205012120162], [-76.49009402147304, 8.693881954899789], [-76.48345027926106, 8.69320076101569], [-76.47625489061626, 8.676324635584452], [-76.46585428608826, 8.679430936251698], [-76.46109146336762, 8.689512792779144], [-76.45040167318334, 8.690192007792833], [-76.44541420067476, 8.71209314245668], [-76.42902750157113, 8.72966184611632], [-76.42847275505225, 8.734110203131085], [-76.43336840267081, 8.738403080569043], [-76.446629216114, 8.738047150116024], [-76.46470780222376, 8.744388769568726], [-76.47215599565412, 8.761925844166674], [-76.48332319010626, 8.767714839666533], [-76.47364207323875, 8.779691082605524], [-76.47544808401518, 8.784066913515769], [-76.47152197281143, 8.786358333760552], [-76.4695018117561, 8.794767347418777], [-76.47231671324161, 8.801685233700296], [-76.47802742028374, 8.804445408715118], [-76.4778941704827, 8.810384543667773], [-76.48641969456871, 8.818620561313331], [-76.48014574653838, 8.82628127479704], [-76.43051071802157, 8.852505650696497], [-76.41829715604504, 8.86353581371828], [-76.41360458068131, 8.873973717353483], [-76.38116683438668, 8.794208979526777], [-76.38943379638445, 8.783733095204258], [-76.39961431366785, 8.779618432135285], [-76.41956591409445, 8.754994156283768], [-76.4144334984148, 8.747988705945886], [-76.39965709054337, 8.746125608820547], [-76.36788788395789, 8.720674674979563], [-76.36756585589484, 8.714506211988633], [-76.3556987157329, 8.692978691088937], [-76.35555345725315, 8.682621572264646], [-76.34925236033828, 8.666306839330973], [-76.35069445730493, 8.655597365883402], [-76.34562620648937, 8.639821541071582], [-76.33934442874303, 8.6414276785469], [-76.32660241573262, 8.652849090475325], [-76.31400317017369, 8.65648966387654], [-76.29886979875782, 8.649386972908923], [-76.29590736964815, 8.65317031540401], [-76.28146641965327, 8.64886587077812], [-76.28221634672718, 8.64415850419373], [-76.26605742714193, 8.638807095479274], [-76.26979672020764, 8.62632919229589], [-76.26476177622786, 8.617634587183542], [-76.25158547448997, 8.612448265371329], [-76.25481459723784, 8.594491086801591]]]}}, {"type": "Feature", "properties": {"code": "05055", "name": "Argelia", "subregion": "Oriente", "zona": "Páramo", "circuits_count": 1, "circuits_ids": [15], "circuits_names": ["La Quiebra - Santa Ana"], "km_intervencion": 5.33}, "geometry": {"type": "Polygon", "coordinates": [[[-74.88015693477891, 5.745964568917219], [-74.88696200004287, 5.738890782988845], [-74.93157689420569, 5.733514115760914], [-74.95194416487718, 5.720065588486155], [-74.9708013936072, 5.715050414753148], [-74.98161878947761, 5.717626638858819], [-74.99330102760798, 5.715334121829738], [-74.99153015982377, 5.70606337273576], [-75.00021061634683, 5.701647642553413], [-75.00878125202978, 5.682158942065402], [-75.02729121991874, 5.675709229719996], [-75.03134292458238, 5.670211605669497], [-75.04792888259244, 5.660875496982446], [-75.05357476630536, 5.665809888897343], [-75.06459190617242, 5.665980181016286], [-75.06944243680415, 5.662218250956967], [-75.08616986599674, 5.671652216564381], [-75.09351960047873, 5.672283874528033], [-75.09905703507897, 5.668578206112986], [-75.10000464810925, 5.663312824389544], [-75.10550569914385, 5.665060852919809], [-75.10880299683525, 5.66148779698634], [-75.11141195954187, 5.664419231366733], [-75.13001182363794, 5.667034543053304], [-75.13583410413332, 5.660932837504097], [-75.13619952801112, 5.654454230823152], [-75.15007447200334, 5.656441937519459], [-75.15143561908478, 5.652190549432631], [-75.1570286944354, 5.653142000498877], [-75.16175664455672, 5.646282014453059], [-75.16918126799068, 5.650258085916409], [-75.17924348343936, 5.646998494527346], [-75.18065282423748, 5.6512422622769], [-75.18940805382982, 5.655919068395255], [-75.19265977100372, 5.654793169693152], [-75.19337625110465, 5.65836769730381], [-75.20013163594015, 5.65765908992106], [-75.22826563994684, 5.675279067786454], [-75.23555149433064, 5.676167584381651], [-75.18277737042713, 5.708833023873202], [-75.19661744900655, 5.713630765309132], [-75.20191009987839, 5.704733985994682], [-75.2082275110971, 5.704885369375464], [-75.2235406803171, 5.719034040774825], [-75.24568258361215, 5.729770464418075], [-75.22853638498695, 5.734636486046255], [-75.21498213775452, 5.731904144712781], [-75.18446589503914, 5.735511448886653], [-75.16481760897157, 5.740131866715624], [-75.15605263265839, 5.745719345412521], [-75.14871522575704, 5.743892669199733], [-75.1410708151158, 5.747653474561538], [-75.1328430951229, 5.761023518017851], [-75.10990986140246, 5.757047811108821], [-75.09872565645212, 5.7593155814818], [-75.09453610081655, 5.752027500565235], [-75.07775606178936, 5.745983194851878], [-75.05582636032736, 5.747990688778357], [-75.04498152182335, 5.742164591112151], [-75.02981620631599, 5.742819208364669], [-75.02846332912505, 5.738433266816239], [-75.00590082922406, 5.739371553998189], [-74.99883095588571, 5.7436483922366], [-74.97395547379116, 5.729966874855656], [-74.94543595239041, 5.743997519668834], [-74.94246931557197, 5.754441460254318], [-74.93220502140515, 5.751749167336519], [-74.92506702073395, 5.756404142113308], [-74.92179539509675, 5.75277239278833], [-74.91705683407531, 5.753056876583465], [-74.91659386753071, 5.75554038102673], [-74.90187599118826, 5.758774919822531], [-74.89753037932321, 5.748411700825728], [-74.89002740662681, 5.75102986666595], [-74.88015693477891, 5.745964568917219]]]}}, {"type": "Feature", "properties": {"code": "05059", "name": "Armenia", "subregion": "Occidente", "zona": "Cauca Medio", "circuits_count": 1, "circuits_ids": [20], "circuits_names": ["Titiribi - Armenia"], "km_intervencion": 10.0}, "geometry": {"type": "Polygon", "coordinates": [[[-75.81684969681857, 6.224914075043854], [-75.80615459938758, 6.208292528788423], [-75.79174116748482, 6.2010287955826], [-75.78061043744671, 6.183481700516307], [-75.76174961276058, 6.17866455600684], [-75.75112009593862, 6.182071805922422], [-75.74386672912706, 6.179034305209651], [-75.74119898246487, 6.170422878675054], [-75.74353555351948, 6.160380428605604], [-75.74861518419304, 6.15786990807984], [-75.7474705616378, 6.146096711247353], [-75.75555206464853, 6.145362970392449], [-75.76654415409558, 6.135336184595669], [-75.79072995103748, 6.122517312881921], [-75.80374604183771, 6.103964103584036], [-75.82080234874738, 6.104958710231693], [-75.82960579451431, 6.100050800826355], [-75.85492016471056, 6.099637301790635], [-75.85496103715768, 6.116049131828756], [-75.84458777375366, 6.132324800079695], [-75.84641575911857, 6.144107593085108], [-75.84319132108492, 6.146572207234626], [-75.84151848465103, 6.16819250974607], [-75.84997979716053, 6.19361361078262], [-75.84430588690907, 6.209495603656887], [-75.84449171420539, 6.220595656238293], [-75.8479357031894, 6.223692770486148], [-75.85649612143432, 6.223965314115802], [-75.85877559736609, 6.23889339884226], [-75.85243917330438, 6.249438920897643], [-75.84254392322596, 6.236348770535709], [-75.82975037386771, 6.228173076972948], [-75.81684969681857, 6.224914075043854]]]}}, {"type": "Feature", "properties": {"code": "05079", "name": "Barbosa", "subregion": "Valle de Aburrá", "zona": "Norte", "circuits_count": 0, "circuits_ids": [], "circuits_names": [], "km_intervencion": 0}, "geometry": {"type": "Polygon", "coordinates": [[[-75.26328861366166, 6.508151044502018], [-75.24837761121121, 6.506854890242136], [-75.24323024576859, 6.499663467116808], [-75.22805153009212, 6.495913163835445], [-75.22491387021324, 6.490147428487057], [-75.21712697778476, 6.487204437530433], [-75.21990460816912, 6.479170714959352], [-75.23299867453265, 6.475619794543333], [-75.23013518946163, 6.468859322728616], [-75.23771472826463, 6.46296533288951], [-75.24400027713855, 6.436409245842645], [-75.25345734069946, 6.432019831999024], [-75.25610082476413, 6.433498659058034], [-75.26549985895433, 6.426962808368591], [-75.26612264117787, 6.423505631526238], [-75.27561380838021, 6.422792753558853], [-75.27552289078864, 6.417084219927358], [-75.28846223851413, 6.407018089820258], [-75.28732247404795, 6.400015785334096], [-75.30321089293486, 6.403420444415612], [-75.31031188211803, 6.39757576019368], [-75.30664131825641, 6.392060084968072], [-75.30882730022834, 6.390412098618013], [-75.31289011435712, 6.392141610029002], [-75.31963852557104, 6.386575525644482], [-75.33244895876507, 6.398641424418639], [-75.33928052971982, 6.395989692209166], [-75.34571683745797, 6.397458324498809], [-75.36931185465829, 6.381689398711027], [-75.37757721675656, 6.372577330892341], [-75.38690448903027, 6.373477276236722], [-75.39101990311217, 6.368676655531599], [-75.40429546240074, 6.365278430018297], [-75.40470703003973, 6.377855319022907], [-75.41167166753921, 6.39485864992738], [-75.42089454120386, 6.395565206273914], [-75.4222297521264, 6.404475218785058], [-75.43659218577218, 6.41822782837152], [-75.4398385040712, 6.426448666966974], [-75.44604399149374, 6.427928135098905], [-75.44422345046756, 6.429785938054549], [-75.4484840448758, 6.435508995467972], [-75.41767560624965, 6.4427945809335], [-75.3936204674692, 6.442704467835998], [-75.38980919778969, 6.446047045059417], [-75.3895071518518, 6.456110060917511], [-75.37693506056729, 6.457311049906808], [-75.36800120547225, 6.464576534732538], [-75.36814721135032, 6.470485097896591], [-75.3599693370759, 6.487425282676747], [-75.35619700307574, 6.486703782364153], [-75.34055824666756, 6.500103490717718], [-75.32934816305051, 6.500959206149691], [-75.32375677204104, 6.505870392733424], [-75.3230752103535, 6.51318886076784], [-75.3027647168012, 6.506106046576571], [-75.2889297685004, 6.50627453388801], [-75.2784971336426, 6.490629091965102], [-75.26488088199433, 6.492833307633136], [-75.26676931589303, 6.49715041150807], [-75.26328861366166, 6.508151044502018]]]}}, {"type": "Feature", "properties": {"code": "05088", "name": "Bello", "subregion": "Valle de Aburrá", "zona": "Norte", "circuits_count": 0, "circuits_ids": [], "circuits_names": [], "km_intervencion": 0}, "geometry": {"type": "Polygon", "coordinates": [[[-75.53246948923397, 6.38866757445626], [-75.53342595785634, 6.383118237707275], [-75.51534412703178, 6.361172940896862], [-75.52293737232941, 6.339129807159153], [-75.5349407599705, 6.336638536289999], [-75.53601890629639, 6.332059603982525], [-75.52228194083686, 6.292077042750845], [-75.52238652899044, 6.288510631988989], [-75.52587558465565, 6.287173854608875], [-75.53127845881286, 6.2990797857851], [-75.53625143430936, 6.297975961284899], [-75.55653054791215, 6.309734143807948], [-75.57631475806534, 6.311174462035533], [-75.5979813474722, 6.306937849141488], [-75.61195307056326, 6.314851555469886], [-75.6259280024365, 6.31350936195829], [-75.63466765164858, 6.317434723672577], [-75.65190051613914, 6.333012951802086], [-75.65507499975817, 6.351112413038076], [-75.66872281820552, 6.373150439107834], [-75.66319287106317, 6.384953864698027], [-75.66203154972511, 6.404914734987591], [-75.63273754131058, 6.385496687078048], [-75.62199069013946, 6.383050592524436], [-75.6149198888414, 6.397372433092166], [-75.61430160538082, 6.408645878784375], [-75.60128839368107, 6.415588748276818], [-75.59119183474075, 6.43499771474489], [-75.58282972228977, 6.425153695763832], [-75.56648962778307, 6.420961476055386], [-75.56513350408069, 6.403697921215405], [-75.55437063594808, 6.383565480234795], [-75.53246948923397, 6.38866757445626]]]}}, {"type": "Feature", "properties": {"code": "05086", "name": "Belmira", "subregion": "Norte", "zona": "Río Grande y Chico", "circuits_count": 2, "circuits_ids": [11, 13], "circuits_names": ["Entrerríos - Labores - San José de la Montana", "Sopetrán - Horizontes - Belmira"], "km_intervencion": 79.54}, "geometry": {"type": "Polygon", "coordinates": [[[-75.6269125155637, 6.785912139758136], [-75.62616644136405, 6.774221580223652], [-75.61653279506943, 6.783060982110081], [-75.61275563262463, 6.782495885033963], [-75.61403800823541, 6.77186924056358], [-75.60918714163377, 6.765291847782676], [-75.60376650598677, 6.763629031918416], [-75.59875744875856, 6.754523472715606], [-75.60076852874467, 6.750003058032927], [-75.5984187758116, 6.747349590411472], [-75.6045601316077, 6.74198519846652], [-75.60530187233442, 6.736669930237749], [-75.60599796337335, 6.728886725981021], [-75.60189960290882, 6.722171522282207], [-75.6119236965518, 6.702614061835349], [-75.6026083521084, 6.698172509586157], [-75.60097305806688, 6.681262553522651], [-75.58570401319534, 6.674823801657859], [-75.59188221339281, 6.66741823135036], [-75.60789275105604, 6.670399679145421], [-75.61554986028217, 6.666467682726347], [-75.62307658982458, 6.668739690290701], [-75.62645647502994, 6.663883001119128], [-75.63297079336569, 6.668783593723411], [-75.63928686070473, 6.661948842959668], [-75.65306229022809, 6.655229430699309], [-75.66234946260586, 6.637177781530072], [-75.65976296317122, 6.633920562972299], [-75.64570649391457, 6.632577136473907], [-75.6379774817365, 6.621490085261725], [-75.63778788600757, 6.615961751009737], [-75.6219639445985, 6.605288325754501], [-75.61553615648252, 6.594276073104069], [-75.60684086697749, 6.589019929863229], [-75.60571138103477, 6.575098959268733], [-75.60795304597792, 6.572429843008153], [-75.59471807347221, 6.563439250288973], [-75.59154145545607, 6.557517946989934], [-75.59198877424674, 6.546533962918395], [-75.5813889862708, 6.539805042959063], [-75.57515894789155, 6.542285046498299], [-75.56441787917592, 6.529902095991421], [-75.58007342060519, 6.52123314530456], [-75.58401553799068, 6.517644575886125], [-75.58340396494525, 6.511422669353065], [-75.59455898632696, 6.502982788103122], [-75.59953376833552, 6.502354598920375], [-75.60342974645138, 6.509364198710315], [-75.60888634255753, 6.51192901293095], [-75.60976603307084, 6.50692385681573], [-75.62510040342985, 6.500973481419542], [-75.63143587617569, 6.503037918232169], [-75.64418081589729, 6.497549175840192], [-75.64522389648607, 6.493906737736657], [-75.65039017326205, 6.501990437606281], [-75.64714513775726, 6.505986699243681], [-75.64934375902527, 6.512596841163965], [-75.64644557652638, 6.518764405318584], [-75.65275590632572, 6.527687383137551], [-75.65491169771761, 6.538966027713273], [-75.67381413596094, 6.552514680142418], [-75.6726291646764, 6.565206724190052], [-75.67568439244987, 6.571231521195084], [-75.68633486067921, 6.574529454418889], [-75.69371594816123, 6.581467960116609], [-75.6963413527325, 6.586902526645802], [-75.69256693464088, 6.59779947282328], [-75.69457371978164, 6.607126344313218], [-75.7058657827532, 6.620997074690923], [-75.71049282601696, 6.621724926812266], [-75.71864556273478, 6.63707683086042], [-75.71891130415877, 6.655829632671617], [-75.71287999557825, 6.670880533471834], [-75.71468849738297, 6.694931386306544], [-75.71832279984984, 6.704349798849169], [-75.71548335728907, 6.705662809007868], [-75.71372821361561, 6.714450215369796], [-75.71993068180046, 6.731683615003696], [-75.71743758918907, 6.743803061676248], [-75.7249560614174, 6.768800586758934], [-75.72681615975709, 6.797970393196291], [-75.69503125870531, 6.759929283689027], [-75.67808921300818, 6.754348267233786], [-75.67655968750653, 6.744451384203326], [-75.66713618859788, 6.75301631686955], [-75.66790116694438, 6.76797704013128], [-75.6574938349332, 6.770191609862897], [-75.65095028092654, 6.783029316916863], [-75.64538574864577, 6.783316984122019], [-75.63475793233462, 6.795487935120639], [-75.62917466119703, 6.793816128524256], [-75.6269125155637, 6.785912139758136]]]}}, {"type": "Feature", "properties": {"code": "05091", "name": "Betania", "subregion": "Suroeste", "zona": "San Juan", "circuits_count": 0, "circuits_ids": [], "circuits_names": [], "km_intervencion": 0}, "geometry": {"type": "Polygon", "coordinates": [[[-75.89253105809648, 5.753922478180082], [-75.89244342474557, 5.725347106783652], [-75.87828184271923, 5.716221145422956], [-75.88393231592492, 5.710566501558468], [-75.89999919053291, 5.707668808656945], [-75.90779115215452, 5.695801232124776], [-75.92497116336705, 5.695636321937597], [-75.92806321218569, 5.689811492288759], [-75.93472436734115, 5.692915319362775], [-75.93841126796453, 5.700418690989077], [-75.95228720459515, 5.69729719315611], [-75.96621614721741, 5.703481291857127], [-75.9942737387294, 5.690812299016695], [-75.98889672706923, 5.681431191474561], [-75.99011462340557, 5.676872284118183], [-75.99540085850964, 5.675910315942009], [-76.00416492213452, 5.667196816307798], [-76.00861671217119, 5.670251806139574], [-76.03008284521735, 5.668111301303724], [-76.03628798499187, 5.676644496249108], [-76.04447983076389, 5.676287301354522], [-76.06542143571905, 5.68731812878218], [-76.0663025850964, 5.679722609634092], [-76.07350493658296, 5.677457455796747], [-76.08695399109564, 5.688642278299196], [-76.08006833257762, 5.7086106690386], [-76.06306159740028, 5.727421777700162], [-76.07094276981444, 5.742839832953901], [-76.0617825320813, 5.754939367235856], [-76.06523340934692, 5.763797509757878], [-76.05959064907624, 5.763318909812671], [-76.05357656030141, 5.768501260514951], [-76.04711461644169, 5.767264323225565], [-76.0392664454361, 5.7579659467652], [-76.01979530444764, 5.753402063780489], [-76.00067677646268, 5.768319216374405], [-75.98796556848002, 5.773081484262339], [-75.9716041147308, 5.78895043014425], [-75.95530216269107, 5.798324106641417], [-75.95391290552776, 5.792538153173868], [-75.9450789709401, 5.788782927379917], [-75.94404966511787, 5.778292909712636], [-75.93232066877864, 5.764435412690842], [-75.92266934453754, 5.761220421766883], [-75.92064885649545, 5.753564169570697], [-75.91005717940817, 5.758030847019628], [-75.90751568377266, 5.76562356073004], [-75.90414185051736, 5.765877709777635], [-75.89856962416617, 5.75515895830975], [-75.89253105809648, 5.753922478180082]]]}}, {"type": "Feature", "properties": {"code": "05093", "name": "Betulia", "subregion": "Suroeste", "zona": "Penderisco", "circuits_count": 1, "circuits_ids": [21], "circuits_names": ["Salgar - La Quiebra - Concordia"], "km_intervencion": 15.93}, "geometry": {"type": "Polygon", "coordinates": [[[-75.85533038667326, 6.246800313777986], [-75.85917202749422, 6.237493501487825], [-75.85737570145487, 6.225761638441305], [-75.85471218495935, 6.223048569882778], [-75.84678357700659, 6.223358280504725], [-75.84425633314306, 6.219555027998888], [-75.84430588690907, 6.209495603656887], [-75.84997979716053, 6.19361361078262], [-75.84642431197841, 6.179503167239912], [-75.84212551850935, 6.174746002193496], [-75.84187814493798, 6.166232676602148], [-75.84774162127395, 6.169255194635396], [-75.86610188492084, 6.164070628149737], [-75.89483128241636, 6.169542647421618], [-75.90448815824591, 6.15774622266627], [-75.90777734594694, 6.144036507749398], [-75.91866188998648, 6.135579840403831], [-75.92023764279267, 6.122762151769625], [-75.92870437393995, 6.124795211342556], [-75.9361709082735, 6.115368789106359], [-75.94544511526675, 6.120378269746152], [-75.95334543796614, 6.119033129834196], [-75.95627220934892, 6.110566399079128], [-75.96690033827377, 6.103798819905453], [-75.96596684855639, 6.091600164607517], [-75.96900921155668, 6.091622992324052], [-75.97456715738981, 6.082747604644471], [-75.99645217395467, 6.078337255414347], [-76.00765161612885, 6.089836347194138], [-76.0051264051528, 6.098941775624103], [-76.0116866480608, 6.110417531988246], [-76.00845678869442, 6.121191591918534], [-76.01344892525594, 6.122953865353765], [-76.01661395230995, 6.129148358515828], [-76.01874656267591, 6.140086462689147], [-76.0163968600485, 6.169642426828491], [-76.03148525461472, 6.178074642735576], [-76.0304706299592, 6.186522572085248], [-76.03992521596656, 6.196808416386398], [-76.033984159326, 6.210883056948544], [-76.03826902980647, 6.2170245051757], [-76.03850871379899, 6.223930632776431], [-76.04694841643602, 6.227363464336901], [-76.04792975132375, 6.26088799159028], [-76.02838826685866, 6.26421976486424], [-76.02101695664017, 6.27434168676627], [-76.01368346639349, 6.275632449484869], [-76.01154324280547, 6.281656756484529], [-76.00404030424504, 6.284721586459471], [-75.9989367774866, 6.278481044410086], [-75.9981190788127, 6.265550140657725], [-75.97898532797696, 6.247322983603533], [-75.97954079135144, 6.237451594907588], [-75.96536058904589, 6.240506647981856], [-75.95904862610935, 6.230995784962134], [-75.94415839091164, 6.225828567404162], [-75.93912051662743, 6.218713278928163], [-75.93303246057211, 6.216535835083094], [-75.9126884877075, 6.219616480813193], [-75.91155582532195, 6.227955215643155], [-75.903368438787, 6.237294791684842], [-75.87611763051989, 6.244192677290168], [-75.87083289290736, 6.250885918407312], [-75.86277196670653, 6.251288390784723], [-75.85533038667326, 6.246800313777986]]]}}, {"type": "Feature", "properties": {"code": "05107", "name": "Briceño", "subregion": "Norte", "zona": "Vertiente Chorros Blancos", "circuits_count": 0, "circuits_ids": [], "circuits_names": [], "km_intervencion": 0}, "geometry": {"type": "Polygon", "coordinates": [[[-75.47125120525301, 7.049802238699265], [-75.49977176600456, 7.047721260376361], [-75.49504882668589, 7.033986411059488], [-75.5042145100063, 7.013703887836806], [-75.50462377705988, 7.006337077595719], [-75.50880211004257, 7.002082598986117], [-75.5198691414422, 7.001788179464145], [-75.53593526236365, 6.990585677780713], [-75.5410707736378, 6.996709458273315], [-75.5541358989778, 6.990642975285241], [-75.55165412064741, 7.001405277507399], [-75.56017965730985, 7.006948201754654], [-75.55854908571176, 7.01709225319605], [-75.56561608533954, 7.018647230371763], [-75.57051391047432, 7.023770419536856], [-75.58637660340811, 7.022805628606375], [-75.59371089854531, 7.039202196308159], [-75.59433098761963, 7.058298136418339], [-75.60044972743012, 7.065049218666399], [-75.61669945141925, 7.049664623052321], [-75.62789829801041, 7.044237361355644], [-75.63292966849198, 7.035530913057428], [-75.65930166300147, 7.028096860636913], [-75.67128728915276, 7.045993752487086], [-75.67074596166759, 7.056237333734736], [-75.68270424669491, 7.063456240038851], [-75.68744320656833, 7.084506502953341], [-75.67432389844366, 7.093950522382834], [-75.6650912564986, 7.116400028194994], [-75.66080033766131, 7.137938292055417], [-75.63548495775868, 7.140356411995569], [-75.63071291203502, 7.148686092314557], [-75.61230950859326, 7.160792750150679], [-75.60451481249993, 7.178746767843604], [-75.59602998748618, 7.185535699840803], [-75.5830352586234, 7.189639015618901], [-75.56359620725352, 7.201526119062334], [-75.53454298865763, 7.204571831566812], [-75.51058598004218, 7.230381050219407], [-75.47792073899512, 7.223528202126646], [-75.45557759960168, 7.243137343538818], [-75.43882560507933, 7.251633777658085], [-75.43735648499234, 7.244511725932944], [-75.44116542174704, 7.238164827589127], [-75.46457146844591, 7.216674614721698], [-75.46907678190384, 7.202697840115664], [-75.46719091269527, 7.180036809541489], [-75.47429674289951, 7.17340687542436], [-75.48106490896488, 7.14813244271819], [-75.49465184319553, 7.13758965604198], [-75.50057266169107, 7.124078998687945], [-75.50113488309141, 7.109414246912515], [-75.49453998587467, 7.100965803275713], [-75.49277697385763, 7.093003679831222], [-75.49458886590423, 7.083987867277907], [-75.49120675377529, 7.061237004817902], [-75.47125120525301, 7.049802238699265]]]}}, {"type": "Feature", "properties": {"code": "05113", "name": "Buriticá", "subregion": "Occidente", "zona": "Cauca Medio", "circuits_count": 0, "circuits_ids": [], "circuits_names": [], "km_intervencion": 0}, "geometry": {"type": "Polygon", "coordinates": [[[-75.84522605101753, 6.871681876452172], [-75.84146566550898, 6.861107827619366], [-75.84271491664198, 6.85143928201398], [-75.86464554965694, 6.831029869755454], [-75.86564492451221, 6.822787416021955], [-75.85557504463753, 6.808301256793057], [-75.87147817523382, 6.784886396072626], [-75.86130575266947, 6.772770007701037], [-75.85697026032612, 6.757577663005929], [-75.84621033687097, 6.746532203739752], [-75.8628094569966, 6.734254184503716], [-75.86063938867991, 6.718806723492504], [-75.85580432434243, 6.711487502383799], [-75.84782837068263, 6.711525574390117], [-75.83260933861622, 6.682001221002396], [-75.845252456097, 6.681640366110845], [-75.85279109999502, 6.674522761721139], [-75.856839286856, 6.66135612553284], [-75.86949802064967, 6.652989940774719], [-75.87045335829308, 6.649213496686047], [-75.88013025936696, 6.645651494577997], [-75.8872756864106, 6.666102248106767], [-75.88558611346467, 6.675974778530509], [-75.91070116366907, 6.678664544398383], [-75.91959342676644, 6.694695270937162], [-75.92419061542004, 6.698099484343494], [-75.92935499944574, 6.696204841717237], [-75.9366985849596, 6.702799060654391], [-75.93945899823322, 6.710621235410814], [-75.95398223121319, 6.715780510496428], [-75.95952715506795, 6.727873535812787], [-75.96459519567772, 6.729923056663926], [-75.9708882670438, 6.741767386928029], [-75.971492519718, 6.752415692169348], [-75.98419264069345, 6.763905158478044], [-75.98083498789305, 6.777951512490364], [-75.98354014399693, 6.792431006475512], [-75.98152663766122, 6.798230796428835], [-75.98616628878, 6.805553566688619], [-75.98041333037679, 6.822102539572284], [-75.96549243028855, 6.827786219671744], [-75.9558087244764, 6.839907767123931], [-75.96796939993722, 6.867766540138016], [-75.96809925141153, 6.916277309452445], [-75.96529014136468, 6.919703632694495], [-75.96034718666662, 6.919639866538501], [-75.95834042578038, 6.930492484496213], [-75.95232758835874, 6.938107806261676], [-75.95770918591846, 6.953298362579799], [-75.95437462970233, 6.966110615781355], [-75.94875817659475, 6.969901578828126], [-75.9384670084279, 6.962822683665169], [-75.92986525600183, 6.966201516712097], [-75.92825911947781, 6.962073153229325], [-75.92172749869138, 6.961454493587229], [-75.91770621008496, 6.963893438334268], [-75.91427978675799, 6.973482666543574], [-75.90446451009605, 6.972435704859752], [-75.90866425891515, 6.948843349769844], [-75.90168054119906, 6.927808916486653], [-75.88960477629553, 6.918076918398582], [-75.87677948047512, 6.918612296999942], [-75.8741501763172, 6.906488943150542], [-75.86939125497985, 6.901075670429682], [-75.87272249910751, 6.895805166562629], [-75.86908192550165, 6.888357449805733], [-75.84522605101753, 6.871681876452172]]]}}, {"type": "Feature", "properties": {"code": "05125", "name": "Caicedo", "subregion": "Occidente", "zona": "Cauca Medio", "circuits_count": 0, "circuits_ids": [], "circuits_names": [], "km_intervencion": 0}, "geometry": {"type": "Polygon", "coordinates": [[[-76.03892484487965, 6.504192208829025], [-76.03798625362977, 6.492563797462412], [-76.03158741192716, 6.490259144636437], [-76.02456689292882, 6.492670367503171], [-76.01444686460337, 6.490649914436339], [-76.00547767966654, 6.497851759259785], [-75.99180177629015, 6.49456319561729], [-75.98461695542633, 6.487009312406914], [-75.96761258371647, 6.490719645475813], [-75.96541006825173, 6.465023626231493], [-75.95433433307531, 6.45774505761965], [-75.9431800932279, 6.457914785757863], [-75.93998859461908, 6.443727372085448], [-75.94281476187658, 6.437411913875683], [-75.94182112456103, 6.421330376914146], [-75.92746955514029, 6.414387136622683], [-75.92569333249867, 6.410787324837042], [-75.91981268037445, 6.411819663910762], [-75.91841723651379, 6.406257869125309], [-75.90500768002588, 6.396518802259217], [-75.9088709648553, 6.394365132961293], [-75.91180987337589, 6.383026169658026], [-75.91016404029943, 6.375526331453703], [-75.92256426680213, 6.365167229220848], [-75.93009747768932, 6.34976801392274], [-75.9422345597975, 6.345883129851843], [-75.95798833918961, 6.353819445941283], [-75.96939982958494, 6.346305283796714], [-75.98968478583033, 6.345167558228907], [-75.99520168943474, 6.352008758706847], [-76.0048726005423, 6.355473893154224], [-76.01009059692245, 6.367643941036887], [-76.01593411987936, 6.364112491727616], [-76.0316593723713, 6.37564117335768], [-76.04378982940428, 6.378745051818782], [-76.04397194396351, 6.387589515196392], [-76.03981496573175, 6.391271409388376], [-76.03761374833257, 6.404605409676235], [-76.04325089682766, 6.435449606255887], [-76.05850106540014, 6.447421701970207], [-76.06213990525751, 6.457068858945195], [-76.06788098972929, 6.452641680193855], [-76.07785328202141, 6.453358757108551], [-76.07983526827043, 6.459678848360872], [-76.08666755877572, 6.463878878937773], [-76.08307325828845, 6.479681335192629], [-76.0608087466352, 6.498930551764967], [-76.05768286816127, 6.506415479471702], [-76.03892484487965, 6.504192208829025]]]}}, {"type": "Feature", "properties": {"code": "05129", "name": "Caldas", "subregion": "Valle de Aburrá", "zona": "Sur", "circuits_count": 0, "circuits_ids": [], "circuits_names": [], "km_intervencion": 0}, "geometry": {"type": "Polygon", "coordinates": [[[-75.60585421585989, 6.116628846537599], [-75.58067418691775, 6.109772850767179], [-75.57343638072354, 6.102204195384442], [-75.58774195640173, 6.071424562801472], [-75.58115069466696, 6.062132443985497], [-75.57988633207422, 6.048550271437825], [-75.57434849592704, 6.044200455445402], [-75.57068219097819, 6.024918312292856], [-75.59156222450544, 6.006567659181989], [-75.59970517497656, 6.005530947451911], [-75.60453459340246, 5.993101432043961], [-75.60171788360829, 5.987020056496417], [-75.6136161899207, 5.978253345122982], [-75.61438490436048, 5.981837235872629], [-75.62518717619473, 5.987218252641361], [-75.63124859271029, 5.995752524286262], [-75.64841224290655, 5.994775822402035], [-75.6489572957052, 5.991699384841441], [-75.65418148956249, 5.989952115796211], [-75.66582389729149, 5.99873148018485], [-75.67041994328805, 5.998612870199294], [-75.66026298072973, 6.015627128050378], [-75.67089611596566, 6.037199497700425], [-75.68424082397152, 6.046431879549566], [-75.6772628572699, 6.053813043726278], [-75.67174811950362, 6.054495883440798], [-75.6701754209694, 6.062279166261535], [-75.67155410586014, 6.077886917462401], [-75.67698211128571, 6.087985316991079], [-75.67326518716892, 6.09332299437233], [-75.67879026095085, 6.108070144421558], [-75.67600662083723, 6.116901212999029], [-75.66702867283479, 6.119862248435986], [-75.66351458381757, 6.111943531814264], [-75.65759120512348, 6.108635654052358], [-75.63463797580316, 6.112898513461674], [-75.62942393380689, 6.106029776364246], [-75.60585421585989, 6.116628846537599]]]}}, {"type": "Feature", "properties": {"code": "05134", "name": "Campamento", "subregion": "Norte", "zona": "Vertiente Chorros Blancos", "circuits_count": 0, "circuits_ids": [], "circuits_names": [], "km_intervencion": 0}, "geometry": {"type": "Polygon", "coordinates": [[[-75.22435723363901, 6.932571282038197], [-75.22434419549097, 6.929709086366124], [-75.23408086417564, 6.931728149088616], [-75.24262978218829, 6.927239495661575], [-75.24326644877284, 6.94061670641552], [-75.24998455801563, 6.953287880548439], [-75.2632416560268, 6.958213848635162], [-75.26964580946768, 6.97078107446357], [-75.2922425118248, 6.962667311967593], [-75.30196028534577, 6.965337030251582], [-75.30907016695194, 6.959278174876686], [-75.310244842645, 6.954253483762312], [-75.32086751250787, 6.951707418493332], [-75.32962980824827, 6.94530009448467], [-75.35764779932758, 6.945710384308503], [-75.36204916063915, 6.954766402871856], [-75.35861427697883, 6.978669952717667], [-75.35337275372137, 6.989516203915353], [-75.33229119393992, 6.990299741184932], [-75.31694490024215, 7.004102708895846], [-75.31157421002665, 7.020061397661911], [-75.31044965852979, 7.042054187717837], [-75.3170951066425, 7.05310259308086], [-75.31937331415308, 7.064428501823488], [-75.33389556257949, 7.075558860190401], [-75.3286479891686, 7.085509940054957], [-75.33100509391397, 7.10198021625813], [-75.3257397832678, 7.109717617257871], [-75.33259863336276, 7.12578439838673], [-75.33052670868581, 7.132464427039297], [-75.33279036798038, 7.139717506301002], [-75.32879624442815, 7.14362114969384], [-75.33221085401082, 7.166864180254921], [-75.32825349041832, 7.182210934217026], [-75.32288759990135, 7.184864796104198], [-75.31911402712441, 7.193219005405293], [-75.31736419159596, 7.212712274060531], [-75.31510868541092, 7.197714501058234], [-75.31842575861498, 7.179073485419013], [-75.31469859370394, 7.159757634823106], [-75.29690371712049, 7.14263759089524], [-75.29278722416193, 7.132561787141318], [-75.2642988087245, 7.121120739806425], [-75.25990719054053, 7.115888174564344], [-75.2532678536667, 7.097138147141833], [-75.25905586073902, 7.069926726113262], [-75.2551885379824, 7.046265977895682], [-75.24379940126461, 7.033833441716748], [-75.22537640915976, 7.037342582808936], [-75.21987388758305, 7.028965717234603], [-75.2301503871596, 7.006829233846546], [-75.22463819342221, 6.994027468213443], [-75.22852535187862, 6.989138513339757], [-75.22423193572486, 6.982121317166986], [-75.2219936664135, 6.957289521476058], [-75.22408807322705, 6.947811176667022], [-75.22116480796882, 6.942046726391594], [-75.22435723363901, 6.932571282038197]]]}}, {"type": "Feature", "properties": {"code": "05142", "name": "Caracolí", "subregion": "Magdalena Medio", "zona": "Nus", "circuits_count": 0, "circuits_ids": [], "circuits_names": [], "km_intervencion": 0}, "geometry": {"type": "Polygon", "coordinates": [[[-74.71710979657642, 6.395864704596408], [-74.71302802350361, 6.397474368486674], [-74.71062516486587, 6.39165555992499], [-74.70565709686575, 6.394071402563864], [-74.69950707951371, 6.390473610641306], [-74.69528584389136, 6.367730891793866], [-74.68199869364065, 6.364866946058296], [-74.67824504100514, 6.358457165219243], [-74.68120640022131, 6.342033307796818], [-74.67628379056782, 6.342104747497771], [-74.67465374268755, 6.33459743932742], [-74.65950275441067, 6.325219801382872], [-74.65037189697719, 6.329252705187869], [-74.64033185015307, 6.326875825158984], [-74.62419697307807, 6.312672269849918], [-74.62308220064142, 6.30945096084583], [-74.62997072388687, 6.304853486457817], [-74.63340729817655, 6.284303237018707], [-74.63562885073878, 6.231614659058084], [-74.64396682455977, 6.234351150564917], [-74.6796552307112, 6.286504810124578], [-74.6906164190108, 6.293604936654356], [-74.69633172722381, 6.290095952108413], [-74.7132077323745, 6.239996045512687], [-74.73251163400651, 6.243615718776087], [-74.74120565419206, 6.239975850474151], [-74.74696146833955, 6.241280501943493], [-74.75302415597126, 6.25107702205699], [-74.75534815330683, 6.264162623988667], [-74.76453572857072, 6.263131019863567], [-74.76881034657883, 6.267360037067296], [-74.78130362596853, 6.305746097110935], [-74.79372658972937, 6.313111734178969], [-74.79025992726757, 6.315805435917888], [-74.79446162363418, 6.32578535615546], [-74.79053813910433, 6.330828817833], [-74.79262828700513, 6.339588891968302], [-74.78165382969047, 6.350280316414128], [-74.78726210004413, 6.357326101736438], [-74.78240310099423, 6.367581959352898], [-74.78344333841514, 6.373323427229658], [-74.7941924551374, 6.367388429250235], [-74.7988130422092, 6.36859800681849], [-74.80035323879814, 6.365146675694051], [-74.80655434334038, 6.368315773051468], [-74.81528994025221, 6.363832580294345], [-74.79925160781576, 6.410375857825966], [-74.81963419206791, 6.401613643392956], [-74.83047791127106, 6.40757897762181], [-74.82913339290386, 6.417701497447415], [-74.84129367759752, 6.437688491997831], [-74.82116425566042, 6.447304458979766], [-74.8093860361352, 6.462166829845227], [-74.80631426408914, 6.454729186371547], [-74.79985524514396, 6.458283569609338], [-74.79143093424103, 6.45502978706663], [-74.77998658616755, 6.428101909855194], [-74.76976708469579, 6.428055159060772], [-74.76423191025678, 6.423679381012929], [-74.76075372600314, 6.425212772850561], [-74.75692024368159, 6.412609030837979], [-74.74158815863667, 6.413873760057611], [-74.73645759348649, 6.409829580345415], [-74.73214006655051, 6.394550024673214], [-74.72024584397937, 6.393155239492482], [-74.71710979657642, 6.395864704596408]]]}}, {"type": "Feature", "properties": {"code": "05145", "name": "Caramanta", "subregion": "Suroeste", "zona": "Cartama", "circuits_count": 1, "circuits_ids": [3], "circuits_names": ["Caramanta - Cristales - San Roque"], "km_intervencion": 20.64}, "geometry": {"type": "Polygon", "coordinates": [[[-75.58015459866246, 5.605637348917353], [-75.58058239796033, 5.592610191063949], [-75.57509440932827, 5.574742339628626], [-75.57607950636041, 5.549743722854179], [-75.56909574283024, 5.539043058801655], [-75.56930394626197, 5.522803238239601], [-75.57822692455554, 5.515694597572367], [-75.58266128547905, 5.518788883404008], [-75.59643514295065, 5.518102794427846], [-75.61662486879277, 5.532308177555855], [-75.62734434111067, 5.525871734820764], [-75.64329351395855, 5.530906705246457], [-75.65221113919135, 5.530144683445187], [-75.6568939184269, 5.525304860107354], [-75.67047112300475, 5.529473676480972], [-75.6891080129619, 5.51931718354416], [-75.69277555668752, 5.526879667422306], [-75.70057066959916, 5.530734393265834], [-75.70453746999371, 5.539062999482067], [-75.71434736125552, 5.547925579052754], [-75.69780858995068, 5.549408533699604], [-75.69299011839482, 5.556584148789973], [-75.68959114219304, 5.572654402653376], [-75.68060534381333, 5.580337911544643], [-75.67646296859482, 5.597934195799621], [-75.6726254734989, 5.598143988216337], [-75.6680819825397, 5.580342772538064], [-75.65208185455396, 5.57117131614041], [-75.62637008854064, 5.582803092524689], [-75.61776133913682, 5.582632623175141], [-75.61047982181921, 5.591898903706354], [-75.58894851779581, 5.607022109946588], [-75.58015459866246, 5.605637348917353]]]}}, {"type": "Feature", "properties": {"code": "05147", "name": "Carepa", "subregion": "Urabá", "zona": "Urabá Centro", "circuits_count": 0, "circuits_ids": [], "circuits_names": [], "km_intervencion": 0}, "geometry": {"type": "Polygon", "coordinates": [[[-76.75303439598804, 7.879410896014805], [-76.74561808286877, 7.876775431268134], [-76.73162859289802, 7.863118515021013], [-76.72388023639861, 7.853343847440763], [-76.72061173779692, 7.842729522684465], [-76.71076605226432, 7.840199309692989], [-76.70214180243026, 7.811802429763023], [-76.69284397693157, 7.811678900687958], [-76.68087122363829, 7.799507219403167], [-76.67177739565915, 7.797640246458251], [-76.6560276407195, 7.788285793659788], [-76.64692620311159, 7.801491802081386], [-76.64068606587193, 7.798969575061505], [-76.62859245683359, 7.804983660955893], [-76.62463065286865, 7.802265126580802], [-76.62102576932901, 7.792247595876457], [-76.62326246299538, 7.791486169368425], [-76.61943153099092, 7.787435135276677], [-76.61154361851717, 7.789094810398942], [-76.59717762125467, 7.783693434200916], [-76.59253767279354, 7.786911655417122], [-76.58833792397446, 7.780951104192763], [-76.55451045788415, 7.769169626491056], [-76.54614832926349, 7.777259942048373], [-76.54475466855867, 7.791427106612052], [-76.53029230362573, 7.800949708501269], [-76.52956418944355, 7.813242004472492], [-76.5175234821923, 7.834883756242562], [-76.5209737000945, 7.845204667943524], [-76.51356762776948, 7.86239627350829], [-76.5169583601319, 7.86429984480181], [-76.51463124743891, 7.881629460042682], [-76.4912232990066, 7.873872414076986], [-76.48019330784109, 7.881937897019774], [-76.46441063952777, 7.870045645715458], [-76.46362460467101, 7.857582032118225], [-76.4657394203095, 7.847571213483318], [-76.47360115857082, 7.838814795836125], [-76.4812725420268, 7.821720749150079], [-76.47914054521017, 7.812926259654512], [-76.4835187533436, 7.803332275088656], [-76.48041593641963, 7.777995772515064], [-76.4834973419988, 7.758035069449517], [-76.49663120462772, 7.749715599612017], [-76.49082937248318, 7.719767592288118], [-76.5164874767347, 7.732557165347931], [-76.52481603980476, 7.73082450881313], [-76.53497570449545, 7.733896033052258], [-76.54111613233187, 7.729833252995906], [-76.55353691947475, 7.733438136502704], [-76.5639829994174, 7.730537178824641], [-76.56874192165309, 7.72515364786062], [-76.57843822633707, 7.729942311803392], [-76.59702776429897, 7.72988282558924], [-76.61195888362188, 7.735890965643906], [-76.62126753292144, 7.733491675158032], [-76.63570967138745, 7.715982413130082], [-76.64312169235626, 7.717995437742147], [-76.65030766486026, 7.71245731878574], [-76.65595650492878, 7.718015740020091], [-76.6781871959099, 7.727058582259491], [-76.6845213211828, 7.721861838409487], [-76.69366999220836, 7.72455509153778], [-76.70094186341646, 7.718823207654895], [-76.70968337483612, 7.720604188346751], [-76.7268617277586, 7.727403615530849], [-76.74133774708385, 7.743149075373535], [-76.76604559186826, 7.744571069939663], [-76.78063602422137, 7.75258545677281], [-76.78442661917462, 7.751226224932137], [-76.79586126634135, 7.755991977097214], [-76.80794272656377, 7.76572308383717], [-76.81745113513136, 7.782797560451356], [-76.8155903971912, 7.792577145386003], [-76.82135345175989, 7.801861802820839], [-76.82029221262594, 7.810024542928742], [-76.82386854231594, 7.817823228179601], [-76.82091682022616, 7.822912894660636], [-76.82295126000292, 7.823944390506155], [-76.81878244377232, 7.826135874185536], [-76.82018513613903, 7.840962294576614], [-76.81554161777296, 7.842222219597429], [-76.81199384193258, 7.848532550794647], [-76.80986660349201, 7.845420219493576], [-76.8054943440024, 7.849267805382855], [-76.80374816371882, 7.853000500136502], [-76.80812576189616, 7.858187779870765], [-76.80365978835948, 7.869216467157791], [-76.80137528455708, 7.865919415665741], [-76.79146516197083, 7.87122513868418], [-76.78852331416262, 7.877942624433357], [-76.7789896719187, 7.883930103824876], [-76.76288014080946, 7.875132961774657], [-76.75303439598804, 7.879410896014805]]]}}, {"type": "Feature", "properties": {"code": "05150", "name": "Carolina", "subregion": "Norte", "zona": "Río Porce", "circuits_count": 3, "circuits_ids": [7, 8, 10], "circuits_names": ["El Guayabo - El Salto - Partidas a Guadalupe", "Carolina del Príncipe - Angostura", "Santa Rosa - Carolina del Príncipe"], "km_intervencion": 57.9}, "geometry": {"type": "Polygon", "coordinates": [[[-75.2299393342718, 6.793571133231516], [-75.23337080972394, 6.786993832337716], [-75.25835201274762, 6.77695707490891], [-75.25308675600036, 6.771460573481815], [-75.2538516427187, 6.766017438430727], [-75.24920896607405, 6.759844992854682], [-75.25104113309663, 6.750559639798976], [-75.25838758962614, 6.746717424028724], [-75.2566799380851, 6.730690411575615], [-75.26342169098616, 6.728944608096731], [-75.25847884228932, 6.701108566730836], [-75.26419213468286, 6.69495501951743], [-75.26555328984911, 6.686217021087987], [-75.28295231122621, 6.681244283643922], [-75.28737850556547, 6.677241374858784], [-75.30170474519014, 6.684355932954434], [-75.30396234624645, 6.694294828209831], [-75.32439100598782, 6.701999146372406], [-75.32886785991924, 6.710999861225136], [-75.33548015031649, 6.712719908328615], [-75.35025105600678, 6.729000692569229], [-75.36335758649487, 6.728342729570683], [-75.36416804295094, 6.735898240182986], [-75.36066979931701, 6.739876084067468], [-75.36320205577984, 6.748966172567622], [-75.368119837887, 6.749822253056672], [-75.37331025598793, 6.758404578878919], [-75.38124813096114, 6.762667400854701], [-75.37987392237548, 6.77305605482846], [-75.37560811684028, 6.774852780231639], [-75.3734889874918, 6.790927349775624], [-75.36369813422583, 6.797058844295298], [-75.35520161314707, 6.797427063286653], [-75.33949771989764, 6.808141369230838], [-75.32709563028905, 6.79960433702986], [-75.31656619207794, 6.801523023725848], [-75.30661668375637, 6.809731060434146], [-75.30518714613574, 6.818198761324098], [-75.30079019016233, 6.821968443039556], [-75.28950247773169, 6.819557008314942], [-75.28439387639021, 6.822830657936326], [-75.28212699843196, 6.807233160483868], [-75.27173849960073, 6.80340558163424], [-75.26738386775193, 6.797897384786235], [-75.26160377573558, 6.798784707206438], [-75.26002284234515, 6.802340244960146], [-75.24793115031164, 6.801119116517821], [-75.2299393342718, 6.793571133231516]]]}}, {"type": "Feature", "properties": {"code": "05154", "name": "Caucasia", "subregion": "Bajo Cauca", "zona": "Bajo Cauca", "circuits_count": 0, "circuits_ids": [], "circuits_names": [], "km_intervencion": 0}, "geometry": {"type": "Polygon", "coordinates": [[[-74.80580070442772, 7.784073287368046], [-74.78261332204207, 7.727840281267651], [-74.79122288082796, 7.712832059771906], [-74.79012099562236, 7.696356131828579], [-74.79395060261177, 7.691995938667103], [-74.79864266234254, 7.690738155380715], [-74.80399388786248, 7.68322656809644], [-74.8062989046944, 7.684949828826464], [-74.81401867500485, 7.680809940486707], [-74.82343302906388, 7.682925053481028], [-74.8286501585698, 7.678325356210286], [-74.8315872992059, 7.679482817450229], [-74.8357991384504, 7.675999562141955], [-74.8359476380517, 7.671165792564953], [-74.84038504426402, 7.671420327685722], [-74.84237201256963, 7.66796182028935], [-74.85366729420485, 7.673381263976677], [-74.85152649030516, 7.681514126754928], [-74.85747339048666, 7.683593171335266], [-74.8576568408407, 7.686354359307786], [-74.86150370536505, 7.68453313251731], [-74.8639382862104, 7.68878865420257], [-74.87554474066678, 7.688876316016944], [-74.87733407421996, 7.694740474586914], [-74.88175160430833, 7.68933742113563], [-74.88499643859049, 7.689779144408087], [-74.8826153748782, 7.686545592577248], [-74.88703175152973, 7.685676112134587], [-74.89004721088558, 7.680512936864822], [-74.89588047957349, 7.680587564368082], [-74.89548617845257, 7.686937079687895], [-74.9020787894569, 7.681032614724416], [-74.90488670474444, 7.68409873142325], [-74.90419027863392, 7.675506292342464], [-74.90062398312564, 7.671474949631842], [-74.90307796398787, 7.668237261147439], [-74.9061343119605, 7.669620027007599], [-74.90986991744194, 7.663311914288133], [-74.91411460717806, 7.663587155168495], [-74.91519588503105, 7.657377451050917], [-74.90830681291496, 7.654916113061513], [-74.91890478629405, 7.648693039061681], [-74.92110925739118, 7.640016214959708], [-74.924454810783, 7.642454553392476], [-74.9257610483427, 7.633475792947754], [-74.9323791490432, 7.637391835463359], [-74.93636360043477, 7.628144328524057], [-74.93507580618619, 7.62439362739681], [-74.93898384957464, 7.620177510480977], [-74.94113921696169, 7.622864570387939], [-74.94156949111817, 7.620067791342685], [-74.94562024087264, 7.620257061668955], [-74.94729118635286, 7.614829563067438], [-74.9512024394218, 7.619881097700573], [-74.95623516725777, 7.615720861850371], [-74.95626805817358, 7.621275732267989], [-74.96423205076536, 7.615801163575425], [-74.96648777524102, 7.621198666319954], [-74.96914686933039, 7.618746068268631], [-74.97356222908904, 7.621537637432863], [-74.97641788713898, 7.613995025117362], [-74.97342494944562, 7.607815225975181], [-74.98105376982512, 7.60461963466279], [-74.9878641594038, 7.607208003004046], [-74.98984576386881, 7.599193174064109], [-74.98772178900768, 7.597552903424677], [-74.99197206267159, 7.597393270819952], [-74.99074727176546, 7.591850958050646], [-74.99380130028801, 7.592307402295798], [-74.9976945403389, 7.586244108625488], [-75.00307768749245, 7.588231339497753], [-75.00380137298029, 7.578150810644569], [-75.00958059632578, 7.58021176576702], [-75.01469107155295, 7.576714266646773], [-75.01646800296533, 7.578073926626899], [-75.01365242504842, 7.58141994348871], [-75.0200944245122, 7.579363843631516], [-75.02154515788196, 7.588437565529421], [-75.042618294161, 7.611919199434617], [-75.0426557089926, 7.616483620338783], [-75.03882097531786, 7.618539806046964], [-75.04142183791556, 7.625827371923003], [-75.03567964941429, 7.63354972085645], [-75.0362968405235, 7.64003918664401], [-75.03966693858385, 7.641655985544596], [-75.03477724589732, 7.649483917394923], [-75.03852987535171, 7.654284571346184], [-75.04393781780375, 7.653709795902039], [-75.04275003928396, 7.658446766129751], [-75.03636875335695, 7.662565856747465], [-75.04056823986798, 7.670707476548356], [-75.02842532320201, 7.685526153828574], [-75.02803070497579, 7.699131625316864], [-75.03101686847359, 7.69964440612548], [-75.02724827505827, 7.705485695961879], [-75.02986885837142, 7.71303223638462], [-75.04039887869082, 7.715717208320931], [-75.03496970276042, 7.719580710054508], [-75.03732189821274, 7.727439248541527], [-75.03459875963351, 7.732357689629963], [-75.02893621756196, 7.73338503312153], [-75.0339259978425, 7.748145473662811], [-75.02883909351009, 7.751983762603993], [-75.03281560738779, 7.754888685797377], [-75.03370903583676, 7.771498481279199], [-75.04286929962106, 7.768206077195805], [-75.05967564042149, 7.774969542994325], [-75.06881367180083, 7.772242430321406], [-75.0802826175434, 7.779451478143246], [-75.08805511716439, 7.779538441124457], [-75.09081309420696, 7.78393968021505], [-75.10108024771131, 7.782579869841213], [-75.10137498226109, 7.787069428646407], [-75.1100601558377, 7.785174880343734], [-75.11723527669307, 7.804423617154177], [-75.12663972323284, 7.799375103483601], [-75.13169227329387, 7.80186408834074], [-75.13519560318893, 7.797241218766132], [-75.14394997309357, 7.804854433015837], [-75.14655607017444, 7.799724255960388], [-75.14339683815231, 7.796689634830888], [-75.14679983251837, 7.793710229731709], [-75.15424586909376, 7.794289059206579], [-75.16590513909895, 7.801325705657853], [-75.16601811572065, 7.805610037785225], [-75.17390761641583, 7.81293734787035], [-75.17064548058127, 7.835965504235559], [-75.17873261962212, 7.838667542340133], [-75.18478851868521, 7.84900468003257], [-75.17661819924234, 7.852366645584689], [-75.17244095591606, 7.862448480435219], [-75.17685360186422, 7.866581310419509], [-75.17377431720745, 7.867205821976619], [-75.17463640702941, 7.871347372253095], [-75.1642735937271, 7.888174403773641], [-75.17175851477786, 7.90299001955386], [-75.16979230923346, 7.917310679977832], [-75.17841643150673, 7.928737016867587], [-75.18110888453417, 7.940556582110671], [-75.19750620801268, 7.948356488701532], [-75.20380711717964, 7.957634637409328], [-75.21056384769142, 7.955613830123352], [-75.2079408371304, 7.950209721172005], [-75.21042884348064, 7.945790293843968], [-75.21548483229256, 7.944832448019361], [-75.2208655324353, 7.947986134799483], [-75.21972672467489, 7.950693079372128], [-75.22816318619036, 7.952999829484801], [-75.22793285635487, 7.946713712705139], [-75.23185681250027, 7.944266953480301], [-75.2307783805101, 7.935592336082247], [-75.23544720082447, 7.935018559820242], [-75.2343555438367, 7.927175103952594], [-75.2414891005422, 7.924794448822182], [-75.24435113842729, 7.91904484388383], [-75.2541033560512, 7.918614553179807], [-75.25308938357257, 7.905659758688023], [-75.26451068446912, 7.903621758127364], [-75.25767157395418, 7.896902173116957], [-75.25892909767265, 7.89288944474381], [-75.25616448926665, 7.889264626231396], [-75.25919104101962, 7.884147126596355], [-75.28150175033296, 7.888895477393676], [-75.2840463676141, 7.891848158794891], [-75.28704214218712, 7.888636243437359], [-75.29336316822655, 7.890301003373985], [-75.29314868646931, 7.901852695135356], [-75.30088056427316, 7.90668423932426], [-75.3007304503993, 7.913102931092279], [-75.31563517632084, 7.905062171169511], [-75.32616992357528, 7.90403929611991], [-75.33096391693796, 7.925358597288068], [-75.32860628218658, 7.934870390356012], [-75.33734567717543, 7.938782705218628], [-75.3381500735966, 7.944473624926681], [-75.33671572549761, 7.948100171185474], [-75.32679788009486, 7.94351375731055], [-75.32117952705046, 7.948163427842664], [-75.3151525887738, 7.944828927504513], [-75.30928456965744, 7.947435992600319], [-75.30147353770063, 7.957923718870625], [-75.29179049394685, 7.960168666355024], [-75.28704037609928, 7.974361207795402], [-75.27899594027211, 7.981019122164053], [-75.27422378225903, 7.992120005690575], [-75.26834414972267, 7.992314032367993], [-75.26685873778966, 7.99932180225638], [-75.251556501965, 8.00123622062803], [-75.24333861223626, 8.008969411776127], [-75.2411610519701, 8.02192696101519], [-75.23581608501274, 8.02913104831334], [-75.24783870288911, 8.037742558559835], [-75.24705961380613, 8.042105461459842], [-75.23315008287885, 8.050422242457358], [-75.22713996375924, 8.0626205567053], [-75.22003216265126, 8.068136789053861], [-75.2090234399984, 8.056935141029387], [-75.19559912508869, 8.056215226297777], [-75.19342107793564, 8.047687069989149], [-75.18855929321003, 8.044507440388651], [-75.15913972367498, 8.055540665190719], [-75.15257952298778, 8.050528993073032], [-75.13442801703317, 8.054023124067083], [-75.13049041997019, 8.05111412278216], [-75.13100471894508, 8.043688939708007], [-75.125508154097, 8.040137065857804], [-75.10075085885283, 8.055701063475436], [-75.0929976478576, 8.07059687308819], [-75.08857705092086, 8.063612852726084], [-75.08195923408798, 8.063612852726084], [-75.08089259428256, 8.05321965574446], [-75.0580586396724, 8.048619084335925], [-75.04740590768854, 8.042404001357436], [-75.04255634184744, 8.050558416486142], [-75.02386950466219, 8.055088398503694], [-75.0134362176275, 8.070625152139575], [-75.00297713546945, 8.075173510497738], [-74.98991255181355, 8.074833490510233], [-74.9765863356278, 8.081880752871264], [-74.96835927769325, 8.090578644277185], [-74.95443507727737, 8.078604633314722], [-74.9279278387069, 8.074597631654514], [-74.91342161622516, 8.09964730756295], [-74.91127513137964, 8.027417791154916], [-74.91482228917911, 8.024555577261246], [-74.93002493777138, 8.025202254593808], [-74.93463968669215, 8.028822116292247], [-74.95049349349117, 7.986741310852509], [-74.9386186529706, 7.986860416957852], [-74.92881436539955, 7.972657877362018], [-74.92675963896872, 7.962232782727519], [-74.92366420799301, 7.959826260237406], [-74.91781547301085, 7.961657918299239], [-74.90811267081239, 7.936742420988371], [-74.89668773263726, 7.932206597031143], [-74.89433352316206, 7.920309685560703], [-74.90224658397219, 7.912279419492843], [-74.90008313084927, 7.908614275948091], [-74.89498629114979, 7.91061228707634], [-74.90042673824207, 7.906399919511655], [-74.90752159013523, 7.911140424790652], [-74.90744523333608, 7.905260923698934], [-74.90891510890624, 7.907316203583222], [-74.91146034692325, 7.9054009116288], [-74.91199484721223, 7.908557007599279], [-74.92022869371539, 7.900755852946745], [-74.92325116442201, 7.902792044491598], [-74.92622273119476, 7.900354976491962], [-74.92292664712731, 7.898140618452688], [-74.92812923201045, 7.894491183369915], [-74.93091085181301, 7.888539808915813], [-74.92907184052628, 7.886991899007318], [-74.93564237812744, 7.885476330971889], [-74.93267131171633, 7.878106424753243], [-74.94558135460063, 7.862664279319358], [-74.94468957366188, 7.859697831709139], [-74.9419587796398, 7.859314320602118], [-74.94201422815071, 7.854633620020063], [-74.93343049143766, 7.851031469756405], [-74.93424430220301, 7.844749682036199], [-74.93028930117971, 7.850301924305197], [-74.92429804488445, 7.848449081694], [-74.92765755360422, 7.84538067647409], [-74.92239406114817, 7.840239133529279], [-74.92653640672229, 7.840077844744008], [-74.923688298114, 7.836136125497681], [-74.92582437867192, 7.834672732537708], [-74.91902275036222, 7.831191274498226], [-74.92106441888208, 7.828028457807779], [-74.91849954818454, 7.826340835440477], [-74.921756777421, 7.823056069722896], [-74.91783472660232, 7.821718562524121], [-74.92188659386103, 7.811171904229921], [-74.92549787071053, 7.812269451214662], [-74.92363693873426, 7.809907172899104], [-74.82387217498211, 7.767796942306846], [-74.81406832039903, 7.771054976163596], [-74.81197708014685, 7.779190895267959], [-74.80580070442772, 7.784073287368046]]]}}, {"type": "Feature", "properties": {"code": "05138", "name": "Cañasgordas", "subregion": "Occidente", "zona": "Cuenca del Río Sucio", "circuits_count": 1, "circuits_ids": [14], "circuits_names": ["Frontino - Nutibara"], "km_intervencion": 25.0}, "geometry": {"type": "Polygon", "coordinates": [[[-75.95437462970233, 6.966110615781355], [-75.95770918591846, 6.953298362579799], [-75.9521461897568, 6.938720283909943], [-75.95834042578038, 6.930492484496213], [-75.96034718666662, 6.919639866538501], [-75.96772465842963, 6.917717449109842], [-75.9683671838265, 6.901092425700577], [-75.96756380429824, 6.865699302162018], [-75.9558087244764, 6.839907767123931], [-75.96549243028855, 6.827786219671744], [-75.98041333037679, 6.822102539572284], [-75.98616628878, 6.805553566688619], [-75.98152663766122, 6.798230796428835], [-75.98354014399693, 6.792431006475512], [-75.98083498789305, 6.777951512490364], [-75.98463414828255, 6.769645609033684], [-75.98383663654973, 6.762815047436717], [-75.97202659869713, 6.753315277881182], [-75.97067156914278, 6.741199456407609], [-75.96459519567772, 6.729923056663926], [-75.95921538756205, 6.726335983355565], [-75.96538502052665, 6.714697124255531], [-75.97180971125157, 6.710484344002788], [-75.9750255209669, 6.698340625519306], [-75.98763422398915, 6.690916700199905], [-75.99333163416846, 6.675085216768191], [-75.99996896779918, 6.667858115203544], [-75.99556031845573, 6.657699546538867], [-75.99766693427233, 6.650436984257717], [-76.01041944499514, 6.646011794186332], [-76.028804627908, 6.654836110746133], [-76.03952620857186, 6.656030714332907], [-76.04145885754885, 6.665922259618671], [-76.03594218391314, 6.671628451222274], [-76.03728004935735, 6.678297809992372], [-76.03305951891248, 6.684243400410099], [-76.04026542233768, 6.704657676746233], [-76.05154185552163, 6.721259335295553], [-76.05472464855703, 6.732280086702334], [-76.06720895467535, 6.737728746912843], [-76.07848538785929, 6.75060980009467], [-76.08631452895388, 6.752523005416736], [-76.08190455998528, 6.756720523962844], [-76.09024732811494, 6.763434839482941], [-76.08452952438206, 6.764917458824574], [-76.08845761457438, 6.769457596482447], [-76.0878841714195, 6.776936401017292], [-76.09054192791741, 6.777664366600304], [-76.08471134609051, 6.78019163955443], [-76.08626685446343, 6.78313783384113], [-76.08303565391233, 6.78491653756665], [-76.08677162231318, 6.789716982161026], [-76.0916132722, 6.788649071121731], [-76.09620768865263, 6.796835235510404], [-76.10359721131516, 6.801453687300365], [-76.10327364443803, 6.810264140094858], [-76.11234652909467, 6.815567960465899], [-76.11438810598636, 6.813522813662785], [-76.11536963401188, 6.819726069441286], [-76.12283614498921, 6.823203648720058], [-76.1270811033216, 6.831312851386744], [-76.12500145403152, 6.835329381304152], [-76.12692202426119, 6.843801314530674], [-76.12988154821925, 6.843887369111447], [-76.12655909859822, 6.851389069811574], [-76.1227727032689, 6.849428525249603], [-76.11568306250271, 6.854523168746781], [-76.10194167553536, 6.852952721941649], [-76.09366701946716, 6.860999130362503], [-76.0935052158165, 6.868207310841747], [-76.09835931725148, 6.872452268287157], [-76.10258249862474, 6.88754422943948], [-76.09553929357222, 6.898773778805356], [-76.08420354193514, 6.89887228917453], [-76.07147342621232, 6.907048117290663], [-76.0616605282893, 6.904145173897537], [-76.04314005280645, 6.919369620292582], [-76.03511294188783, 6.919776507399035], [-76.03151688249925, 6.924922739175306], [-76.01707593250437, 6.930462121247307], [-76.01240029128206, 6.935780215928613], [-75.99936798409432, 6.931366319038728], [-75.99278639452022, 6.938768819312142], [-75.9870964116117, 6.937898766091901], [-75.97509322070167, 6.969504910901136], [-75.96496186012894, 6.98063999927724], [-75.95437462970233, 6.966110615781355]]]}}, {"type": "Feature", "properties": {"code": "05172", "name": "Chigorodó", "subregion": "Urabá", "zona": "Urabá Centro", "circuits_count": 0, "circuits_ids": [], "circuits_names": [], "km_intervencion": 0}, "geometry": {"type": "Polygon", "coordinates": [[[-76.49082937248318, 7.719767592288118], [-76.48556311770763, 7.689319446345051], [-76.4904528885476, 7.662502759840383], [-76.4955619138939, 7.652982081601496], [-76.49229868570796, 7.640469143587586], [-76.50083061388362, 7.630253456978198], [-76.50377364656968, 7.618855730760874], [-76.51121954839778, 7.613402157852355], [-76.50827137734831, 7.60214201180249], [-76.51441100298914, 7.588346006982174], [-76.50910991873342, 7.579593084453754], [-76.50311476554644, 7.552606883017557], [-76.52729395717604, 7.547363444090989], [-76.53903778380231, 7.531058749643865], [-76.5520717169407, 7.53366648313444], [-76.55917768099394, 7.530369999306672], [-76.56878688233304, 7.50847261191928], [-76.57735108787519, 7.49714391951821], [-76.57434435295738, 7.493776186765419], [-76.57537156480666, 7.485740323593307], [-76.58912983381317, 7.479006119215823], [-76.60080342116736, 7.464229272342032], [-76.6102817972584, 7.462029684407015], [-76.61848314451119, 7.455281709229792], [-76.63001305981041, 7.460212801948644], [-76.63150022255991, 7.465154939905498], [-76.63424849869574, 7.46322281854149], [-76.63449120372258, 7.466163832446929], [-76.64773269620063, 7.468631231393729], [-76.64774004262303, 7.475105379004529], [-76.65166745279068, 7.478164960612249], [-76.64862028919352, 7.479088412937633], [-76.65246073884842, 7.480601750700091], [-76.64773037046237, 7.480844456349704], [-76.64619799730126, 7.48785434801956], [-76.65065710681085, 7.486036441856493], [-76.64890373102185, 7.490126612070837], [-76.65426573363027, 7.493542140023963], [-76.65301651663323, 7.497854915370738], [-76.66185026616795, 7.503351467757295], [-76.65873912096299, 7.505683340184945], [-76.66176103651078, 7.509728423920001], [-76.65870342910011, 7.515332054309492], [-76.66462828731946, 7.514517088081871], [-76.66262954030388, 7.520667995325362], [-76.66904813595957, 7.520882146885793], [-76.6676739965442, 7.524225289999436], [-76.67484212311675, 7.525557788621327], [-76.67776291261806, 7.530399992738431], [-76.68079077591135, 7.529466055130223], [-76.69516866866485, 7.538299800662263], [-76.69635839922375, 7.546961038829093], [-76.70616772724186, 7.560512071001867], [-76.70317555491314, 7.563730291536859], [-76.7078274015602, 7.564699921078144], [-76.71385933536816, 7.574027407758809], [-76.7141984080654, 7.586251888509508], [-76.71102182777854, 7.587156085136814], [-76.71345482669065, 7.593729345381304], [-76.71892758708202, 7.595412813978623], [-76.72203873228698, 7.60084393473717], [-76.72571500045066, 7.597453202061945], [-76.7362679089452, 7.600082509004762], [-76.7451016575816, 7.605793211818438], [-76.74428669248111, 7.60835113274535], [-76.7522876300856, 7.603027090670941], [-76.7540900718554, 7.606786638943133], [-76.75637435467227, 7.605406549320046], [-76.75617804852817, 7.6100227043139], [-76.75779013369602, 7.606322642484407], [-76.76548769046612, 7.605454139213266], [-76.76602306930748, 7.613930970985002], [-76.7613652740166, 7.616732785181907], [-76.76251336317051, 7.620742178018477], [-76.7696874383869, 7.617952258008104], [-76.77262012517583, 7.623900913167844], [-76.77849739334637, 7.626530214622111], [-76.78193571396095, 7.623942553306854], [-76.77887810655028, 7.619504856492816], [-76.78121592716147, 7.61910629925092], [-76.78670653438257, 7.628314810353446], [-76.7809303922585, 7.631378369016982], [-76.7872895023744, 7.634780997234794], [-76.78345262082783, 7.636999843388699], [-76.78478511973653, 7.639385253064221], [-76.78987716602563, 7.637041484033061], [-76.79749144088407, 7.641050875276305], [-76.79236074996975, 7.645618596527624], [-76.79279130080732, 7.650402099244412], [-76.78918122410705, 7.643979199074487], [-76.78792015833142, 7.651861167008622], [-76.79343270869998, 7.654728530089926], [-76.78778483971027, 7.65601912978445], [-76.78828570258345, 7.658557862501733], [-76.7941510105843, 7.658209102505558], [-76.7964934179933, 7.661055647801724], [-76.79656031104093, 7.658031203031582], [-76.80041707769465, 7.665552605702994], [-76.81105654874827, 7.668446871747125], [-76.81098206852975, 7.660959924842444], [-76.81415867396947, 7.658343434948402], [-76.8132808205109, 7.664468548348981], [-76.82038071913932, 7.665710893459591], [-76.81713063330598, 7.668852506063867], [-76.81518953387712, 7.666655139057514], [-76.81329153471728, 7.671992024695749], [-76.81939450190802, 7.673048783173046], [-76.81574114437733, 7.675339505289674], [-76.82064406206149, 7.67606431027072], [-76.82056595803911, 7.678544030920005], [-76.82312058434914, 7.677237730293165], [-76.82069313522882, 7.679401830636035], [-76.81663357479803, 7.677649964641781], [-76.81522686875864, 7.681063027619798], [-76.81881745830547, 7.684113953785905], [-76.81468851200215, 7.68439169526261], [-76.82092722900533, 7.686510058502732], [-76.81591892097207, 7.69087209741678], [-76.82181654856021, 7.694102739950839], [-76.81572035556503, 7.695381407732782], [-76.81644103888318, 7.700180014987128], [-76.81329187517878, 7.698980666711905], [-76.81620971910426, 7.702566214378752], [-76.81253988377635, 7.703532090197057], [-76.81309913893962, 7.707761612544857], [-76.80667935750775, 7.708819140089088], [-76.81198991359983, 7.711743824447377], [-76.80779102357016, 7.714492710939163], [-76.81946373596529, 7.727467691746682], [-76.81638766368394, 7.731678010037423], [-76.81970191258476, 7.741836836721603], [-76.81605799185616, 7.757756286894229], [-76.81910166100685, 7.767122159255337], [-76.80955989080624, 7.770961438289774], [-76.80794272656377, 7.76572308383717], [-76.79428889030231, 7.755172523345436], [-76.78442661917462, 7.751226224932137], [-76.78063602422137, 7.75258545677281], [-76.76604559186826, 7.744571069939663], [-76.74133774708385, 7.743149075373535], [-76.7268617277586, 7.727403615530849], [-76.70222082273423, 7.718728031831811], [-76.69381275965982, 7.724533677759515], [-76.6841501256293, 7.721990328996686], [-76.6781871959099, 7.727058582259491], [-76.65595650492878, 7.718015740020091], [-76.6500078521342, 7.712443042821863], [-76.64312169235626, 7.717995437742147], [-76.63570967138745, 7.715982413130082], [-76.62126753292144, 7.733491675158032], [-76.61195888362188, 7.735890965643906], [-76.59702776429897, 7.72988282558924], [-76.57843822633707, 7.729942311803392], [-76.56874192165309, 7.72515364786062], [-76.5639829994174, 7.730537178824641], [-76.55353691947475, 7.733438136502704], [-76.54111613233187, 7.729833252995906], [-76.53497570449545, 7.733896033052258], [-76.52481603980476, 7.73082450881313], [-76.5164874767347, 7.732557165347931], [-76.49082937248318, 7.719767592288118]]]}}, {"type": "Feature", "properties": {"code": "05190", "name": "Cisneros", "subregion": "Nordeste", "zona": "Nus", "circuits_count": 1, "circuits_ids": [3], "circuits_names": ["Caramanta - Cristales - San Roque"], "km_intervencion": 20.64}, "geometry": {"type": "Polygon", "coordinates": [[[-75.03436060547192, 6.53813698533637], [-75.03738561122428, 6.540000312661999], [-75.04251310772943, 6.534338440253342], [-75.04953446575426, 6.536865778345569], [-75.05721284528967, 6.533843483274049], [-75.06508395118279, 6.535446615869161], [-75.06944433674097, 6.511350810738048], [-75.08047110385294, 6.506692730262785], [-75.09298752025109, 6.520857652178831], [-75.09398320842045, 6.53449894912767], [-75.08969102655188, 6.537745592978605], [-75.09929897114792, 6.539492930066157], [-75.12161747424469, 6.533871937338478], [-75.12907270867025, 6.546167142061023], [-75.13650529297425, 6.547671500061244], [-75.12958249900073, 6.551742412852163], [-75.1211840838325, 6.567088263771425], [-75.09402659615036, 6.569656741448791], [-75.09145651522417, 6.573618921034527], [-75.09286748287127, 6.582920859618894], [-75.0875894835217, 6.585220117409793], [-75.07590469507421, 6.579969351310718], [-75.06848571934847, 6.582197721180791], [-75.0609863929138, 6.577001761312651], [-75.05737600270147, 6.579422974992673], [-75.0549650376666, 6.573896272869487], [-75.05738890161064, 6.569917557239855], [-75.0328842844896, 6.545272529203381], [-75.03436060547192, 6.53813698533637]]]}}, {"type": "Feature", "properties": {"code": "05101", "name": "Ciudad Bolívar", "subregion": "Suroeste", "zona": "San Juan", "circuits_count": 0, "circuits_ids": [], "circuits_names": [], "km_intervencion": 0}, "geometry": {"type": "Polygon", "coordinates": [[[-75.9142595342399, 5.863049193592801], [-75.91528312857355, 5.847176993900179], [-75.91162053636175, 5.843277563137199], [-75.91077573012585, 5.828573629288252], [-75.92023460289374, 5.813830220028776], [-75.9396863007462, 5.810595847729973], [-75.95080941217238, 5.8051738623647], [-75.95422670232786, 5.798872173419561], [-75.97299867195427, 5.78786177613381], [-75.97933265798832, 5.779143545406974], [-76.00067677646268, 5.768319216374405], [-76.01924081394861, 5.753594001592949], [-76.03982093593511, 5.758221863566935], [-76.04928992552972, 5.768735852674671], [-76.05959064907624, 5.763318909812671], [-76.0663494403233, 5.76540955619681], [-76.07248762057486, 5.761441444032325], [-76.08091987258489, 5.766649598909423], [-76.07094438229038, 5.780652077314444], [-76.08588001834254, 5.793031374829474], [-76.08147788717477, 5.799479565521175], [-76.08141588635218, 5.815699240673959], [-76.09927240892371, 5.831112899892184], [-76.09902440114175, 5.84919883447027], [-76.08317473198294, 5.873498600128064], [-76.08157088975614, 5.882772820667384], [-76.07419267778134, 5.887584160650878], [-76.06049026871416, 5.88634412585735], [-76.05639814704926, 5.895210389848868], [-76.05624486930896, 5.911544471796433], [-76.06104828510065, 5.92412804204257], [-76.05386437692518, 5.931563322421408], [-76.0457328314649, 5.927842961949276], [-76.03859836476603, 5.928424456419319], [-76.0305692946218, 5.917901680206136], [-76.02236130432749, 5.917767485709826], [-76.0193755639362, 5.908027489220048], [-76.01320279764786, 5.903375546641014], [-76.00689584012412, 5.910454099557326], [-75.99909042173952, 5.91008507729252], [-75.99565781620679, 5.913436084295475], [-75.97089974212325, 5.900935129351804], [-75.94984300369141, 5.915315888555094], [-75.94273090324648, 5.915125784222222], [-75.94113214817915, 5.887313038681112], [-75.93621951521521, 5.870883080493015], [-75.92482668193001, 5.862250066091432], [-75.9142595342399, 5.863049193592801]]]}}, {"type": "Feature", "properties": {"code": "05197", "name": "Cocorná", "subregion": "Oriente", "zona": "Bosques", "circuits_count": 0, "circuits_ids": [], "circuits_names": [], "km_intervencion": 0}, "geometry": {"type": "Polygon", "coordinates": [[[-75.16705497547609, 6.101397102299395], [-75.15614028756886, 6.081956406435417], [-75.15821147742392, 6.073001749973677], [-75.15607876644663, 6.064805847317057], [-75.1451212720195, 6.062960228338791], [-75.13696638203993, 6.051066256811824], [-75.12017127107887, 6.042644774883749], [-75.11975429827682, 6.039869517147771], [-75.10816109307257, 6.041523734184667], [-75.10736816095105, 6.035754472365667], [-75.09427111936732, 6.028160103055756], [-75.09013306504531, 6.018664064396157], [-75.08445571514463, 6.020245363880422], [-75.07789900980221, 6.015016596049871], [-75.07827249156811, 6.009383223100898], [-75.0692332793616, 5.999585576203851], [-75.10386417169258, 5.989207248434752], [-75.10092656393252, 5.986762532107209], [-75.10167945185358, 5.979501281075732], [-75.1171070969835, 5.975439666585618], [-75.11943432825407, 5.966635956038373], [-75.11072869195361, 5.946985901102415], [-75.11123444166194, 5.938711838432861], [-75.08688428715904, 5.927929257308836], [-75.08185376468712, 5.912358916896922], [-75.06645200451212, 5.916863459736843], [-75.06204186935517, 5.915447359267948], [-75.05537710476892, 5.919416127418032], [-75.06468829540242, 5.910587237877071], [-75.0664559409297, 5.900585088806469], [-75.07380590178714, 5.892677691771881], [-75.09141061041483, 5.890486534081925], [-75.1016051018908, 5.893369221351522], [-75.10973788433122, 5.883872332375328], [-75.13450711459227, 5.882505376133486], [-75.14366571559496, 5.871761106951974], [-75.14478661993176, 5.865363758173996], [-75.1629671261987, 5.861126193646133], [-75.16583773221498, 5.86178233314968], [-75.16299446552605, 5.870503508849965], [-75.16581869691409, 5.873400996729544], [-75.15697216075962, 5.892051364210768], [-75.15616782093234, 5.907223492223971], [-75.14963727363266, 5.915072828132318], [-75.14029270968805, 5.915871502574655], [-75.13619673065732, 5.940350415811077], [-75.14599518726385, 5.939723623131378], [-75.1560321034592, 5.946619220067031], [-75.1579908017828, 5.961764920633978], [-75.1780610148612, 5.960494416613791], [-75.18327995626902, 5.968181630018326], [-75.17295432154138, 5.97383786235917], [-75.16423216791776, 5.985113339278171], [-75.18371276187797, 5.990520528385571], [-75.19135941201924, 6.000187208544354], [-75.19475866041054, 5.999216521793669], [-75.20877702762441, 6.007865358739712], [-75.21497844567871, 6.015609111486028], [-75.21318094464294, 6.019313146254048], [-75.22194012502592, 6.025749790410339], [-75.22349704824543, 6.033223835625133], [-75.22047205147622, 6.041886233220342], [-75.22758402346207, 6.051889398631426], [-75.2425051292645, 6.056221332279936], [-75.2462772602454, 6.050356480320352], [-75.25110621514064, 6.049524624580787], [-75.25519748610094, 6.054118147712602], [-75.26856997810026, 6.055426098485952], [-75.26321290454783, 6.067771252425702], [-75.26959460280153, 6.070763805791119], [-75.26665876202763, 6.076129623257887], [-75.26130757872852, 6.074883133281183], [-75.2651811070471, 6.080609659607555], [-75.26869366084352, 6.079928264326352], [-75.2554233764623, 6.096496913563976], [-75.23926912721822, 6.10321304596326], [-75.23520955780427, 6.1113865745912], [-75.2292147154344, 6.112969667256441], [-75.22894432702545, 6.124171993811777], [-75.21862632977434, 6.117245652543862], [-75.22060065249566, 6.11334410589546], [-75.21058927630217, 6.10462737616016], [-75.19293811219787, 6.10677911595118], [-75.18322833008965, 6.090718881449535], [-75.18085445200131, 6.095354911647069], [-75.18354681789218, 6.099114755980812], [-75.17543242666055, 6.09836341377024], [-75.17138103550896, 6.104317900807459], [-75.16705497547609, 6.101397102299395]]]}}, {"type": "Feature", "properties": {"code": "05206", "name": "Concepción", "subregion": "Oriente", "zona": "Embalses", "circuits_count": 1, "circuits_ids": [16], "circuits_names": ["San Vicente - El Peñol"], "km_intervencion": 18.15}, "geometry": {"type": "Polygon", "coordinates": [[[-75.14483992326576, 6.411710247014246], [-75.14739018735679, 6.403620288430983], [-75.13649644456872, 6.383346910176636], [-75.15298898767071, 6.378647226504843], [-75.15868435867431, 6.371756692857434], [-75.15471917255233, 6.36238953162365], [-75.15710087317017, 6.358320794317113], [-75.15271716285562, 6.355762189795899], [-75.15920211975632, 6.340630622225478], [-75.15536593170911, 6.33000631863284], [-75.16005284768657, 6.32855358698745], [-75.15750791599508, 6.326008655965112], [-75.16130145293089, 6.321773291266243], [-75.1723988455905, 6.326343591659579], [-75.17356253488764, 6.322748247204715], [-75.16839912463573, 6.321246653385129], [-75.17269917484784, 6.314474389624862], [-75.16889773722913, 6.311243671146599], [-75.16877101368861, 6.306151467345236], [-75.17502952686574, 6.289202848450071], [-75.18245241295793, 6.284734016750919], [-75.20040876530699, 6.287817631523198], [-75.20494902861934, 6.299917009665488], [-75.21753497731544, 6.310914765060839], [-75.22261799194268, 6.323641435933765], [-75.23626338044721, 6.325263601768504], [-75.24178989422856, 6.322245945890494], [-75.24649908932336, 6.332391017985914], [-75.26091875014433, 6.334936507719201], [-75.25861628722274, 6.350914666279542], [-75.2695224025072, 6.349583159640325], [-75.27153362532545, 6.343933456192825], [-75.28608344304793, 6.348299537043894], [-75.29115728138454, 6.35435655789093], [-75.29490376187084, 6.352583628144711], [-75.30246606110524, 6.364988379941501], [-75.30201859049927, 6.370292682821186], [-75.30601993111651, 6.371616599079369], [-75.30282189995894, 6.389878414126274], [-75.31033654716079, 6.397340309400628], [-75.30257080556568, 6.403835312905403], [-75.28732247404795, 6.400015785334096], [-75.28846223851413, 6.407018089820258], [-75.27552289078864, 6.417084219927358], [-75.27561380838021, 6.422792753558853], [-75.26612264117787, 6.423505631526238], [-75.26549985895433, 6.426962808368591], [-75.25610082476413, 6.433498659058034], [-75.25345734069946, 6.432019831999024], [-75.24400027713855, 6.436409245842645], [-75.24127631031263, 6.439684187581919], [-75.24194841004528, 6.447665911324412], [-75.2157925951089, 6.452666701351511], [-75.19710326689535, 6.449085404263432], [-75.19397997197619, 6.441708941587737], [-75.1877737353587, 6.437935970459282], [-75.18268526526273, 6.438960924914069], [-75.17312773232382, 6.418735877473977], [-75.15877049543197, 6.419015800819601], [-75.14483992326576, 6.411710247014246]]]}}, {"type": "Feature", "properties": {"code": "05209", "name": "Concordia", "subregion": "Suroeste", "zona": "Penderisco", "circuits_count": 1, "circuits_ids": [21], "circuits_names": ["Salgar - La Quiebra - Concordia"], "km_intervencion": 15.93}, "geometry": {"type": "Polygon", "coordinates": [[[-75.84187814493798, 6.166232676602148], [-75.84319132108492, 6.146572207234626], [-75.84641575911857, 6.144107593085108], [-75.84458777375366, 6.132324800079695], [-75.85496103715768, 6.116049131828756], [-75.8546254660934, 6.090852493827125], [-75.86095445749446, 6.073170612650113], [-75.85974759875802, 6.066364490507972], [-75.86583802456906, 6.05407137336074], [-75.86359270707598, 6.043785006288847], [-75.8497325430651, 6.031707064323323], [-75.84463847646494, 6.015667070557914], [-75.83196691293236, 5.995979594655896], [-75.83455345818105, 5.979464247600576], [-75.84881024096627, 5.956535190876044], [-75.85780940268414, 5.956220501622796], [-75.8667586522082, 5.94987506795532], [-75.87139442889315, 5.950139003390073], [-75.88740647123451, 5.956967468823211], [-75.89621106504838, 5.956960701723126], [-75.91037556480276, 5.971686907659437], [-75.92569731742529, 5.967227089107172], [-75.9393677841976, 5.973703640408498], [-75.94347569195696, 5.978833451461129], [-75.9463451373499, 5.992287356754957], [-75.93944332083488, 5.998681138194546], [-75.9422653917747, 6.018598063583947], [-75.93838068931225, 6.030608851837596], [-75.94021670381919, 6.040708537030689], [-75.94813635107697, 6.045418314829624], [-75.96128571683107, 6.044545299773338], [-75.97000233234094, 6.051130133845358], [-75.97689847419831, 6.047698982409058], [-75.99744478090255, 6.068096401807666], [-75.9982213690758, 6.074643172124047], [-75.99645217395467, 6.078337255414347], [-75.98906730007369, 6.081087404977335], [-75.97456715738981, 6.082747604644471], [-75.96900921155668, 6.091622992324052], [-75.96596684855639, 6.091600164607517], [-75.96690033827377, 6.103798819905453], [-75.95627220934892, 6.110566399079128], [-75.95334543796614, 6.119033129834196], [-75.94544511526675, 6.120378269746152], [-75.9361709082735, 6.115368789106359], [-75.92870437393995, 6.124795211342556], [-75.92023764279267, 6.122762151769625], [-75.91866188998648, 6.135579840403831], [-75.90777734594694, 6.144036507749398], [-75.90448815824591, 6.15774622266627], [-75.89483128241636, 6.169542647421618], [-75.86610188492084, 6.164070628149737], [-75.84774162127395, 6.169255194635396], [-75.84187814493798, 6.166232676602148]]]}}, {"type": "Feature", "properties": {"code": "05212", "name": "Copacabana", "subregion": "Valle de Aburrá", "zona": "Norte", "circuits_count": 0, "circuits_ids": [], "circuits_names": [], "km_intervencion": 0}, "geometry": {"type": "Polygon", "coordinates": [[[-75.48833492694853, 6.430380416713222], [-75.49117849906466, 6.421596663160303], [-75.48888505433021, 6.394389740080957], [-75.48103612424822, 6.380604689835579], [-75.47351761159572, 6.37609199612363], [-75.48074300936089, 6.37678466742542], [-75.48710521327465, 6.372957320883725], [-75.48311722970736, 6.368878955732669], [-75.47911959464071, 6.354667289333542], [-75.46393685541007, 6.342578510245226], [-75.4608652468574, 6.336708682139135], [-75.45123429640694, 6.335086368327635], [-75.45058238451368, 6.331072924808751], [-75.46438626278378, 6.324131812790681], [-75.46685462657203, 6.319182549184932], [-75.47581985892162, 6.317258454273071], [-75.4788168417287, 6.320860223479811], [-75.48442675060943, 6.320149414485125], [-75.48345390749608, 6.311001493236115], [-75.49103031477202, 6.305696877075034], [-75.48714481011405, 6.298761463474481], [-75.49205861448112, 6.293298971428039], [-75.4940627091676, 6.297635742741769], [-75.5040315923532, 6.295922936333715], [-75.51409102032956, 6.302152696309536], [-75.51934948850821, 6.29752348090437], [-75.52238652899044, 6.288510631988989], [-75.53601890629639, 6.332059603982525], [-75.5349407599705, 6.336638536289999], [-75.52293737232941, 6.339129807159153], [-75.5153493884644, 6.361246596510768], [-75.53342595785634, 6.383118237707275], [-75.53267163352912, 6.388298217012261], [-75.5239728298147, 6.39359726775066], [-75.52400263232255, 6.40218397132528], [-75.51846662424698, 6.403756852599381], [-75.51742846373102, 6.410169746137869], [-75.51211801543676, 6.408714486483136], [-75.50963431560997, 6.41526160598716], [-75.50668251446842, 6.413461309111325], [-75.50311065120202, 6.417622740224994], [-75.49841028744477, 6.416216108740515], [-75.4954420327605, 6.420214278063011], [-75.49728836441845, 6.421906347729908], [-75.49356267633773, 6.422157394766848], [-75.49219977035497, 6.428288403276859], [-75.48833492694853, 6.430380416713222]]]}}, {"type": "Feature", "properties": {"code": "05120", "name": "Cáceres", "subregion": "Bajo Cauca", "zona": "Bajo Cauca", "circuits_count": 1, "circuits_ids": [1], "circuits_names": ["Cáceres - La Chilona"], "km_intervencion": 25.0}, "geometry": {"type": "Polygon", "coordinates": [[[-75.02015290663383, 7.580806641422632], [-75.0315748911483, 7.573382532133177], [-75.04199064576358, 7.57416171583824], [-75.04857110076547, 7.567762158755605], [-75.04521492389709, 7.562370134834815], [-75.04930013931408, 7.561839066776582], [-75.04962220959796, 7.559009168082095], [-75.05346801321194, 7.557718054786117], [-75.05589219785452, 7.562243712932141], [-75.0569575009668, 7.55910756840718], [-75.062857465073, 7.559903512307823], [-75.06152465175394, 7.554938047920694], [-75.06611010302004, 7.554917557118655], [-75.06278392000068, 7.536077136055701], [-75.07089993808127, 7.535075795439523], [-75.07132731966253, 7.527702745004113], [-75.06900062109291, 7.526438913705969], [-75.07892172288857, 7.52185273809665], [-75.08190301572087, 7.514333640404907], [-75.09264736867719, 7.516089378676084], [-75.09584384485099, 7.512395679137887], [-75.10069984981604, 7.516936841560756], [-75.10057239684353, 7.521252042357883], [-75.10601964597915, 7.523837431367672], [-75.11217419173855, 7.536891227321527], [-75.12467372879252, 7.544895504279122], [-75.12902228443673, 7.54016021573169], [-75.0610055423007, 7.477227873637278], [-75.05268310035096, 7.475486471817487], [-75.04228915233922, 7.482118806200512], [-75.03632492365593, 7.490606699909167], [-75.03014399258, 7.489159953531199], [-75.01152324714513, 7.424622521809728], [-75.006660891091, 7.424979628776349], [-75.0019235356087, 7.418640283390955], [-74.99549512855347, 7.417274834922453], [-74.99544138953654, 7.385107038186789], [-74.99864757290528, 7.383428682197382], [-75.01022294924611, 7.388794899752167], [-75.0243572503356, 7.400279962242169], [-75.03028793592618, 7.409740462294308], [-75.02691617508425, 7.420871787705118], [-75.0465371137396, 7.424491912432612], [-75.06189066762151, 7.418147282047791], [-75.06238740004102, 7.414045476527732], [-75.08160944718435, 7.397894139866891], [-75.10109491270833, 7.391286088603644], [-75.11242192194108, 7.390789356962567], [-75.11787845516515, 7.378641986281304], [-75.14145820280228, 7.375669118978976], [-75.15368836115368, 7.377791520971583], [-75.16235860293366, 7.368315971944473], [-75.16552313411765, 7.35606153377499], [-75.17559033341952, 7.351734161933951], [-75.17562326745445, 7.358652924688036], [-75.18132704309586, 7.357141532844503], [-75.18606950819553, 7.361707755906488], [-75.18298263277461, 7.371486419650823], [-75.19190768887144, 7.379459065315911], [-75.19108523361811, 7.384743898951021], [-75.19424687851507, 7.389044877430561], [-75.19902257319544, 7.393250904995487], [-75.20275388113657, 7.391010221377006], [-75.21540748465165, 7.397085365472944], [-75.20906002837994, 7.40761177323676], [-75.20991260144979, 7.425602716675543], [-75.20611237386173, 7.427531070159024], [-75.2148393092176, 7.438365975689885], [-75.21607032724529, 7.446110475776258], [-75.22525892838523, 7.444829802728298], [-75.2271858173646, 7.450483841086106], [-75.23720883931745, 7.450019989071551], [-75.23978644453246, 7.454534055824507], [-75.24288607962367, 7.452940511469974], [-75.25039710661493, 7.456963239093587], [-75.25304271609356, 7.462362536359358], [-75.2499396045222, 7.467935634349415], [-75.25981269585748, 7.478789032765429], [-75.25885559841441, 7.484361573805523], [-75.25423529610856, 7.484235258315024], [-75.25848150489581, 7.491678266354544], [-75.25306929005629, 7.494637010888209], [-75.2578450592968, 7.498781193819214], [-75.25730578086882, 7.503187727539547], [-75.26335444130734, 7.504348875549071], [-75.25775275021485, 7.510616159165044], [-75.25830660380832, 7.517111790080556], [-75.26625002498011, 7.521158806845163], [-75.26398116982995, 7.523602560992554], [-75.27504851833487, 7.530137056987888], [-75.27414431189911, 7.534055206611932], [-75.33223517769375, 7.536109490846926], [-75.33574830102205, 7.548332104964266], [-75.34757892915927, 7.556989058301504], [-75.3560508759251, 7.568510903232004], [-75.35819246585066, 7.578833561419251], [-75.35604546267719, 7.584181138787982], [-75.36590716337469, 7.583638758515041], [-75.36600541301561, 7.617971980965677], [-75.37371895081465, 7.621099549201134], [-75.37208209639947, 7.62522071048176], [-75.37566344228202, 7.626921411402008], [-75.3758607931668, 7.631065788833432], [-75.38401023935572, 7.630665281783958], [-75.37938467112566, 7.638551806488083], [-75.38355516810415, 7.644065065413995], [-75.39552007371508, 7.643546532818841], [-75.40152574347907, 7.648855668950756], [-75.41062712179819, 7.645587120718517], [-75.41041816108668, 7.648543519118359], [-75.41455866870773, 7.64910848483571], [-75.41883074358529, 7.646864097586535], [-75.42247256584939, 7.635189221552169], [-75.43465030211408, 7.63867189160843], [-75.4391361733343, 7.633984154794473], [-75.4388522805517, 7.669743465960375], [-75.44838942802188, 7.684447933122245], [-75.4478435218237, 7.692950467661315], [-75.45050002786675, 7.695653052699228], [-75.4420004031087, 7.713776424848424], [-75.44591664182748, 7.720082467109263], [-75.4444876485859, 7.72977810804103], [-75.44948211807221, 7.735767903800867], [-75.44807759134572, 7.742925064812518], [-75.45534574981674, 7.747259793378261], [-75.45571991789554, 7.744018835557092], [-75.46627688497853, 7.740226142189988], [-75.48113677778086, 7.742090748998057], [-75.48522642189221, 7.736134191818882], [-75.47904217782951, 7.750132383004154], [-75.4772883969003, 7.773308402993353], [-75.46127810717209, 7.785718281340914], [-75.45434692113717, 7.797536648513828], [-75.45565177079975, 7.809047414777616], [-75.46624453305186, 7.818772464792925], [-75.46683141590171, 7.825932270891482], [-75.45865801074584, 7.833844360853434], [-75.44650022696193, 7.829370772694244], [-75.43295941493288, 7.819234508893422], [-75.42243627121695, 7.819389262742192], [-75.41775844978345, 7.826287104839479], [-75.41614583730453, 7.839057196043298], [-75.40537832937346, 7.841833867243738], [-75.40740998437286, 7.85328422836365], [-75.40434810277809, 7.857527888197918], [-75.35155892041546, 7.870953954514602], [-75.34346465953105, 7.881319715675489], [-75.34435185277364, 7.891934773522827], [-75.3356236139623, 7.906841551581406], [-75.33555151517761, 7.920558426427377], [-75.33096391693796, 7.925358597288068], [-75.32616992357528, 7.90403929611991], [-75.31563517632084, 7.905062171169511], [-75.3007304503993, 7.913102931092279], [-75.30088056427316, 7.90668423932426], [-75.29314868646931, 7.901852695135356], [-75.29336316822655, 7.890301003373985], [-75.28704214218712, 7.888636243437359], [-75.2840463676141, 7.891848158794891], [-75.28150175033296, 7.888895477393676], [-75.25919104101962, 7.884147126596355], [-75.25616448926665, 7.889264626231396], [-75.25892909767265, 7.89288944474381], [-75.25767157395418, 7.896902173116957], [-75.26470180374076, 7.90270744740102], [-75.25289514355363, 7.90593482177091], [-75.25561939604381, 7.913135930566602], [-75.25196631968583, 7.916627623576887], [-75.25427494774519, 7.918408031561968], [-75.24435113842729, 7.91904484388383], [-75.2414891005422, 7.924794448822182], [-75.2343555438367, 7.927175103952594], [-75.23544720082447, 7.935018559820242], [-75.2307783805101, 7.935592336082247], [-75.23185681250027, 7.944266953480301], [-75.22793285635487, 7.946713712705139], [-75.22816318619036, 7.952999829484801], [-75.21972672467489, 7.950693079372128], [-75.2208655324353, 7.947986134799483], [-75.21548483229256, 7.944832448019361], [-75.21042884348064, 7.945790293843968], [-75.2079408371304, 7.950209721172005], [-75.21056384769142, 7.955613830123352], [-75.20380711717964, 7.957634637409328], [-75.19750620801268, 7.948356488701532], [-75.18110888453417, 7.940556582110671], [-75.17841643150673, 7.928737016867587], [-75.16979230923346, 7.917310679977832], [-75.17175851477786, 7.90299001955386], [-75.16453610570764, 7.885569135738632], [-75.17463640702941, 7.871347372253095], [-75.17377431720745, 7.867205821976619], [-75.17685360186422, 7.866581310419509], [-75.17244095591606, 7.862448480435219], [-75.17661819924234, 7.852366645584689], [-75.18479719102098, 7.849237545264115], [-75.17873261962212, 7.838667542340133], [-75.17064548058127, 7.835965504235559], [-75.17390761641583, 7.81293734787035], [-75.16601811572065, 7.805610037785225], [-75.16590513909895, 7.801325705657853], [-75.15424586909376, 7.794289059206579], [-75.14679983251837, 7.793710229731709], [-75.14339683815231, 7.796689634830888], [-75.14655607017444, 7.799724255960388], [-75.14394997309357, 7.804854433015837], [-75.13519560318893, 7.797241218766132], [-75.13169227329387, 7.80186408834074], [-75.12663972323284, 7.799375103483601], [-75.11723527669307, 7.804423617154177], [-75.1100601558377, 7.785174880343734], [-75.10137498226109, 7.787069428646407], [-75.10108024771131, 7.782579869841213], [-75.09081309420696, 7.78393968021505], [-75.08805511716439, 7.779538441124457], [-75.0802826175434, 7.779451478143246], [-75.06881367180083, 7.772242430321406], [-75.05967564042149, 7.774969542994325], [-75.04286929962106, 7.768206077195805], [-75.03370903583676, 7.771498481279199], [-75.03281560738779, 7.754888685797377], [-75.02883909351009, 7.751983762603993], [-75.0339259978425, 7.748145473662811], [-75.02893621756196, 7.73338503312153], [-75.03459875963351, 7.732357689629963], [-75.03732189821274, 7.727439248541527], [-75.03496970276042, 7.719580710054508], [-75.04039887869082, 7.715717208320931], [-75.02986885837142, 7.71303223638462], [-75.02724827505827, 7.705485695961879], [-75.03101686847359, 7.69964440612548], [-75.02803070497579, 7.699131625316864], [-75.02842532320201, 7.685526153828574], [-75.04056823986798, 7.670707476548356], [-75.03636875335695, 7.662565856747465], [-75.04275003928396, 7.658446766129751], [-75.04393781780375, 7.653709795902039], [-75.03852987535171, 7.654284571346184], [-75.03477724589732, 7.649483917394923], [-75.03966693858385, 7.641655985544596], [-75.0362968405235, 7.64003918664401], [-75.03567964941429, 7.63354972085645], [-75.04142183791556, 7.625827371923003], [-75.03882097531786, 7.618539806046964], [-75.0426557089926, 7.616483620338783], [-75.042618294161, 7.611919199434617], [-75.02154515788196, 7.588437565529421], [-75.02015290663383, 7.580806641422632]]]}}, {"type": "Feature", "properties": {"code": "05234", "name": "Dabeiba", "subregion": "Occidente", "zona": "Cuenca del Río Sucio", "circuits_count": 0, "circuits_ids": [], "circuits_names": [], "km_intervencion": 0}, "geometry": {"type": "Polygon", "coordinates": [[[-76.21802559316662, 7.150103663184841], [-76.20269477564455, 7.138376800198057], [-76.19127336156028, 7.14018518658703], [-76.17628275849421, 7.130096272962551], [-76.15748501620227, 7.127269473555173], [-76.14056704804972, 7.13664454894961], [-76.13464218983037, 7.149303281562465], [-76.11361613245874, 7.136215896659443], [-76.10167123861739, 7.138143260467642], [-76.09212959867247, 7.158796982749555], [-76.07506886396673, 7.162604121896462], [-76.05610456054642, 7.172002991394184], [-76.04280337322112, 7.167600987955201], [-76.02952597957272, 7.157012386170894], [-76.01317908302269, 7.157976068013808], [-76.00078888261689, 7.14382603533843], [-75.99167282672435, 7.145832089148782], [-75.98453390168672, 7.131896513793944], [-75.97782305711965, 7.134039734407978], [-75.9728432382573, 7.129842854153673], [-75.96666584744192, 7.131335257457627], [-75.97007816901555, 7.124907516229843], [-75.96787128773852, 7.113218887352994], [-75.97016017621783, 7.103563096610933], [-75.96364529374009, 7.084809231824368], [-75.96842801055102, 7.074672727715027], [-75.96974726380085, 7.052417154669575], [-75.9731015101897, 7.043816197551082], [-75.9718284977191, 7.01891751478383], [-75.97603014288174, 7.004749666236196], [-75.98429458600346, 7.000764850196172], [-75.99994615508254, 7.000335075004901], [-76.00728957261147, 6.990926462344958], [-76.01642670208224, 6.967417387527319], [-76.02951690928329, 6.961868486766803], [-76.03270538775611, 6.954577816031499], [-76.04934761893055, 6.944169278951167], [-76.05644317150961, 6.942941479943361], [-76.06463803651933, 6.946867591064817], [-76.07317023149463, 6.939930015814363], [-76.10111048326756, 6.95710541912203], [-76.12166902592432, 6.960170167034167], [-76.126332769859, 6.96774636883954], [-76.15530553443973, 6.97759162504192], [-76.17090726229192, 6.959313972941557], [-76.20275974989073, 6.958456877563377], [-76.2343023636323, 6.963019778372967], [-76.24052829760902, 6.949286684387164], [-76.2393730030682, 6.939822498582222], [-76.22475078742202, 6.920375222980256], [-76.24391676801355, 6.90856795607638], [-76.26691538112033, 6.913540860784683], [-76.27578249498302, 6.904258211480339], [-76.28796975698299, 6.901263237930389], [-76.29466199564389, 6.879503498181853], [-76.29901486859137, 6.87421554175546], [-76.29500237359326, 6.85390435412277], [-76.29994798820285, 6.846456858647939], [-76.29613412329049, 6.844991772760686], [-76.28699490972824, 6.848696141284306], [-76.28840827048724, 6.843961214263094], [-76.28070439047586, 6.835747049800406], [-76.2852946055079, 6.832971648620006], [-76.28632257643362, 6.82705207750759], [-76.27502834942054, 6.808941538824365], [-76.27578460602395, 6.804324361436864], [-76.29119267955875, 6.793876324759138], [-76.29938502209913, 6.779669856275266], [-76.31129996790554, 6.778877861651273], [-76.31601167468989, 6.775216489092347], [-76.3297359595309, 6.784584000693549], [-76.32875107989102, 6.793671059527725], [-76.3328327379795, 6.798979040603323], [-76.3487606647726, 6.80657394649185], [-76.36460881488026, 6.806260371239399], [-76.3686843482551, 6.813559552161433], [-76.3748050760373, 6.818643076064254], [-76.37731452966499, 6.817256255984319], [-76.38317394561587, 6.826960551375238], [-76.39595978114077, 6.831386780540024], [-76.40684718451787, 6.849359202897974], [-76.42605245562328, 6.856452122990159], [-76.4369316609751, 6.844536640402695], [-76.4394044831021, 6.81208409445089], [-76.43395214321379, 6.790795205178922], [-76.4345433981641, 6.766118151883687], [-76.42704401244065, 6.756453620940027], [-76.42863848523902, 6.745008880505574], [-76.44203787100132, 6.7382379110647], [-76.45502461114624, 6.746973976100203], [-76.4664767449183, 6.750783679504419], [-76.47150919876808, 6.748427132840823], [-76.4964960692629, 6.752360586345907], [-76.5211818262711, 6.764578035719199], [-76.53316032968051, 6.755466667335802], [-76.53486714129676, 6.748031297419795], [-76.54330513354148, 6.737941718780583], [-76.54197241724046, 6.726989065547961], [-76.55488577939974, 6.72320949365681], [-76.56203922480562, 6.716729837248182], [-76.56410508765104, 6.700871687077153], [-76.57752932979723, 6.694807444197885], [-76.58376620255915, 6.698350311954498], [-76.58677534226698, 6.712318416063212], [-76.59155336987212, 6.715683365897015], [-76.60235984312693, 6.715764695326983], [-76.61872949579977, 6.747774928787445], [-76.59794252414268, 6.755008492035474], [-76.58562643474782, 6.767457830602825], [-76.57603244817467, 6.7863602683195], [-76.58025837030789, 6.793346364105725], [-76.57808195629202, 6.796033571266866], [-76.58031859875442, 6.804203904677849], [-76.57663074142526, 6.806123403437256], [-76.57734110669406, 6.813317751278295], [-76.57066064225158, 6.82353492974037], [-76.57256502843309, 6.846372444752386], [-76.57010141763101, 6.8541562458956], [-76.56134939232926, 6.861837206494711], [-76.5642880268637, 6.870783978939846], [-76.56008827804462, 6.876042588743159], [-76.56019535453153, 6.884858491348619], [-76.54123852958595, 6.889774821326227], [-76.52503605608247, 6.903939997131708], [-76.52402716357675, 6.911059345221336], [-76.51258671598826, 6.925507433312352], [-76.52457281285675, 6.9631662464335], [-76.53069446231044, 6.961983417831456], [-76.53634803919545, 6.955186173062423], [-76.54401942085481, 6.962495879975007], [-76.54278210114539, 6.988384414345082], [-76.54796826752008, 6.996664490022433], [-76.54573056863892, 7.009897028906055], [-76.54950200881538, 7.016342764323189], [-76.53530818625347, 7.038684696476643], [-76.536202716037, 7.049807250846493], [-76.53061055517134, 7.060098948693466], [-76.5387802502851, 7.068480033412835], [-76.53006342097618, 7.079621657660734], [-76.53115768846816, 7.093573557777365], [-76.52855880485903, 7.09757758036162], [-76.52288384807025, 7.098687325838115], [-76.5246258655608, 7.106542277804981], [-76.51408498820285, 7.111150049011664], [-76.5099853754868, 7.120729545998753], [-76.50826462471231, 7.138619408423587], [-76.49822404249228, 7.137207546722813], [-76.49240238812266, 7.131536374561412], [-76.47948330100009, 7.136503941123655], [-76.45888654850273, 7.132813912860323], [-76.4432989816927, 7.155491933985199], [-76.44247590660184, 7.16207618375722], [-76.43157705329811, 7.172228195425072], [-76.43354939433594, 7.191217972108102], [-76.42391055308401, 7.190668613884855], [-76.42224636922296, 7.187582936829706], [-76.3941152407235, 7.18718883743654], [-76.38612959514009, 7.18074841844729], [-76.37409823396106, 7.177503020709545], [-76.35319697953184, 7.179012756755954], [-76.33057230902669, 7.166637357650176], [-76.3250937167725, 7.166398497066249], [-76.32423285494752, 7.158856104397517], [-76.31742720038874, 7.152539681631566], [-76.30319670590201, 7.155500372102004], [-76.28257154957367, 7.153549805489848], [-76.28036559176476, 7.149662428124219], [-76.27517103871858, 7.150983471413856], [-76.2686414373449, 7.144426704804976], [-76.24891180793007, 7.153988872664565], [-76.22571269175018, 7.148532659242053], [-76.21802559316662, 7.150103663184841]]]}}, {"type": "Feature", "properties": {"code": "05237", "name": "Don Matías", "subregion": "Norte", "zona": "Río Grande y Chico", "circuits_count": 0, "circuits_ids": [], "circuits_names": [], "km_intervencion": 0}, "geometry": {"type": "Polygon", "coordinates": [[[-75.20935371549409, 6.553977005394559], [-75.217179771774, 6.546403596221462], [-75.23062163527281, 6.547609915248048], [-75.23580172184965, 6.541248853720769], [-75.23625789353746, 6.534877649409493], [-75.25093649194244, 6.52762958448969], [-75.25114937200351, 6.521131670376505], [-75.26330378710512, 6.509518356350643], [-75.2655506613786, 6.492177490135951], [-75.28025692340273, 6.490820983737376], [-75.2889297685004, 6.50627453388801], [-75.3027647168012, 6.506106046576571], [-75.3230752103535, 6.51318886076784], [-75.32375677204104, 6.505870392733424], [-75.32934816305051, 6.500959206149691], [-75.34055824666756, 6.500103490717718], [-75.35619700307574, 6.486703782364153], [-75.3599693370759, 6.487425282676747], [-75.36814721135032, 6.470485097896591], [-75.36800120547225, 6.464576534732538], [-75.37693506056729, 6.457311049906808], [-75.3895071518518, 6.456110060917511], [-75.38980919778969, 6.446047045059417], [-75.39471211367719, 6.442163390796159], [-75.41767560624965, 6.4427945809335], [-75.45993310640957, 6.433974992861978], [-75.46812774773876, 6.436526577045068], [-75.47222708018043, 6.430235811423477], [-75.48833492694853, 6.430380416713222], [-75.49259795758782, 6.43659884354016], [-75.48650557524608, 6.4676116265079], [-75.47643479615778, 6.463285508000502], [-75.4741533088981, 6.466064672146834], [-75.45246317195269, 6.460319926447682], [-75.45250865365551, 6.466512211307633], [-75.46324573115635, 6.475062217555919], [-75.46518814841372, 6.485883466852316], [-75.46099025012414, 6.511083787240411], [-75.45771359302302, 6.516209785500128], [-75.44773105724173, 6.514131200230948], [-75.44758234114641, 6.522096448468315], [-75.44367407677242, 6.524214168873439], [-75.44627363771127, 6.530341278232001], [-75.43211176822406, 6.53845411744789], [-75.42752892566553, 6.544621679008967], [-75.42116148816694, 6.542423056450234], [-75.41900331623957, 6.532967079090655], [-75.41457751895565, 6.528422308325358], [-75.4032036958185, 6.525757312024591], [-75.39591193680833, 6.517696286094514], [-75.39765213610873, 6.539282253440907], [-75.39513942518987, 6.541756894066484], [-75.38001081215005, 6.54131431173364], [-75.37196347476451, 6.547453324005713], [-75.36167944550922, 6.543917441750492], [-75.35530724873628, 6.546301663213134], [-75.33768971935284, 6.544183943498526], [-75.3150086966316, 6.549066595828478], [-75.3062855916921, 6.551760145805213], [-75.30178773784431, 6.557102825596442], [-75.28802315098642, 6.560635531036078], [-75.28536548072677, 6.565425375277292], [-75.27471739303293, 6.568542470752623], [-75.27121958508191, 6.572783857176707], [-75.25192215581153, 6.571594129261688], [-75.24748446123996, 6.57400927948626], [-75.23782385021546, 6.566484235323069], [-75.23399291731269, 6.568352113389852], [-75.23395127680601, 6.563753802375286], [-75.22835415095177, 6.559412179268247], [-75.21824620047533, 6.560444866330614], [-75.20935371549409, 6.553977005394559]]]}}, {"type": "Feature", "properties": {"code": "05240", "name": "Ebéjico", "subregion": "Occidente", "zona": "Cauca Medio", "circuits_count": 2, "circuits_ids": [12, 28], "circuits_names": ["Ebéjico - Heliconia - Medellin", "Ebejico - Miserenga"], "km_intervencion": 29.76}, "geometry": {"type": "Polygon", "coordinates": [[[-75.77969454662406, 6.419624024197585], [-75.76338762330754, 6.41460626740199], [-75.75533194057302, 6.408987813807313], [-75.75150884726771, 6.398490852112841], [-75.73802011596558, 6.394189177380489], [-75.73708745269828, 6.384780057392428], [-75.72731034275782, 6.381125538216956], [-75.72193175635095, 6.363857053177521], [-75.71639742992161, 6.360303305502208], [-75.71380713151164, 6.347234763717431], [-75.71928797943549, 6.341535087568328], [-75.71562248925859, 6.333980095682403], [-75.71868945711451, 6.330872414176286], [-75.71826876618549, 6.323910668400824], [-75.71051313692553, 6.314465492221202], [-75.70642503162827, 6.283427975538543], [-75.71003198668294, 6.259047709406013], [-75.71839321698832, 6.265519885744368], [-75.72195731252248, 6.260073453965708], [-75.7316544292835, 6.267543654481653], [-75.73665341999063, 6.267399650843792], [-75.75689133595618, 6.250721851285648], [-75.77224758119067, 6.250769906720659], [-75.77592359782605, 6.246292051700567], [-75.78802346452865, 6.265721889629269], [-75.80477987337233, 6.261975123232837], [-75.81801287856756, 6.252230998793705], [-75.81482992832701, 6.248364589930406], [-75.81993957440918, 6.244797602562716], [-75.81637909459404, 6.237696169871168], [-75.81704140179176, 6.224925352977323], [-75.82975037386771, 6.228173076972948], [-75.84283711985998, 6.236551753697205], [-75.85243917330438, 6.249438920897643], [-75.83978281196136, 6.252402744107444], [-75.8385763754331, 6.258999089487856], [-75.84282060163854, 6.270985342812065], [-75.8336117587603, 6.28243347021053], [-75.84718489396988, 6.295897776272128], [-75.84164006084497, 6.316452690718216], [-75.85734760574603, 6.3291593337712], [-75.84546116707685, 6.352170595729903], [-75.84962077018588, 6.356167458275875], [-75.85076645095653, 6.365495646291875], [-75.84291593355142, 6.372141894528853], [-75.8434562261774, 6.38320813101019], [-75.83699224134531, 6.392653487235899], [-75.83099694712284, 6.395289855098807], [-75.83003675947523, 6.403014121517272], [-75.82139094827774, 6.406120804817903], [-75.81961200643576, 6.410137433999366], [-75.81415856880615, 6.409741186997023], [-75.81052308325806, 6.416028739631521], [-75.80069521580911, 6.420806260366287], [-75.7988534655591, 6.401032406737938], [-75.80154124824539, 6.39617992539146], [-75.7857895915723, 6.395638511461288], [-75.78293026839599, 6.403015228479722], [-75.78525570034107, 6.421254938343419], [-75.77969454662406, 6.419624024197585]]]}}, {"type": "Feature", "properties": {"code": "05250", "name": "El Bagre", "subregion": "Bajo Cauca", "zona": "Bajo Cauca", "circuits_count": 0, "circuits_ids": [], "circuits_names": [], "km_intervencion": 0}, "geometry": {"type": "Polygon", "coordinates": [[[-74.56109131610876, 7.967532968673837], [-74.5586271294866, 7.960312024305], [-74.54857588785742, 7.950090922017534], [-74.53891570263436, 7.94692218009022], [-74.53661508934395, 7.916082726348542], [-74.52578105936946, 7.910895400131379], [-74.52045062176352, 7.903287835270831], [-74.52376885020101, 7.883561664755868], [-74.52275803260565, 7.863402505073238], [-74.52754520775532, 7.851831359106172], [-74.52682089075186, 7.837680507934328], [-74.51710396613882, 7.814347262975454], [-74.51722382295729, 7.801741589618179], [-74.52440946577958, 7.790845401964961], [-74.52529909345658, 7.782569427880615], [-74.5135811724465, 7.781025398863331], [-74.51145412265213, 7.741598870040718], [-74.5070384098556, 7.72262709495503], [-74.50327785097218, 7.721623329923347], [-74.49790020420309, 7.71153194388269], [-74.48741942952755, 7.71362055763399], [-74.48558156538945, 7.707904632788924], [-74.475321534627, 7.705552264508619], [-74.477943385463, 7.697130211184771], [-74.47643210923636, 7.682457106932081], [-74.48944495262681, 7.675324798077324], [-74.50802527117895, 7.678408696188536], [-74.51730792862408, 7.676469398712314], [-74.52077678567012, 7.671944338051977], [-74.53060667253182, 7.671204665566326], [-74.54156556473754, 7.662471310205987], [-74.54436615156901, 7.655380136928178], [-74.5610838187694, 7.646454134934765], [-74.56610560961677, 7.617670735417063], [-74.56243369558727, 7.607606297953764], [-74.56662705468975, 7.598101422563917], [-74.56626636044192, 7.584849009392458], [-74.57052871285315, 7.577677267709227], [-74.57021927917039, 7.554039068946878], [-74.56691253838872, 7.542527017795412], [-74.57005330823513, 7.533369623421876], [-74.56838353685299, 7.518105557608441], [-74.5897602767486, 7.511876211380174], [-74.59280314100883, 7.490587547386542], [-74.58791288597692, 7.482272248437862], [-74.59850962147755, 7.465657039472212], [-74.58870609657617, 7.445478093593924], [-74.58318390728463, 7.448647800001162], [-74.58502251882103, 7.440476439849548], [-74.57913820875699, 7.433597998256249], [-74.57004935924114, 7.430398092856762], [-74.56323850253854, 7.432857084834159], [-74.56126900556691, 7.428264425419953], [-74.56367984753257, 7.423981497459491], [-74.58028691146025, 7.416089713303524], [-74.59096589580996, 7.401646953740473], [-74.59142515141413, 7.396114785247506], [-74.60192377741099, 7.388727120752101], [-74.60711810408172, 7.385862498617884], [-74.61125540741214, 7.391196800385821], [-74.61714554754239, 7.385911844345689], [-74.62201966613685, 7.38970762707695], [-74.62805136638282, 7.386042340433081], [-74.63602387051193, 7.39372532619304], [-74.64424327929183, 7.415861592512215], [-74.65176726358274, 7.419665478449532], [-74.66780390718647, 7.419213033458723], [-74.6730656712839, 7.426309709844086], [-74.67658969117657, 7.439782926980507], [-74.68073336086742, 7.440340412290741], [-74.68332107482432, 7.432710397775953], [-74.69465376410461, 7.437261778406217], [-74.69823163260868, 7.434258033516107], [-74.70785859364098, 7.444700419679648], [-74.71354989976791, 7.440390335356604], [-74.71820945036684, 7.442869879671692], [-74.71974044371568, 7.438301856418456], [-74.72657167600558, 7.439891095534953], [-74.72940068732926, 7.441397128442606], [-74.72910946519224, 7.448220042216999], [-74.73792932677266, 7.45450211183026], [-74.74361231270343, 7.454601959183933], [-74.74284681602903, 7.458371204402415], [-74.75188301259111, 7.455109516732699], [-74.7583007018467, 7.460620945262709], [-74.75720885441608, 7.469022929105372], [-74.7641219501778, 7.472695508611445], [-74.75786279470525, 7.473098386120836], [-74.7606829180975, 7.488518560536335], [-74.76969213016677, 7.4888338535606], [-74.77064401019466, 7.492876119140113], [-74.78002080030177, 7.495361205659503], [-74.77843197521157, 7.502164643911446], [-74.78253304858828, 7.512668549640172], [-74.77614039897294, 7.530945711819526], [-74.80124093150403, 7.554793093063068], [-74.80597661162834, 7.569526521032325], [-74.81743372655863, 7.579066855931481], [-74.81933136279909, 7.587966670531818], [-74.82717285483055, 7.589167910381243], [-74.81611252126967, 7.59489254311832], [-74.81048511949543, 7.606098727221821], [-74.79665036702731, 7.615476187555823], [-74.78964901358556, 7.616783536480572], [-74.77820856150548, 7.64152133889941], [-74.77099560540697, 7.648549741586388], [-74.77062650023313, 7.663944559937591], [-74.76341380554437, 7.677769549100065], [-74.76939910600929, 7.702034963446115], [-74.75790505325284, 7.716681473167217], [-74.76215776674107, 7.725352455800413], [-74.78224864735922, 7.722058586267109], [-74.80580070442772, 7.784073287368046], [-74.80503420074186, 7.790049741653815], [-74.78992924393675, 7.803978642800971], [-74.79092154006759, 7.811365739189283], [-74.80095475969553, 7.819230606405883], [-74.80231457277876, 7.824559609152765], [-74.79665480829809, 7.830476632773395], [-74.78474725113487, 7.82632368792619], [-74.78085156856474, 7.831542432979404], [-74.78460024363525, 7.838084239358993], [-74.79621378759586, 7.840914122501608], [-74.80587948937308, 7.857158383606692], [-74.8028658491057, 7.868404406914991], [-74.8086116551226, 7.882599281225225], [-74.80065777935754, 7.89387114953456], [-74.81185212359252, 7.902584750624357], [-74.80684412637632, 7.917934334577476], [-74.81991453111526, 7.936338332996556], [-74.81440155404694, 7.953193311552873], [-74.81834410801365, 7.969820603509861], [-74.8036335502458, 7.981741765014577], [-74.81295231457548, 7.997574314960224], [-74.80979975703593, 8.006219225522473], [-74.8049282965564, 8.009184176586965], [-74.78993918918528, 8.009703536373207], [-74.78563968245388, 7.997797714680869], [-74.79441619942354, 7.994780170402871], [-74.79535630433466, 7.987620901064221], [-74.78959159057764, 7.985193793018357], [-74.78910912430318, 7.973160172460406], [-74.77841069951238, 7.969855833199674], [-74.7783658196808, 7.965115314901944], [-74.77443876344937, 7.967998898804802], [-74.759543998946, 7.963987691380346], [-74.7566211469128, 7.952947052169304], [-74.74976562866921, 7.946271055796655], [-74.73419110988866, 7.942827400050021], [-74.73349904689547, 7.937409122288804], [-74.72581195460012, 7.934462285238341], [-74.7280695547581, 7.931177864717124], [-74.70360001415392, 7.933028450375171], [-74.69948042200764, 7.930069307281148], [-74.69990438190598, 7.920669014651597], [-74.69604720921376, 7.919221091496925], [-74.68413231550964, 7.92305830810355], [-74.68029576184813, 7.92981149607338], [-74.66747397215227, 7.923193797692832], [-74.66728856167427, 7.91849437645928], [-74.65627475545521, 7.90707475354563], [-74.65445631379188, 7.912198477716761], [-74.64974441297144, 7.912995382042984], [-74.6493165445033, 7.90563604878391], [-74.64597471462832, 7.904098395375236], [-74.6428584059071, 7.906829620587715], [-74.6379236573192, 7.901566839781889], [-74.63417980889669, 7.901595363663939], [-74.63363071188265, 7.90728601621907], [-74.62615727669109, 7.915700758756874], [-74.61673739529812, 7.917081306182181], [-74.61278227929046, 7.925283464494073], [-74.6137325405542, 7.930827314803491], [-74.60326320412717, 7.93197378653754], [-74.60084146649544, 7.929180187352803], [-74.60193884485325, 7.936435630033863], [-74.59792311861507, 7.941746894235832], [-74.58396499332247, 7.948165677857764], [-74.58355096250297, 7.951022545612052], [-74.57370275899262, 7.950905244023957], [-74.56943775026309, 7.960240167404406], [-74.56109131610876, 7.967532968673837]]]}}, {"type": "Feature", "properties": {"code": "05148", "name": "El Carmen De Viboral", "subregion": "Oriente", "zona": "Valle de San Nicolás", "circuits_count": 0, "circuits_ids": [], "circuits_names": [], "km_intervencion": 0}, "geometry": {"type": "Polygon", "coordinates": [[[-75.3080118958517, 6.144164435266703], [-75.30288932391092, 6.141779712882534], [-75.29819815530892, 6.131063142489571], [-75.30199738846196, 6.120449972753519], [-75.29974786864996, 6.110379167655367], [-75.29046559837872, 6.104775382902559], [-75.28676030025832, 6.09699019511373], [-75.29611344850379, 6.083880738329135], [-75.28160458767007, 6.075022127975878], [-75.28149507046051, 6.06754115530365], [-75.27329745480941, 6.063285279680175], [-75.26856997810026, 6.055426098485952], [-75.25519748610094, 6.054118147712602], [-75.25110621514064, 6.049524624580787], [-75.2462772602454, 6.050356480320352], [-75.2425051292645, 6.056221332279936], [-75.22758402346207, 6.051889398631426], [-75.22047205147622, 6.041886233220342], [-75.22349704824543, 6.033223835625133], [-75.22194012502592, 6.025749790410339], [-75.21318094464294, 6.019313146254048], [-75.21497844567871, 6.015609111486028], [-75.20877702762441, 6.007865358739712], [-75.19475866041054, 5.999216521793669], [-75.19135941201924, 6.000187208544354], [-75.18371276187797, 5.990520528385571], [-75.16423216791776, 5.985113339278171], [-75.17295432154138, 5.97383786235917], [-75.18327995626902, 5.968181630018326], [-75.1780610148612, 5.960494416613791], [-75.1579908017828, 5.961764920633978], [-75.1560321034592, 5.946619220067031], [-75.14599518726385, 5.939723623131378], [-75.13610970097429, 5.940021332967889], [-75.14029270968805, 5.915871502574655], [-75.14963727363266, 5.915072828132318], [-75.15616782093234, 5.907223492223971], [-75.15697216075962, 5.892051364210768], [-75.16533401539414, 5.873687335429472], [-75.18403956897833, 5.867011063182519], [-75.20978949273, 5.872178163427931], [-75.20933782429671, 5.860483116311692], [-75.2201986599993, 5.850520421135241], [-75.23209069247775, 5.847360300294687], [-75.24310121804939, 5.818586573103479], [-75.26384158780446, 5.811268396601418], [-75.2681326988812, 5.812848459004307], [-75.26445697958818, 5.823110536376926], [-75.27037804871364, 5.832025402090959], [-75.2661700973777, 5.838079525333066], [-75.26595387917702, 5.850603582909542], [-75.26883598542557, 5.856721387884012], [-75.27655710320893, 5.857756111385187], [-75.27933921977984, 5.868650602346362], [-75.28469796330039, 5.873925231106575], [-75.2822274929628, 5.877535345537197], [-75.28568543547814, 5.892811731504126], [-75.29037011105727, 5.898738631302471], [-75.28925673819582, 5.908776966443877], [-75.29447162101519, 5.9158776357723], [-75.290956734294, 5.930106458495403], [-75.28605530691492, 5.93252917000726], [-75.28934788216286, 5.943581784426791], [-75.28864284300538, 5.955002357168859], [-75.29313096809867, 5.960413290553259], [-75.2978482471327, 5.958950247895919], [-75.30043678843798, 5.952239513147832], [-75.31484807067227, 5.94916648740258], [-75.3197818913005, 5.953115374294304], [-75.32038872034292, 5.963580762906735], [-75.32448240777136, 5.963836017215687], [-75.33393121850975, 5.98911167479595], [-75.3451782300715, 6.002095988645385], [-75.34247632137736, 6.007494753666921], [-75.33438546420957, 6.010069938852498], [-75.34249639782566, 6.034301459417213], [-75.35147425689487, 6.036628849637267], [-75.35421029707823, 6.032015880992448], [-75.36272321510583, 6.031792068499286], [-75.37390164029566, 6.046524120860923], [-75.37254658019859, 6.054387125393085], [-75.38522348062226, 6.055869417766758], [-75.38793957461303, 6.060291865657179], [-75.38447150808445, 6.065163443560085], [-75.38540558709664, 6.073412076948967], [-75.38098907120626, 6.078815366360813], [-75.3805100562591, 6.087327457479787], [-75.39071307005214, 6.105185125555299], [-75.38162136030044, 6.117421040413165], [-75.37382924237197, 6.12039511004376], [-75.36571125338763, 6.118477948526912], [-75.35368263566349, 6.12287150780955], [-75.35458219511428, 6.133719649964501], [-75.349459365357, 6.146046247270388], [-75.34505519770849, 6.140406439654205], [-75.3471826203037, 6.123984146386629], [-75.31982819047025, 6.111514208923484], [-75.31329376244857, 6.094445871024315], [-75.31025820598317, 6.098589462082227], [-75.30257892723415, 6.100690680143414], [-75.30427374005315, 6.113563907945474], [-75.30938297830018, 6.120058039605039], [-75.3080118958517, 6.144164435266703]]]}}, {"type": "Feature", "properties": {"code": "05541", "name": "El Peñol", "subregion": "Oriente", "zona": "Embalses", "circuits_count": 1, "circuits_ids": [16], "circuits_names": ["San Vicente - El Peñol"], "km_intervencion": 18.15}, "geometry": {"type": "Polygon", "coordinates": [[[-75.18245241295793, 6.284734016750919], [-75.18956276258638, 6.280341120223799], [-75.1940344754594, 6.272137788812381], [-75.18924914095776, 6.269819895706253], [-75.19217766585199, 6.264075000407026], [-75.19076082771448, 6.26000932969782], [-75.19395031589372, 6.257173291665445], [-75.18880691741137, 6.247061087517428], [-75.1965267694685, 6.242672545169858], [-75.1953897358808, 6.233955293043858], [-75.1898766249635, 6.226387546745486], [-75.18953131436491, 6.219135805734807], [-75.18539087142257, 6.216251380786798], [-75.18856692799164, 6.201776356207899], [-75.18246164224917, 6.197141965867755], [-75.16390073718864, 6.169827918179402], [-75.17527894859596, 6.16177436271542], [-75.18505730988959, 6.175450892735545], [-75.1955758695026, 6.173187639364054], [-75.20734098799772, 6.168889819327841], [-75.20932131146516, 6.158619036392104], [-75.21284233996796, 6.157143154380434], [-75.23343338187505, 6.163609720008856], [-75.24573544407673, 6.172328231045611], [-75.25276523728206, 6.170913558972845], [-75.25486525227797, 6.174450319596037], [-75.25118427514556, 6.181246875582494], [-75.25479457732298, 6.191600730245776], [-75.24562444285034, 6.194009801403572], [-75.24516592027145, 6.196596558665112], [-75.24887302670051, 6.207821690111155], [-75.28418542412516, 6.258700356567179], [-75.28186517006937, 6.269314327706729], [-75.27514904071349, 6.265629089882389], [-75.26445855343654, 6.267505067604071], [-75.2545325908569, 6.272901703089479], [-75.25157086243313, 6.279673204541089], [-75.22830259124773, 6.289740799876662], [-75.23138477836119, 6.305163283370359], [-75.24204849135107, 6.321442869556078], [-75.23626338044721, 6.325263601768504], [-75.22252099904483, 6.323558912520203], [-75.21753497731544, 6.310914765060839], [-75.21174956098439, 6.303929783170947], [-75.20813671477809, 6.304914742621382], [-75.19973555435833, 6.287276377903346], [-75.18245241295793, 6.284734016750919]]]}}, {"type": "Feature", "properties": {"code": "05607", "name": "El Retiro", "subregion": "Oriente", "zona": "Valle de San Nicolás", "circuits_count": 0, "circuits_ids": [], "circuits_names": [], "km_intervencion": 0}, "geometry": {"type": "Polygon", "coordinates": [[[-75.47528504242564, 6.158562323473738], [-75.47638393713967, 6.148472626604328], [-75.47337337719537, 6.144933728870623], [-75.47681623609877, 6.142202772718882], [-75.4736409242331, 6.121019933477969], [-75.47671828919009, 6.114906484724282], [-75.47338971934704, 6.112221228650879], [-75.47147468812939, 6.119538265667741], [-75.45985590339743, 6.111941767726362], [-75.45871337212016, 6.109028103809925], [-75.46777688016182, 6.102414064880127], [-75.45572410494306, 6.096855666912672], [-75.4461049493723, 6.079207452929065], [-75.4512452971759, 6.07210177224014], [-75.44535339455108, 6.068864344172845], [-75.44883032206164, 6.064466519470174], [-75.44461090013783, 6.060386842550733], [-75.44406193517614, 6.041118288231559], [-75.45030899752831, 6.036986013388884], [-75.45571726786544, 6.026137187869172], [-75.45844739354094, 6.00130985243208], [-75.4799741044783, 5.988629366982669], [-75.47980258105626, 5.977705797465267], [-75.50608145979668, 5.959449818493366], [-75.51709967764208, 5.963593560737761], [-75.52870983315742, 5.961274560116851], [-75.5343633426688, 5.971869206124377], [-75.54030482960236, 5.968534696623891], [-75.54260109504679, 5.972884717026373], [-75.54930800499294, 5.972263283698605], [-75.55279408274296, 5.969072766855702], [-75.56323189369341, 5.975352514734445], [-75.56806283117047, 5.983383189457381], [-75.57508460870852, 5.982205239750081], [-75.57680579336929, 5.988098029094977], [-75.59332126596892, 5.992611107646748], [-75.59209666011574, 6.006268473022968], [-75.57068219097819, 6.024918312292856], [-75.57434849592704, 6.044200455445402], [-75.57988633207422, 6.048550271437825], [-75.58115069466696, 6.062132443985497], [-75.58774195640173, 6.071424562801472], [-75.5868022108167, 6.07810836424866], [-75.57598059555944, 6.09657563612826], [-75.56654930466402, 6.106124898811657], [-75.55064274519827, 6.105747936244057], [-75.54193755086892, 6.119547053826737], [-75.54296605269896, 6.131504479863016], [-75.53438527952804, 6.131511966467114], [-75.52593220007813, 6.14319452507758], [-75.51997928028592, 6.139814789544231], [-75.51676590680164, 6.149522687043174], [-75.50820154225768, 6.150142634594804], [-75.50832839695222, 6.154698644633546], [-75.49408856807138, 6.155051716927284], [-75.4872514715793, 6.161375394458438], [-75.47528504242564, 6.158562323473738]]]}}, {"type": "Feature", "properties": {"code": "05697", "name": "El Santuario", "subregion": "Oriente", "zona": "Valle de San Nicolás", "circuits_count": 0, "circuits_ids": [], "circuits_names": [], "km_intervencion": 0}, "geometry": {"type": "Polygon", "coordinates": [[[-75.23343338187505, 6.163609720008856], [-75.22098060392824, 6.146255316242027], [-75.21285069609672, 6.142265688580427], [-75.20434763258778, 6.142428204069519], [-75.19858499483738, 6.125466716487406], [-75.19473409058921, 6.125272202771672], [-75.19272337172583, 6.121062708531754], [-75.18199471323584, 6.120305676213661], [-75.16948678591712, 6.108699439394583], [-75.16705497547609, 6.101397102299395], [-75.17138103550896, 6.104317900807459], [-75.17543242666055, 6.09836341377024], [-75.18354681789218, 6.099114755980812], [-75.18085445200131, 6.095354911647069], [-75.18322833008965, 6.090718881449535], [-75.19293811219787, 6.10677911595118], [-75.21058927630217, 6.10462737616016], [-75.22060065249566, 6.11334410589546], [-75.21862632977434, 6.117245652543862], [-75.22894432702545, 6.124171993811777], [-75.22939380806102, 6.112755240286219], [-75.23520955780427, 6.1113865745912], [-75.23926912721822, 6.10321304596326], [-75.2554233764623, 6.096496913563976], [-75.26869366084352, 6.079928264326352], [-75.2651811070471, 6.080609659607555], [-75.26129887135846, 6.074909627690467], [-75.26665876202763, 6.076129623257887], [-75.26959460280153, 6.070763805791119], [-75.26321290454783, 6.067771252425702], [-75.26905964347343, 6.056392371826541], [-75.27329745480941, 6.063285279680175], [-75.28149507046051, 6.06754115530365], [-75.28160458767007, 6.075022127975878], [-75.29626636422303, 6.08406305984492], [-75.28676030025832, 6.09699019511373], [-75.29046559837872, 6.104775382902559], [-75.29974786864996, 6.110379167655367], [-75.30199738846196, 6.120449972753519], [-75.29819815530892, 6.131063142489571], [-75.31133444877898, 6.151976691476022], [-75.30570291475442, 6.153695254687745], [-75.29351126717924, 6.151011154071903], [-75.28831014475338, 6.157993976618152], [-75.28281566489508, 6.155400730575239], [-75.27664977341364, 6.160784335710761], [-75.27054256886971, 6.161014920561644], [-75.26775666230662, 6.169059397450168], [-75.25662166527093, 6.16865119005037], [-75.2507567875631, 6.172380770786173], [-75.24566114980948, 6.17229108401336], [-75.23343338187505, 6.163609720008856]]]}}, {"type": "Feature", "properties": {"code": "05264", "name": "Entrerrios", "subregion": "Norte", "zona": "Río Grande y Chico", "circuits_count": 1, "circuits_ids": [11], "circuits_names": ["Entrerríos - Labores - San José de la Montana"], "km_intervencion": 39.95}, "geometry": {"type": "Polygon", "coordinates": [[[-75.45771359302302, 6.516209785500128], [-75.464201753316, 6.510596022440059], [-75.48548891590643, 6.512092369872772], [-75.53950194594414, 6.506151095238278], [-75.54505082058952, 6.515604496006675], [-75.55298432885215, 6.518981855782094], [-75.57515894789155, 6.542285046498299], [-75.5813889862708, 6.539805042959063], [-75.59181535717609, 6.546339095590761], [-75.59154145545607, 6.557517946989934], [-75.59471807347221, 6.563439250288973], [-75.60795304597792, 6.572429843008153], [-75.60571138103477, 6.575098959268733], [-75.60684086697749, 6.589019929863229], [-75.61553615648252, 6.594276073104069], [-75.6219639445985, 6.605288325754501], [-75.63778788600757, 6.615961751009737], [-75.6379774817365, 6.621490085261725], [-75.64570649391457, 6.632577136473907], [-75.66129822082272, 6.635283194310647], [-75.65384929975694, 6.654293832429878], [-75.63251384643178, 6.668908810296252], [-75.62645647502994, 6.663883001119128], [-75.62307658982458, 6.668739690290701], [-75.61554986028217, 6.666467682726347], [-75.60789275105604, 6.670399679145421], [-75.59188221339281, 6.66741823135036], [-75.58415117731037, 6.676423751809438], [-75.58083669933917, 6.671439362207989], [-75.56790553167265, 6.66895371926492], [-75.56572832624103, 6.664902686748194], [-75.5425292145527, 6.678720375912588], [-75.53062001347253, 6.674663395395526], [-75.52403660660661, 6.667565813149359], [-75.52243641872637, 6.660689171130803], [-75.52498244276926, 6.65787546132091], [-75.52781995035888, 6.660421482052184], [-75.53242420695715, 6.654490677361485], [-75.53587442485936, 6.655835071894075], [-75.5376768675275, 6.648113721786548], [-75.5323468745876, 6.644157865688573], [-75.53172226608909, 6.636168827126118], [-75.52417342631257, 6.627977530835424], [-75.51589885019445, 6.632843529919715], [-75.4971784411704, 6.611838836139802], [-75.50177674912484, 6.605354805111832], [-75.51301375345433, 6.600940905844233], [-75.51672571258257, 6.594278416473597], [-75.51280555092093, 6.59199413369438], [-75.51509429477149, 6.587688796193309], [-75.51157864088904, 6.587635256713806], [-75.51142992479375, 6.580651540908349], [-75.50559429712987, 6.576868197076062], [-75.5086875955051, 6.573959305489916], [-75.50841990653358, 6.564274897412339], [-75.49899129351604, 6.563091116821909], [-75.494916466217, 6.558266758340791], [-75.4969271105202, 6.555024746732024], [-75.49059179497955, 6.554417982595754], [-75.48567225936097, 6.546333763152743], [-75.47739173459904, 6.545203517039933], [-75.47457802338127, 6.540391058891744], [-75.47045560603341, 6.540206650691798], [-75.45771359302302, 6.516209785500128]]]}}, {"type": "Feature", "properties": {"code": "05266", "name": "Envigado", "subregion": "Valle de Aburrá", "zona": "Sur", "circuits_count": 0, "circuits_ids": [], "circuits_names": [], "km_intervencion": 0}, "geometry": {"type": "Polygon", "coordinates": [[[-75.48473417655752, 6.190933051608241], [-75.48125947327564, 6.18513535927101], [-75.48539511292616, 6.181658195522757], [-75.4843320987212, 6.176553130104712], [-75.47381851667316, 6.169793524436268], [-75.4746743623056, 6.158826819669342], [-75.4872514715793, 6.161375394458438], [-75.49408856807138, 6.155051716927284], [-75.50832839695222, 6.154698644633546], [-75.50820154225768, 6.150142634594804], [-75.51676590680164, 6.149522687043174], [-75.51997928028592, 6.139814789544231], [-75.52593220007813, 6.14319452507758], [-75.53438527952804, 6.131511966467114], [-75.54296605269896, 6.131504479863016], [-75.54298001880669, 6.116317341624573], [-75.5529176801463, 6.104615173864397], [-75.56457279274834, 6.107284032905594], [-75.5733559806073, 6.09892892024721], [-75.57643243287598, 6.107237267643187], [-75.59031887710047, 6.112729264019274], [-75.59079904189119, 6.144592176016482], [-75.59717640577368, 6.145439425186763], [-75.6051022271524, 6.1632119713517], [-75.60160583584458, 6.170773989953246], [-75.58342948248921, 6.188774277151304], [-75.57221636166818, 6.180312199648183], [-75.54728238307898, 6.175201625092023], [-75.53976278436329, 6.170396214846405], [-75.53072109729818, 6.17682393065073], [-75.5328302364824, 6.177938717658003], [-75.53012093285686, 6.194988313543005], [-75.53243595692106, 6.197945802211779], [-75.5021061361867, 6.189862590459085], [-75.4969689809956, 6.192287625207121], [-75.48473417655752, 6.190933051608241]]]}}, {"type": "Feature", "properties": {"code": "05282", "name": "Fredonia", "subregion": "Suroeste", "zona": "Sinifaná", "circuits_count": 0, "circuits_ids": [], "circuits_names": [], "km_intervencion": 0}, "geometry": {"type": "Polygon", "coordinates": [[[-75.6136161899207, 5.978253345122982], [-75.62385773425294, 5.977196584620641], [-75.62895699581043, 5.969070644030926], [-75.63697421717605, 5.964919936722935], [-75.63616332683371, 5.959338157368661], [-75.63971324066445, 5.954960594700608], [-75.63914485502461, 5.945347906372437], [-75.63362877966689, 5.941965067829816], [-75.63410967927952, 5.93448011326328], [-75.6252402253055, 5.923194963869233], [-75.62444982373816, 5.895245514079527], [-75.61772960974267, 5.873083480178413], [-75.62342584223063, 5.867553159664123], [-75.62360281213823, 5.854966145916132], [-75.61302883725197, 5.830577426810262], [-75.61472111502522, 5.821916944334974], [-75.6224193221756, 5.810004632866334], [-75.61846893579792, 5.795184011022055], [-75.62086828112457, 5.783452248134625], [-75.61780653966699, 5.76606803905725], [-75.62513995715014, 5.751972906838687], [-75.64008015035573, 5.762452429648709], [-75.64527039598013, 5.772662808020721], [-75.64273803531272, 5.78315401862012], [-75.6507638805051, 5.788875280512733], [-75.65219754498617, 5.798602770007077], [-75.66408222834728, 5.798683158216401], [-75.67680932842566, 5.814941132270143], [-75.6858504935696, 5.817922699967017], [-75.69957447478, 5.828603729025873], [-75.72664097300533, 5.832975233839243], [-75.7355155213253, 5.842831944629655], [-75.73963125430913, 5.853448666117078], [-75.75435201424364, 5.867058645219463], [-75.75496586721327, 5.872606699681083], [-75.77545829386509, 5.881137942036751], [-75.76711282809462, 5.90040599874974], [-75.77777415605743, 5.905134012603181], [-75.78024550045578, 5.912823913254762], [-75.7745159530472, 5.920699819916132], [-75.76139013842491, 5.925967491863015], [-75.75014931356053, 5.9390044684113], [-75.73077611858244, 5.930481137587122], [-75.70892007627876, 5.934211972650717], [-75.70245904061579, 5.93810762876522], [-75.70447809943826, 5.951405011284006], [-75.69642272752083, 5.957193744019771], [-75.697439376979, 5.959862176247013], [-75.69178074976547, 5.959399430895438], [-75.68310396465698, 5.97118945494551], [-75.68716307054024, 5.979131633257537], [-75.69375163912578, 5.975118500058295], [-75.69979975608359, 5.980992124965751], [-75.68912307860751, 5.985581780777477], [-75.67700268180742, 5.997872884570541], [-75.66607752313723, 5.998848537422183], [-75.65418148956249, 5.989952115796211], [-75.6489572957052, 5.991699384841441], [-75.64856953970943, 5.994735580859284], [-75.63215579233258, 5.996056145698568], [-75.62518717619473, 5.987218252641361], [-75.61438490436048, 5.981837235872629], [-75.6136161899207, 5.978253345122982]]]}}, {"type": "Feature", "properties": {"code": "05284", "name": "Frontino", "subregion": "Occidente", "zona": "Cuenca del Río Sucio", "circuits_count": 1, "circuits_ids": [14], "circuits_names": ["Frontino - Nutibara"], "km_intervencion": 25.0}, "geometry": {"type": "Polygon", "coordinates": [[[-76.12118227738088, 6.851849971573486], [-76.12288935939, 6.849414143297358], [-76.12664141212602, 6.851314242043314], [-76.12988154821925, 6.843887369111447], [-76.12627100259839, 6.841605054708162], [-76.12655762176787, 6.829742408519651], [-76.12283614498921, 6.823203648720058], [-76.11528754236794, 6.819629700351949], [-76.11438810598636, 6.813522813662785], [-76.11234652909467, 6.815567960465899], [-76.10327364443803, 6.810264140094858], [-76.10367618849999, 6.801553269432515], [-76.09620768865263, 6.796835235510404], [-76.0918227332731, 6.788851665121484], [-76.08677162231318, 6.789716982161026], [-76.08303565391233, 6.78491653756665], [-76.08626685446343, 6.78313783384113], [-76.08471134609051, 6.78019163955443], [-76.09054192791741, 6.777664366600304], [-76.0878841714195, 6.776936401017292], [-76.08845761457438, 6.769457596482447], [-76.08452952438206, 6.764917458824574], [-76.09024732811494, 6.763434839482941], [-76.08187417896238, 6.755912372740558], [-76.08742382436228, 6.754022930697585], [-76.08756017604598, 6.748625687383037], [-76.09069507899525, 6.746793845308392], [-76.08705500305608, 6.740958395362343], [-76.09020406974243, 6.732493211730259], [-76.08605410106482, 6.72948578203729], [-76.08470854694006, 6.733682965756965], [-76.07670526024114, 6.7314322443198], [-76.09224128531345, 6.727495782256322], [-76.0984386995765, 6.717412260835839], [-76.11361590967655, 6.711129867689591], [-76.11607095414408, 6.707409529335563], [-76.1334958847306, 6.706868449490653], [-76.13821596111845, 6.693581906566385], [-76.14460002733125, 6.691678648315879], [-76.14894677017523, 6.686007049386263], [-76.16386024568764, 6.684756741604548], [-76.16861657448709, 6.680084194464623], [-76.17601566600403, 6.679604766911911], [-76.1823058789309, 6.67006059961978], [-76.18402451686786, 6.664331807922121], [-76.1689005085922, 6.657296852715056], [-76.171432633901, 6.653183581210487], [-76.17011229818124, 6.636897578590182], [-76.16011588073385, 6.633949228130037], [-76.15512913406401, 6.625493601755672], [-76.16256046791314, 6.615301498108789], [-76.15975667319782, 6.608997052482726], [-76.16435402803975, 6.596554120206042], [-76.16220434159854, 6.592717984247455], [-76.18271051427085, 6.585190925594919], [-76.19529692649763, 6.585888510623743], [-76.19740961043398, 6.578524013408307], [-76.20594006806752, 6.571777379994127], [-76.21408187139002, 6.574288683642281], [-76.22604045825126, 6.571757449741186], [-76.22808961243238, 6.564907419210708], [-76.24434955206291, 6.547165114099673], [-76.2477473945908, 6.538543488726728], [-76.26355476028625, 6.536245430074126], [-76.27277312889976, 6.541647720420621], [-76.27609163761164, 6.53754443117435], [-76.28328173697605, 6.536602690876628], [-76.28930587520397, 6.527289942217937], [-76.29519547814168, 6.525772700422788], [-76.29605500147689, 6.516370257343078], [-76.30293326416513, 6.509545974608754], [-76.31720384327649, 6.506131133807545], [-76.33631100667478, 6.513744768462542], [-76.34221057642056, 6.520667462280706], [-76.34497227338673, 6.528202339780425], [-76.34021873475454, 6.534996309795476], [-76.34607096867475, 6.539779744113606], [-76.34282720069282, 6.548240443920446], [-76.35093661705439, 6.551424419041099], [-76.35014436046598, 6.556260172387358], [-76.35332833478596, 6.552538061366158], [-76.3559218527579, 6.553524643770118], [-76.35675148016045, 6.561051078746371], [-76.3637173564367, 6.564406957723042], [-76.36088466651192, 6.57127567246693], [-76.3643526566837, 6.574706289444995], [-76.3618189314754, 6.582397156916004], [-76.36970412385047, 6.584938356356155], [-76.37859832191899, 6.593668122719988], [-76.39067439135138, 6.587322831122496], [-76.40404473008897, 6.587766686148867], [-76.4046924854774, 6.579535191472216], [-76.4137012879149, 6.578179885778921], [-76.41246556720671, 6.572858315473093], [-76.41909261692408, 6.571144252947282], [-76.41809606816868, 6.567257713091291], [-76.42731414572803, 6.560052665073453], [-76.4333034041701, 6.560062629988135], [-76.43294464669003, 6.555996707818374], [-76.44838341925136, 6.538685357868085], [-76.44714769854316, 6.529955589017265], [-76.45201085679282, 6.526500887416035], [-76.45595719087027, 6.499833240061871], [-76.47049351589716, 6.48964186717016], [-76.4836823060141, 6.496655604379417], [-76.48466982400595, 6.514119811730792], [-76.4915908563832, 6.519695501229582], [-76.49215888898514, 6.524321981694799], [-76.50012505100834, 6.522327636648355], [-76.51184446501844, 6.528416552655862], [-76.52262089501691, 6.544778639725759], [-76.5135697397087, 6.556311197670279], [-76.51747122898885, 6.563673202817331], [-76.516798558826, 6.574555518971359], [-76.52374201315276, 6.586828015126681], [-76.54061109229261, 6.58860685690702], [-76.54712104840934, 6.584234497380443], [-76.55230144221001, 6.570619979182215], [-76.56378876209341, 6.566365876032203], [-76.55776965083783, 6.593158587095334], [-76.57568095626863, 6.620357725886523], [-76.57350989172029, 6.636703543593482], [-76.56734457695727, 6.648290082569743], [-76.56895663337902, 6.661486189815659], [-76.57424456989226, 6.669935677778906], [-76.57752932979723, 6.694807444197885], [-76.56410508765104, 6.700871687077153], [-76.56295578217822, 6.714452218255332], [-76.55868943316229, 6.720459004378404], [-76.54197241724046, 6.726989065547961], [-76.54330513354148, 6.737941718780583], [-76.53486714129676, 6.748031297419795], [-76.53316032968051, 6.755466667335802], [-76.5211818262711, 6.764578035719199], [-76.4964960692629, 6.752360586345907], [-76.47150919876808, 6.748427132840823], [-76.4664767449183, 6.750783679504419], [-76.45502461114624, 6.746973976100203], [-76.44203787100132, 6.7382379110647], [-76.42863848523902, 6.745008880505574], [-76.42704401244065, 6.756453620940027], [-76.4345433981641, 6.766118151883687], [-76.43395214321379, 6.790795205178922], [-76.4394044831021, 6.81208409445089], [-76.4369316609751, 6.844536640402695], [-76.42605245562328, 6.856452122990159], [-76.40684718451787, 6.849359202897974], [-76.39595978114077, 6.831386780540024], [-76.38317394561587, 6.826960551375238], [-76.37731452966499, 6.817256255984319], [-76.3748050760373, 6.818643076064254], [-76.3686843482551, 6.813559552161433], [-76.36460881488026, 6.806260371239399], [-76.3487606647726, 6.80657394649185], [-76.3328327379795, 6.798979040603323], [-76.32875107989102, 6.793671059527725], [-76.3297359595309, 6.784584000693549], [-76.31496698252349, 6.774765784652495], [-76.31177464039662, 6.778737047623322], [-76.29938502209913, 6.779669856275266], [-76.29119267955875, 6.793876324759138], [-76.27578460602395, 6.804324361436864], [-76.2783883342474, 6.816739842434595], [-76.28632257643362, 6.82705207750759], [-76.2852946055079, 6.832971648620006], [-76.28070439047586, 6.835747049800406], [-76.28840827048724, 6.843961214263094], [-76.28699490972824, 6.848696141284306], [-76.29613412329049, 6.844991772760686], [-76.29994798820285, 6.846456858647939], [-76.29500237359326, 6.85390435412277], [-76.29912501013004, 6.873737144654694], [-76.2937318602358, 6.881893946185063], [-76.28904726819998, 6.900239463227178], [-76.27578249498302, 6.904258211480339], [-76.26699691401215, 6.913516247557671], [-76.24400581621103, 6.908546586041554], [-76.22643249831259, 6.920424115195877], [-76.22217068309392, 6.918729932675721], [-76.22616817802341, 6.915821041515972], [-76.23115909736772, 6.898772204758227], [-76.24486091444513, 6.886550971318872], [-76.24617531769077, 6.877340946444177], [-76.23603207330514, 6.869072317589688], [-76.22903538571296, 6.855320827656763], [-76.221206958779, 6.848099165456659], [-76.20641031905076, 6.852366299033937], [-76.2025718519777, 6.848593069120904], [-76.19519552287173, 6.850080231031018], [-76.19484912531166, 6.838761911148657], [-76.17963781426509, 6.838143268742133], [-76.16631481494638, 6.827237405072578], [-76.15695355042232, 6.823635071893496], [-76.15201141139454, 6.826750972574737], [-76.15016732821974, 6.833443208038939], [-76.14414491206223, 6.83502792748561], [-76.13473470732148, 6.849179009688544], [-76.12118227738088, 6.851849971573486]]]}}, {"type": "Feature", "properties": {"code": "05306", "name": "Giraldo", "subregion": "Occidente", "zona": "Cauca Medio", "circuits_count": 3, "circuits_ids": [12, 14, 28], "circuits_names": ["Ebéjico - Heliconia - Medellin", "Frontino - Nutibara", "Ebejico - Miserenga"], "km_intervencion": 54.76}, "geometry": {"type": "Polygon", "coordinates": [[[-75.88013025936696, 6.645651494577997], [-75.88686948800208, 6.626984708463255], [-75.89265137036081, 6.624016546343054], [-75.90367718885182, 6.649061398927656], [-75.9134104080058, 6.654243130434927], [-75.92066889251954, 6.64827000192945], [-75.92192344640767, 6.638701761504692], [-75.92681710874945, 6.636274704350336], [-75.92882160767779, 6.623401344052563], [-75.93762818227684, 6.61893315342518], [-75.9542879764134, 6.618177112972849], [-75.9744303879895, 6.628072501314779], [-75.98892393434424, 6.626874750478586], [-75.99760149469883, 6.632605894509297], [-76.00556840232372, 6.631797789417234], [-76.01264900693647, 6.643433167910811], [-76.01132849245198, 6.646334520591507], [-75.99766693427233, 6.650436984257717], [-75.99556031845573, 6.657699546538867], [-75.99996896779918, 6.667858115203544], [-75.99333163416846, 6.675085216768191], [-75.98763422398915, 6.690916700199905], [-75.9750255209669, 6.698340625519306], [-75.97180971125157, 6.710484344002788], [-75.96538502052665, 6.714697124255531], [-75.95936253969046, 6.725860774683068], [-75.9560475128486, 6.717622886341072], [-75.9397275316211, 6.710858082668334], [-75.9366985849596, 6.702799060654391], [-75.92935499944574, 6.696204841717237], [-75.92419061542004, 6.698099484343494], [-75.91959342676644, 6.694695270937162], [-75.91070116366907, 6.678664544398383], [-75.88558611346467, 6.675974778530509], [-75.8872756864106, 6.666102248106767], [-75.88013025936696, 6.645651494577997]]]}}, {"type": "Feature", "properties": {"code": "05308", "name": "Girardota", "subregion": "Valle de Aburrá", "zona": "Norte", "circuits_count": 0, "circuits_ids": [], "circuits_names": [], "km_intervencion": 0}, "geometry": {"type": "Polygon", "coordinates": [[[-75.4484840448758, 6.435508995467972], [-75.44422345046756, 6.429785938054549], [-75.44604399149374, 6.427928135098905], [-75.4398385040712, 6.426448666966974], [-75.43659218577218, 6.41822782837152], [-75.4222297521264, 6.404475218785058], [-75.42089454120386, 6.395565206273914], [-75.41167166753921, 6.39485864992738], [-75.40469603376235, 6.377810602681188], [-75.40531526853884, 6.362955720549172], [-75.39980985169194, 6.358495907808546], [-75.40697457005632, 6.348420855202757], [-75.41607048302524, 6.347731392808367], [-75.41476653077964, 6.337635211611232], [-75.42304933277083, 6.332716537287333], [-75.42079395953644, 6.323794551576302], [-75.4247670023239, 6.315126355948345], [-75.44312320828062, 6.323120270450018], [-75.4496032343287, 6.334327023179123], [-75.4608652468574, 6.336708682139135], [-75.46393685541007, 6.342578510245226], [-75.47922127225276, 6.354802859473918], [-75.4830042548823, 6.368619114618356], [-75.48710521327465, 6.372957320883725], [-75.48074300936089, 6.37678466742542], [-75.47351761159572, 6.37609199612363], [-75.48103612424822, 6.380604689835579], [-75.48888505433021, 6.394389740080957], [-75.49117849906466, 6.421596663160303], [-75.48833492694853, 6.430380416713222], [-75.47212375775311, 6.430251707982743], [-75.46801523195279, 6.436541254936362], [-75.46015600807597, 6.433974992861978], [-75.4484840448758, 6.435508995467972]]]}}, {"type": "Feature", "properties": {"code": "05310", "name": "Gomez Plata", "subregion": "Norte", "zona": "Río Porce", "circuits_count": 2, "circuits_ids": [7, 10], "circuits_names": ["El Guayabo - El Salto - Partidas a Guadalupe", "Santa Rosa - Carolina del Príncipe"], "km_intervencion": 44.28}, "geometry": {"type": "Polygon", "coordinates": [[[-75.10986252198362, 6.782259950562099], [-75.11148878705822, 6.775023552853991], [-75.11640607239703, 6.773849563001926], [-75.11827290989798, 6.769134356630849], [-75.11461621961762, 6.763071947796644], [-75.12215092619975, 6.754151547373414], [-75.12037230056475, 6.750515709838061], [-75.1239648376591, 6.75061835164488], [-75.12799260132209, 6.739765783026654], [-75.11590033706175, 6.722266003441169], [-75.10700115963162, 6.716692614975595], [-75.1268812415852, 6.692516376427614], [-75.12520590693651, 6.689290115336201], [-75.12756132823903, 6.686171672061673], [-75.1225602058297, 6.681087610728951], [-75.12872233876, 6.670626378009556], [-75.12278577189923, 6.667512111923972], [-75.12264952262346, 6.658140122576786], [-75.14568534754258, 6.652291144262736], [-75.15185548356375, 6.648281531009903], [-75.15237128272514, 6.642568800609506], [-75.15663393158043, 6.639590785120751], [-75.15391868290435, 6.616467376154901], [-75.16294031687735, 6.602375326453291], [-75.15983578506952, 6.592906018344088], [-75.16182112832274, 6.585548567150918], [-75.1818343747374, 6.585177660238288], [-75.19736880979166, 6.574678800618087], [-75.19981013698481, 6.580465650167693], [-75.19675966758739, 6.582788004641459], [-75.19762170261214, 6.590867477815949], [-75.21031374863149, 6.602203233464522], [-75.2101876368437, 6.607442805108315], [-75.2287521908609, 6.61684405532164], [-75.22996571689337, 6.622219256400022], [-75.24616040200335, 6.64071383300459], [-75.2602468112101, 6.640618657059094], [-75.27258193680416, 6.644482900750336], [-75.28163325560573, 6.649558822247181], [-75.2820537668717, 6.659873703809293], [-75.28867262036042, 6.658697640833482], [-75.29327986295868, 6.661410777679456], [-75.29151030042658, 6.674674319818292], [-75.28701059874425, 6.675514088140091], [-75.28295231122621, 6.681244283643922], [-75.26555328984911, 6.686217021087987], [-75.26419213468286, 6.69495501951743], [-75.25847884228932, 6.701108566730836], [-75.26342169098616, 6.728944608096731], [-75.2566799380851, 6.730690411575615], [-75.25838758962614, 6.746717424028724], [-75.25104113309663, 6.750559639798976], [-75.24920896607405, 6.759844992854682], [-75.2538516427187, 6.766017438430727], [-75.25308675600036, 6.771460573481815], [-75.25856546952713, 6.776512373738477], [-75.23337080972394, 6.786993832337716], [-75.2299393342718, 6.793571133231516], [-75.22469202855886, 6.793264937108541], [-75.21130960568411, 6.808987284881939], [-75.21131558666727, 6.814453586244204], [-75.20256591584989, 6.823400617756253], [-75.20147145971168, 6.830583363421285], [-75.19396576062839, 6.833681333804856], [-75.1801417295532, 6.847533140750525], [-75.17328474795403, 6.825514607593549], [-75.14448989112205, 6.802707106753878], [-75.14100955181004, 6.793039496156871], [-75.13394930841152, 6.793536673176382], [-75.13091754553159, 6.785431352030731], [-75.12092854367687, 6.782997695430927], [-75.11568311454458, 6.786875048235262], [-75.11450065944115, 6.783341430122016], [-75.10986252198362, 6.782259950562099]]]}}, {"type": "Feature", "properties": {"code": "05313", "name": "Granada", "subregion": "Oriente", "zona": "Embalses", "circuits_count": 1, "circuits_ids": [15], "circuits_names": ["La Quiebra - Santa Ana"], "km_intervencion": 5.33}, "geometry": {"type": "Polygon", "coordinates": [[[-75.0619285585602, 6.127890830634396], [-75.06684917934363, 6.11278314320082], [-75.06533046955799, 6.108053443970752], [-75.07222107599658, 6.100546677507501], [-75.07078914885729, 6.083927642295538], [-75.07353150689201, 6.079762038894855], [-75.07133588509876, 6.077939583515068], [-75.0758746599027, 6.070467526979689], [-75.07357055935236, 6.067230503576888], [-75.076677407017, 6.065737828483837], [-75.0739697634781, 6.053900563551982], [-75.07774484362808, 6.052512030049122], [-75.0807041600753, 6.056070149887495], [-75.08459205874351, 6.048329065324573], [-75.0832407122818, 6.036107143219312], [-75.08717712626355, 6.035667097005064], [-75.0832484458781, 6.023136233024213], [-75.08981088067542, 6.01846309686062], [-75.09427111936732, 6.028160103055756], [-75.10736816095105, 6.035754472365667], [-75.10816109307257, 6.041523734184667], [-75.11975429827682, 6.039869517147771], [-75.12017127107887, 6.042644774883749], [-75.13696638203993, 6.051066256811824], [-75.1451212720195, 6.062960228338791], [-75.15607876644663, 6.064805847317057], [-75.15821147742392, 6.073001749973677], [-75.15614028756886, 6.081956406435417], [-75.16344756138231, 6.092079958235793], [-75.16948678591712, 6.108699439394583], [-75.18352806735724, 6.121245940067054], [-75.19272337172583, 6.121062708531754], [-75.19473409058921, 6.125272202771672], [-75.19836319360721, 6.125249101388288], [-75.20434763258778, 6.142428204069519], [-75.21285069609672, 6.142265688580427], [-75.22098060392824, 6.146255316242027], [-75.23343338187505, 6.163609720008856], [-75.21259987389298, 6.157153697819228], [-75.20932131146516, 6.158619036392104], [-75.20734098799772, 6.168889819327841], [-75.1955758695026, 6.173187639364054], [-75.18505730988959, 6.175450892735545], [-75.17527894859596, 6.16177436271542], [-75.16331908792364, 6.171675229547755], [-75.1603689684283, 6.169463236321988], [-75.14535524632008, 6.181103290368413], [-75.1457158929572, 6.188331862104218], [-75.13304402399743, 6.20808626615811], [-75.12958827696465, 6.221964607166181], [-75.12093553616305, 6.231009633736068], [-75.12085645207868, 6.219731845695716], [-75.11262395394678, 6.209956938848176], [-75.11338138285164, 6.204266672915738], [-75.10808574418317, 6.200804140225619], [-75.07672612714644, 6.156924463495893], [-75.0814050382364, 6.154862050353944], [-75.08277177463552, 6.145553479024642], [-75.06808085583644, 6.140068391342758], [-75.06373959451233, 6.141858349285782], [-75.05945522888506, 6.131788722442294], [-75.0619285585602, 6.127890830634396]]]}}, {"type": "Feature", "properties": {"code": "05315", "name": "Guadalupe", "subregion": "Norte", "zona": "Río Porce", "circuits_count": 0, "circuits_ids": [], "circuits_names": [], "km_intervencion": 0}, "geometry": {"type": "Polygon", "coordinates": [[[-75.16999525123255, 6.905471132509285], [-75.17987902802814, 6.881015860684124], [-75.17743153569721, 6.86380717351995], [-75.18142681807615, 6.856579070259046], [-75.18128847213251, 6.846417099102058], [-75.19396576062839, 6.833681333804856], [-75.20147145971168, 6.830583363421285], [-75.20256591584989, 6.823400617756253], [-75.21131558666727, 6.814453586244204], [-75.21130960568411, 6.808987284881939], [-75.22469202855886, 6.793264937108541], [-75.25988520786721, 6.802343043138266], [-75.26569670588424, 6.797285008559423], [-75.27173849960073, 6.80340558163424], [-75.28212699843196, 6.807233160483868], [-75.28336272542839, 6.821091449541222], [-75.28863829842837, 6.823428509112497], [-75.28719291722106, 6.838587249221105], [-75.27964839654443, 6.835902761053423], [-75.27619020519576, 6.830386684545782], [-75.26955490175756, 6.833857223933339], [-75.26744930552881, 6.84647296296661], [-75.25801744240657, 6.848164490467062], [-75.26074647752733, 6.875378405771023], [-75.25737276734122, 6.88054599201729], [-75.25982674730515, 6.886974189361559], [-75.25532294661018, 6.894403231743448], [-75.25610776784298, 6.899254852845259], [-75.2505630604822, 6.900702185049751], [-75.24394814161441, 6.908774627262722], [-75.24262978218829, 6.927239495661575], [-75.23408086417564, 6.931728149088616], [-75.22616400978006, 6.929317227634845], [-75.2206635013279, 6.932395133318523], [-75.20935092802176, 6.922231769911148], [-75.19862877333443, 6.918784271123528], [-75.18298452013501, 6.919061452132466], [-75.1774651776046, 6.913106743913654], [-75.17812964075901, 6.909550943638371], [-75.16999525123255, 6.905471132509285]]]}}, {"type": "Feature", "properties": {"code": "05318", "name": "Guarne", "subregion": "Oriente", "zona": "Valle de San Nicolás", "circuits_count": 1, "circuits_ids": [29], "circuits_names": ["Guarne - Yolombal"], "km_intervencion": 5.0}, "geometry": {"type": "Polygon", "coordinates": [[[-75.40697457005632, 6.348420855202757], [-75.40145648337068, 6.343015756381766], [-75.399794685435, 6.335969390515237], [-75.39142567661759, 6.335067364445305], [-75.38584938808468, 6.328290697006837], [-75.39104385040102, 6.321772403770544], [-75.38669165388494, 6.309761309485204], [-75.38707876399202, 6.298534437483696], [-75.39549429206645, 6.285688079352634], [-75.3912718473117, 6.282780961714634], [-75.39360674480493, 6.275807026622436], [-75.38750559221106, 6.271437242646437], [-75.39536912889959, 6.26726565084584], [-75.39122185337119, 6.264709444168309], [-75.38656704408031, 6.254037030149726], [-75.38622500065442, 6.246370179611684], [-75.37945731069615, 6.232812502012884], [-75.37875873042557, 6.219292445598879], [-75.3865777753547, 6.212780886852525], [-75.40876451266726, 6.214735602562368], [-75.41457878827514, 6.203841866709309], [-75.4177180211041, 6.205571162993063], [-75.42342782893263, 6.19949644654974], [-75.43111354860224, 6.200820158143121], [-75.43335773781133, 6.210254716292495], [-75.45553650706734, 6.199131210915112], [-75.46409434535074, 6.198420795311688], [-75.46599045625184, 6.195021659863574], [-75.47107071394949, 6.197321702482792], [-75.47486848374693, 6.195538026105081], [-75.47768327743461, 6.201108332327678], [-75.48597505718874, 6.205221562658964], [-75.48501479587927, 6.211151073241715], [-75.49071571038648, 6.215891456033411], [-75.49154350702247, 6.228607698276916], [-75.48148743155876, 6.23042502905499], [-75.47284731478184, 6.236879805682134], [-75.473189361801, 6.241628181574218], [-75.4847903266527, 6.251971841232576], [-75.49626455987904, 6.270473159249678], [-75.49236280739251, 6.276290281121994], [-75.50078978449524, 6.290236166222702], [-75.49906342913165, 6.295014034809189], [-75.50125750492431, 6.296740783213608], [-75.4940627091676, 6.297635742741769], [-75.49106345541948, 6.293893867831853], [-75.48714481011405, 6.298761463474481], [-75.49103031477202, 6.305696877075034], [-75.48345390749608, 6.311001493236115], [-75.48442675060943, 6.320149414485125], [-75.4788168417287, 6.320860223479811], [-75.47581985892162, 6.317258454273071], [-75.46685462657203, 6.319182549184932], [-75.46438626278378, 6.324131812790681], [-75.4511572470067, 6.329884634542579], [-75.45123429640694, 6.335086368327635], [-75.44312320828062, 6.323120270450018], [-75.42435994063436, 6.315321569968159], [-75.42079395953644, 6.323794551576302], [-75.42304933277083, 6.332716537287333], [-75.41476653077964, 6.337635211611232], [-75.41607048302524, 6.347731392808367], [-75.40697457005632, 6.348420855202757]]]}}, {"type": "Feature", "properties": {"code": "05321", "name": "Guatapé", "subregion": "Oriente", "zona": "Embalses", "circuits_count": 0, "circuits_ids": [], "circuits_names": [], "km_intervencion": 0}, "geometry": {"type": "Polygon", "coordinates": [[[-75.11637899088615, 6.302642067588269], [-75.11807447025508, 6.293808693122906], [-75.13995453530607, 6.300376298029088], [-75.1385359580302, 6.28915461172438], [-75.14585744498808, 6.285406162822244], [-75.14661089705116, 6.275479350885735], [-75.14283495721345, 6.262061312187632], [-75.1458788572312, 6.256498964296038], [-75.11781291677696, 6.235361900924452], [-75.12958827696465, 6.221964607166181], [-75.13304402399743, 6.20808626615811], [-75.1457158929572, 6.188331862104218], [-75.14535524632008, 6.181103290368413], [-75.1603689684283, 6.169463236321988], [-75.18888657911245, 6.20271072177501], [-75.18539087142257, 6.216251380786798], [-75.18957549710386, 6.219230481934462], [-75.19662650761788, 6.241914521508855], [-75.18880691741137, 6.247061087517428], [-75.19395031589372, 6.257173291665445], [-75.19076082771448, 6.26000932969782], [-75.19217766585199, 6.264075000407026], [-75.18924914095776, 6.269819895706253], [-75.1940344754594, 6.272137788812381], [-75.18818919449951, 6.281736841744499], [-75.17536184243542, 6.288737608785651], [-75.17103107972206, 6.297582321760853], [-75.16506185820238, 6.294501474875783], [-75.15724300191948, 6.296905219793834], [-75.15457451235055, 6.307110953228949], [-75.14677126878728, 6.311551569568582], [-75.14514684615732, 6.325110283884833], [-75.13535441904295, 6.335575737029312], [-75.13126280762116, 6.333061486221908], [-75.12612812728867, 6.31425900009136], [-75.11637899088615, 6.302642067588269]]]}}, {"type": "Feature", "properties": {"code": "05347", "name": "Heliconia", "subregion": "Occidente", "zona": "Cauca Medio", "circuits_count": 1, "circuits_ids": [12], "circuits_names": ["Ebéjico - Heliconia - Medellin"], "km_intervencion": 28.76}, "geometry": {"type": "Polygon", "coordinates": [[[-75.71003198668294, 6.259047709406013], [-75.7078949341479, 6.25808763306165], [-75.71000549356859, 6.242917477570766], [-75.70580281714, 6.242667105976875], [-75.70267316484355, 6.237722253419365], [-75.69834781627638, 6.210442020550458], [-75.70239484880223, 6.204186906239271], [-75.6945139907984, 6.194363989728123], [-75.69703400142727, 6.170330798033053], [-75.70339229766952, 6.157313799085345], [-75.71246019757463, 6.1539262096965], [-75.71355867996192, 6.150825886576876], [-75.72135284604924, 6.149329928210256], [-75.73350902274711, 6.158362898015526], [-75.74587718747901, 6.144854094375513], [-75.7488076203949, 6.155809486728505], [-75.74353555351948, 6.160380428605604], [-75.74119898246487, 6.170422878675054], [-75.74386672912706, 6.179034305209651], [-75.75096113725246, 6.182071806815527], [-75.76146970580288, 6.178657642542356], [-75.77690945932451, 6.18173315183737], [-75.78151581259064, 6.184089894626839], [-75.79195887239729, 6.201236132645738], [-75.80615459938758, 6.208292528788423], [-75.81684969681857, 6.224914075043854], [-75.81637909459404, 6.237696169871168], [-75.81993957440918, 6.244797602562716], [-75.81482992832701, 6.248364589930406], [-75.81801287856756, 6.252230998793705], [-75.80992206541721, 6.259755518569205], [-75.79043411066158, 6.266041878745932], [-75.77592359782605, 6.246292051700567], [-75.77224758119067, 6.250769906720659], [-75.75689133595618, 6.250721851285648], [-75.73665341999063, 6.267399650843792], [-75.7316544292835, 6.267543654481653], [-75.72195731252248, 6.260073453965708], [-75.71839321698832, 6.265519885744368], [-75.71003198668294, 6.259047709406013]]]}}, {"type": "Feature", "properties": {"code": "05353", "name": "Hispania", "subregion": "Suroeste", "zona": "San Juan", "circuits_count": 0, "circuits_ids": [], "circuits_names": [], "km_intervencion": 0}, "geometry": {"type": "Polygon", "coordinates": [[[-75.87369711459692, 5.775902096942292], [-75.87673863318085, 5.776230453367504], [-75.88546948519134, 5.766853995852997], [-75.89253105809648, 5.753922478180082], [-75.89856962416617, 5.75515895830975], [-75.90414185051736, 5.765877709777635], [-75.90751568377266, 5.76562356073004], [-75.91005717940817, 5.758030847019628], [-75.92064885649545, 5.753564169570697], [-75.92266934453754, 5.761220421766883], [-75.93232066877864, 5.764435412690842], [-75.94404966511787, 5.778292909712636], [-75.9450789709401, 5.788782927379917], [-75.95391290552776, 5.792538153173868], [-75.95530216269107, 5.798324106641417], [-75.95304249191635, 5.803558260575134], [-75.94567501840245, 5.807863708936376], [-75.92400927161533, 5.812263256619409], [-75.91531167613495, 5.819000565434142], [-75.91056250241675, 5.832613685804043], [-75.91162053636175, 5.843277563137199], [-75.91525775116678, 5.847439211488251], [-75.90773452864723, 5.849263900268636], [-75.90507425147662, 5.845441804836707], [-75.90801779889735, 5.840880743879183], [-75.88528126118985, 5.839882798733059], [-75.87091785556694, 5.829369315099827], [-75.86960089481771, 5.822330389067188], [-75.87496226501216, 5.809419739427153], [-75.87604608150413, 5.792753784761993], [-75.87369711459692, 5.775902096942292]]]}}, {"type": "Feature", "properties": {"code": "05360", "name": "Itagüí", "subregion": "Valle de Aburrá", "zona": "Sur", "circuits_count": 0, "circuits_ids": [], "circuits_names": [], "km_intervencion": 0}, "geometry": {"type": "Polygon", "coordinates": [[[-75.58342948248921, 6.188774277151304], [-75.60160583584458, 6.170773989953246], [-75.60455364038145, 6.163562292525579], [-75.6243457655906, 6.154026461830347], [-75.6249972031734, 6.160796053539511], [-75.64541830718491, 6.165571730445588], [-75.64764479149808, 6.171522150667354], [-75.63495980174527, 6.175347547370595], [-75.63692847047021, 6.180486007378658], [-75.6271300273384, 6.188365039159737], [-75.62912361712594, 6.196414768641925], [-75.59871792198774, 6.200044617457166], [-75.59231559392353, 6.196502290994125], [-75.5918025220473, 6.193076443888509], [-75.58724846600208, 6.196771801555447], [-75.5811302328414, 6.196390539731636], [-75.58342948248921, 6.188774277151304]]]}}, {"type": "Feature", "properties": {"code": "05361", "name": "Ituango", "subregion": "Norte", "zona": "Río Cauca", "circuits_count": 0, "circuits_ids": [], "circuits_names": [], "km_intervencion": 0}, "geometry": {"type": "Polygon", "coordinates": [[[-75.60171266529481, 7.589681601545379], [-75.59436186990249, 7.575934667254355], [-75.57944010653326, 7.567093515427715], [-75.57199235597231, 7.558085719223162], [-75.56778577816043, 7.523878594029388], [-75.55941824617334, 7.51249053832307], [-75.55749507262597, 7.500622464098278], [-75.54162191881069, 7.491755505935545], [-75.54733874158329, 7.465648086153784], [-75.5430945890397, 7.455433104214869], [-75.54546271072371, 7.448404846671345], [-75.54261249915932, 7.441589436771309], [-75.5471997003436, 7.428951126911688], [-75.552619171774, 7.424546878244989], [-75.55208932745312, 7.406451064382046], [-75.56791498194943, 7.380035087649365], [-75.55550464400991, 7.374281967452325], [-75.54850039080641, 7.376318270664295], [-75.5395882300255, 7.370395996441112], [-75.52230871063233, 7.378879266700156], [-75.51533621377244, 7.378321626110604], [-75.51536365011785, 7.3469912145828], [-75.52069842389167, 7.341444313902758], [-75.52024320262144, 7.325281377343078], [-75.5289920433955, 7.308306661561172], [-75.52959555406127, 7.299506619973564], [-75.52143299516412, 7.294948760672701], [-75.51541028346088, 7.297393746645573], [-75.51047919101617, 7.294147678433401], [-75.49952382110467, 7.301676304345921], [-75.49384370618952, 7.299989540146194], [-75.48779374858373, 7.303856718621293], [-75.48379093383112, 7.299262472774489], [-75.48373450705485, 7.290313006316577], [-75.47520841972516, 7.286877968711773], [-75.47048957852084, 7.27408410805717], [-75.46420743965176, 7.269783489744073], [-75.4616269580312, 7.271432726184947], [-75.45888297584244, 7.262390379236522], [-75.44853883851486, 7.258316169160733], [-75.44429143856155, 7.249283569490048], [-75.47792073899512, 7.223528202126646], [-75.51058598004218, 7.230381050219407], [-75.53454298865763, 7.204571831566812], [-75.56359620725352, 7.201526119062334], [-75.5830352586234, 7.189639015618901], [-75.59602998748618, 7.185535699840803], [-75.60451481249993, 7.178746767843604], [-75.61230950859326, 7.160792750150679], [-75.63071291203502, 7.148686092314557], [-75.63548495775868, 7.140356411995569], [-75.66080033766131, 7.137938292055417], [-75.6650912564986, 7.116400028194994], [-75.67501191272986, 7.092962606708419], [-75.68813433261869, 7.083546016828837], [-75.69737138798673, 7.088363813856106], [-75.72189341535632, 7.08045284679396], [-75.73025959987048, 7.081985223166379], [-75.73753123122839, 7.074637444878871], [-75.74379397457218, 7.076645709524498], [-75.75351169329595, 7.064082154719448], [-75.76464757068064, 7.062540263699197], [-75.77006703043294, 7.054916471986714], [-75.77404548916324, 7.054611899488226], [-75.77528280887263, 7.04598873405789], [-75.77779813748226, 7.045058369480318], [-75.79677534699827, 7.06061323570054], [-75.79488367467297, 7.078732832729511], [-75.80354491353715, 7.079970151349848], [-75.81782762798969, 7.092193443500938], [-75.82256751402618, 7.091079858073478], [-75.83360741989748, 7.101493565840022], [-75.85474785885592, 7.100318183394267], [-75.86450648595938, 7.091542225890454], [-75.86864303919656, 7.09644787211434], [-75.8677626605737, 7.102797727184554], [-75.87551948638962, 7.104225777791148], [-75.87932186454447, 7.115632914299618], [-75.87348782510203, 7.14257712478337], [-75.89423478220309, 7.159212857401807], [-75.88852407605928, 7.159629262896201], [-75.87995801549606, 7.166708158729663], [-75.87388682261525, 7.177920775810635], [-75.88133453544695, 7.195600169045288], [-75.88608155949669, 7.222012187905202], [-75.89959689799923, 7.217526904948913], [-75.90674717774205, 7.219656520195209], [-75.90827936225693, 7.208997365774603], [-75.9146606050648, 7.200516363728096], [-75.92215590794532, 7.198565206689307], [-75.91849986535026, 7.189920626254354], [-75.9305060180058, 7.183022546808337], [-75.94522014028868, 7.185506659908972], [-75.95270729185629, 7.180993095945376], [-75.95412785979883, 7.178501954554717], [-75.94719082034153, 7.173149668626396], [-75.9488709385191, 7.15817115346296], [-75.95429247876959, 7.149058533571796], [-75.96096321535586, 7.146231876280317], [-75.96871249352678, 7.129557315595417], [-75.97782305711965, 7.134039734407978], [-75.98453390168672, 7.131896513793944], [-75.99167282672435, 7.145832089148782], [-76.00078888261689, 7.14382603533843], [-76.01317908302269, 7.157976068013808], [-76.02952597957272, 7.157012386170894], [-76.04280337322112, 7.167600987955201], [-76.05610456054642, 7.172002991394184], [-76.07506886396673, 7.162604121896462], [-76.09212959867247, 7.158796982749555], [-76.10167123861739, 7.138143260467642], [-76.11409202396365, 7.13638245997761], [-76.13192960465909, 7.149303282453812], [-76.137164419298, 7.147399715305472], [-76.14056704804972, 7.13664454894961], [-76.15748501620227, 7.127269473555173], [-76.17628275849421, 7.130096272962551], [-76.19127336156028, 7.14018518658703], [-76.20269477564455, 7.138376800198057], [-76.21680022194879, 7.147491182289417], [-76.35591648442578, 7.364163701555696], [-76.36669211941522, 7.372316335352997], [-76.37360172612037, 7.386620946594296], [-76.38092539328946, 7.391709821653785], [-75.84549601452336, 7.347087267707209], [-75.84561876930692, 7.35427953330667], [-75.83373335022557, 7.371340716213418], [-75.83572471758112, 7.389415524819261], [-75.83210975763895, 7.402072373873082], [-75.82874595856536, 7.408512922005797], [-75.8176588821585, 7.415823578455977], [-75.8212526616229, 7.422708850889372], [-75.82746759123737, 7.426034581622358], [-75.82746759123737, 7.432374745891173], [-75.82362075186587, 7.437005203526373], [-75.82508112505695, 7.442187750782166], [-75.81126989856784, 7.447156587151498], [-75.80120756094827, 7.446399685585182], [-75.78777923775574, 7.459836913610376], [-75.7874942858594, 7.476292843899468], [-75.78151031220615, 7.484547522624516], [-75.78289054399579, 7.490976735137887], [-75.77512562525749, 7.501377450366403], [-75.78725385896013, 7.512223403205443], [-75.76678166326681, 7.529083543717905], [-75.77639834487731, 7.544913897448977], [-75.7732675202794, 7.548778142247252], [-75.77387344382002, 7.564880460422096], [-75.7680864778951, 7.566807663788535], [-75.76089425670999, 7.577312091921661], [-75.76525372329164, 7.601943784758456], [-75.75504371431747, 7.607790092431887], [-75.75171047772649, 7.613615368524897], [-75.74307770916862, 7.61221688208891], [-75.71186875846966, 7.581286821988235], [-75.69715793569881, 7.580995518552286], [-75.68739702328125, 7.585309184059406], [-75.68279033584184, 7.583446755255527], [-75.67724214122113, 7.595185672326535], [-75.6712961905589, 7.597969970438119], [-75.66696166120956, 7.593982203611313], [-75.65343953144347, 7.592694202139886], [-75.64640948670984, 7.585842216918405], [-75.63318152914817, 7.583121026355675], [-75.60583321145192, 7.58528262358164], [-75.60171266529481, 7.589681601545379]]]}}, {"type": "Feature", "properties": {"code": "05364", "name": "Jardín", "subregion": "Suroeste", "zona": "San Juan", "circuits_count": 0, "circuits_ids": [], "circuits_names": [], "km_intervencion": 0}, "geometry": {"type": "Polygon", "coordinates": [[[-75.80670174166758, 5.653730051482165], [-75.78651381874424, 5.654092767921258], [-75.77531390944608, 5.637596202635263], [-75.76753671612775, 5.639366503338653], [-75.76535197113594, 5.643663795665401], [-75.75783837316636, 5.639043244584583], [-75.75069941399275, 5.621768213871762], [-75.75226041017375, 5.613151511759042], [-75.75881659808658, 5.605866860627121], [-75.76035678120076, 5.593649458059378], [-75.75255179760079, 5.593940846328561], [-75.74241247256475, 5.589470542871365], [-75.73053329857126, 5.563375619291795], [-75.74477199467653, 5.552277817080534], [-75.76475946662906, 5.548318390652822], [-75.77149215103732, 5.537291970807986], [-75.78567968629054, 5.539968863773141], [-75.80504255064287, 5.520724971824869], [-75.80685688970028, 5.514389656822844], [-75.81699934267016, 5.51209942682658], [-75.83249416741027, 5.488838933622526], [-75.85232864010024, 5.493564042574382], [-75.85683397781267, 5.50282196203884], [-75.86227499623348, 5.506332879429267], [-75.86802412601695, 5.490242125487538], [-75.87501568333052, 5.490376437028402], [-75.88357222534498, 5.483399856547023], [-75.90517773110915, 5.479918709069285], [-75.89617817862413, 5.485116844803243], [-75.88777963230184, 5.498655917306453], [-75.88357187859528, 5.500639453880326], [-75.88587114980264, 5.51018727654723], [-75.88259761075388, 5.513447825182527], [-75.88365351928492, 5.524812022516686], [-75.87153904328085, 5.530985090308719], [-75.87347972948469, 5.575739424139847], [-75.88247740718572, 5.589943343586993], [-75.87907234130464, 5.598448699768526], [-75.88144468327384, 5.609063344406197], [-75.87886774550708, 5.618708593295564], [-75.88117675894371, 5.624412929119615], [-75.87762555423389, 5.630058813227865], [-75.87971535807995, 5.632479864861022], [-75.87202838615885, 5.637273262042627], [-75.85877916008448, 5.635104704824], [-75.83266879002005, 5.626158765784521], [-75.8294731923986, 5.622010548047755], [-75.82561797983033, 5.640611121165697], [-75.81335519736272, 5.645587824334967], [-75.8098662980044, 5.655256071457726], [-75.80670174166758, 5.653730051482165]]]}}, {"type": "Feature", "properties": {"code": "05368", "name": "Jericó", "subregion": "Suroeste", "zona": "Cartama", "circuits_count": 0, "circuits_ids": [], "circuits_names": [], "km_intervencion": 0}, "geometry": {"type": "Polygon", "coordinates": [[[-75.66552321679286, 5.800682222724857], [-75.67610371704134, 5.797430233012144], [-75.68730385810483, 5.775087078810536], [-75.70781590486077, 5.770108473520112], [-75.71286859505898, 5.757103846915881], [-75.7315136650751, 5.741866750166952], [-75.73533722280939, 5.734971383142575], [-75.74475003266447, 5.734321620154192], [-75.74380035620396, 5.716545005352784], [-75.75095771736618, 5.718411774889741], [-75.75468981762138, 5.707878547004101], [-75.76171320494043, 5.706594382338621], [-75.7709690629457, 5.689801469999816], [-75.79959438971724, 5.679730667295028], [-75.80306657052982, 5.675616402380012], [-75.80004384739661, 5.662378401582045], [-75.8092674397135, 5.654077068461999], [-75.81121214857316, 5.664321313966742], [-75.81694037276334, 5.667549946794957], [-75.8160503677939, 5.677444154435737], [-75.82803703060105, 5.69746926640129], [-75.82659787382033, 5.70926656630095], [-75.83375578654811, 5.720741949636133], [-75.83655176502216, 5.729210684334206], [-75.83292345611487, 5.734689430549724], [-75.83745884247357, 5.739539271558709], [-75.83644291526089, 5.743723922363033], [-75.82477185396925, 5.751524786002909], [-75.8197360637765, 5.764016750623497], [-75.81992503787124, 5.779768149073307], [-75.81234906897316, 5.796882070099024], [-75.82410491685455, 5.813023637724904], [-75.8150963237245, 5.830503189806921], [-75.81227502353924, 5.809571961814364], [-75.79685899542257, 5.814039503605724], [-75.79094866924959, 5.820937974995634], [-75.78386926658268, 5.822088494564926], [-75.77419191635117, 5.839578238085869], [-75.76724241097268, 5.844987532206732], [-75.7668991108037, 5.85485045043242], [-75.75856222843578, 5.869750238456398], [-75.7599488238909, 5.873741522380008], [-75.75719522254207, 5.874165689521961], [-75.72664097300533, 5.832975233839243], [-75.69957447478, 5.828603729025873], [-75.6858504935696, 5.817922699967017], [-75.67680932842566, 5.814941132270143], [-75.66552321679286, 5.800682222724857]]]}}, {"type": "Feature", "properties": {"code": "05376", "name": "La Ceja", "subregion": "Oriente", "zona": "Valle de San Nicolás", "circuits_count": 0, "circuits_ids": [], "circuits_names": [], "km_intervencion": 0}, "geometry": {"type": "Polygon", "coordinates": [[[-75.38670406051735, 6.057636469421046], [-75.37254658019859, 6.054387125393085], [-75.37390164029566, 6.046524120860923], [-75.36035024431592, 6.031119064435182], [-75.36598971495604, 6.022865512965097], [-75.36604225472206, 6.015313026715558], [-75.37081423037714, 6.016018211617276], [-75.3803040348352, 6.000830667089293], [-75.38774088703512, 5.99568890071769], [-75.40073639743218, 6.00265680548716], [-75.40221833198673, 5.996984360520186], [-75.41108116807203, 5.991793730485155], [-75.41113735948969, 5.987250420052703], [-75.41868810369458, 5.981297164407732], [-75.41943052444597, 5.973880112993342], [-75.41146586530425, 5.958490671778779], [-75.40926823487801, 5.945162486202859], [-75.41415853213071, 5.928510054749622], [-75.41278373694519, 5.922632293042056], [-75.41840639022485, 5.9096814112997], [-75.41550261571334, 5.901853055547421], [-75.41857123287612, 5.900299615525748], [-75.42481560118077, 5.904263565255365], [-75.43203182355364, 5.902350462745625], [-75.44088794563052, 5.915990745184646], [-75.44809553519353, 5.914574560275708], [-75.44138303592969, 5.922691730002517], [-75.44585035873594, 5.921517331500365], [-75.44891678400941, 5.928012984702885], [-75.44550642884793, 5.933628429227217], [-75.4606407345117, 5.938737113594807], [-75.46789972298032, 5.945722176604442], [-75.47636397657405, 5.944516910806025], [-75.48151191783678, 5.934545226252217], [-75.49967153917169, 5.941051828522764], [-75.50805740757035, 5.959808033475135], [-75.48095972432994, 5.976607811145553], [-75.4799741044783, 5.988629366982669], [-75.45849048482681, 6.001210855647577], [-75.45571726786544, 6.026137187869172], [-75.45030899752831, 6.036986013388884], [-75.44406193517614, 6.041118288231559], [-75.44498657738627, 6.059644742780488], [-75.43824855249365, 6.065501975943646], [-75.43341906759241, 6.06271353003244], [-75.42711144621364, 6.067145214655482], [-75.41726739471656, 6.068551936124559], [-75.38670406051735, 6.057636469421046]]]}}, {"type": "Feature", "properties": {"code": "05380", "name": "La Estrella", "subregion": "Valle de Aburrá", "zona": "Sur", "circuits_count": 0, "circuits_ids": [], "circuits_names": [], "km_intervencion": 0}, "geometry": {"type": "Polygon", "coordinates": [[[-75.64764479149808, 6.171522150667354], [-75.64541830718491, 6.165571730445588], [-75.6249972031734, 6.160796053539511], [-75.6243457655906, 6.154026461830347], [-75.63401157247071, 6.150224901289521], [-75.62859047598796, 6.143234849317155], [-75.62754548108931, 6.134457602085626], [-75.6200207323321, 6.127515684069975], [-75.61346519929111, 6.126007871983982], [-75.60617100315159, 6.116254399479873], [-75.62942393380689, 6.106029776364246], [-75.63463797580316, 6.112898513461674], [-75.65759120512348, 6.108635654052358], [-75.66351458381757, 6.111943531814264], [-75.66702867283479, 6.119862248435986], [-75.67249479647283, 6.118870347296921], [-75.67834206630278, 6.134929993978941], [-75.67947103391755, 6.163823275366646], [-75.67455999276831, 6.167596870658508], [-75.66962151527363, 6.164616394871844], [-75.66001777030156, 6.170680828708511], [-75.64764479149808, 6.171522150667354]]]}}, {"type": "Feature", "properties": {"code": "05390", "name": "La Pintada", "subregion": "Suroeste", "zona": "Cartama", "circuits_count": 0, "circuits_ids": [], "circuits_names": [], "km_intervencion": 0}, "geometry": {"type": "Polygon", "coordinates": [[[-75.5690310120275, 5.724898241014468], [-75.57258376004297, 5.72310689053462], [-75.58695570505098, 5.734718658444828], [-75.59926247442476, 5.737311281191757], [-75.5996176098976, 5.716841374824331], [-75.59547734841496, 5.711273434871314], [-75.59974657653137, 5.69670875307597], [-75.59788583769289, 5.683624571940163], [-75.61467881605346, 5.669699406328315], [-75.62281746988256, 5.678512537905084], [-75.62426151439672, 5.693715799662618], [-75.61804601884361, 5.704146878250108], [-75.62296633060662, 5.719752302921896], [-75.61660087299491, 5.731306818038432], [-75.61642360664327, 5.739960616987681], [-75.63153349340266, 5.754385065775624], [-75.63909310038616, 5.759373245533595], [-75.64211887599473, 5.757391507732509], [-75.64008015035573, 5.762452429648709], [-75.62412863200665, 5.752145305051892], [-75.61785069994802, 5.765582283709278], [-75.62086828112457, 5.783452248134625], [-75.61938156932935, 5.800939493856114], [-75.6111588547492, 5.810382149781639], [-75.59918927879708, 5.808811294530739], [-75.58928732459174, 5.793106174460688], [-75.58257481903968, 5.788382609344522], [-75.5798904688161, 5.769539204691318], [-75.5722430344456, 5.746574297808999], [-75.56739640340052, 5.741447784572525], [-75.5690310120275, 5.724898241014468]]]}}, {"type": "Feature", "properties": {"code": "05400", "name": "La Unión", "subregion": "Oriente", "zona": "Valle de San Nicolás", "circuits_count": 1, "circuits_ids": [17], "circuits_names": ["Abejorral - La Frontera"], "km_intervencion": 25.49}, "geometry": {"type": "Polygon", "coordinates": [[[-75.28469796330039, 5.873925231106575], [-75.29469225174054, 5.871558664923411], [-75.29716355751137, 5.874265820775559], [-75.29781536250509, 5.870024999700081], [-75.30778083568589, 5.86750961588828], [-75.31504231158952, 5.87761835316082], [-75.31663792614663, 5.875181940397059], [-75.32259998000863, 5.876691559991188], [-75.3234694458974, 5.880264969311829], [-75.34091896247494, 5.879035299035684], [-75.3478976235743, 5.885830509971559], [-75.35489157130486, 5.881916955528944], [-75.35810955045163, 5.885647060739884], [-75.38102524007454, 5.881809945039647], [-75.40201472703093, 5.899313924696149], [-75.40774747064532, 5.901263055984623], [-75.41133234690693, 5.897532951134883], [-75.41106481873385, 5.901041390036791], [-75.41758568039812, 5.903748886546051], [-75.41837128855512, 5.909836905304958], [-75.41255570949178, 5.923885358092903], [-75.41415853213071, 5.928510054749622], [-75.40910232862146, 5.940807011217931], [-75.41026017347934, 5.954837541840114], [-75.41943052444597, 5.973880112993342], [-75.41868810369458, 5.981297164407732], [-75.41113735948969, 5.987250420052703], [-75.41108116807203, 5.991793730485155], [-75.40221833198673, 5.996984360520186], [-75.40073639743218, 6.00265680548716], [-75.38774088703512, 5.99568890071769], [-75.3803040348352, 6.000830667089293], [-75.37081423037714, 6.016018211617276], [-75.36604225472206, 6.015313026715558], [-75.36598971495604, 6.022865512965097], [-75.36165651511328, 6.03006710547546], [-75.35304039054098, 6.032554397767689], [-75.35147425689487, 6.036628849637267], [-75.34162685917333, 6.032803667465609], [-75.33438546420957, 6.010069938852498], [-75.34247632137736, 6.007494753666921], [-75.3451782300715, 6.002095988645385], [-75.33393121850975, 5.98911167479595], [-75.32448240777136, 5.963836017215687], [-75.32038872034292, 5.963580762906735], [-75.3197818913005, 5.953115374294304], [-75.31484807067227, 5.94916648740258], [-75.30043678843798, 5.952239513147832], [-75.2978482471327, 5.958950247895919], [-75.29313096809867, 5.960413290553259], [-75.28864284300538, 5.955002357168859], [-75.28934788216286, 5.943581784426791], [-75.28605530691492, 5.93252917000726], [-75.290956734294, 5.930106458495403], [-75.29447162101519, 5.9158776357723], [-75.28925673819582, 5.908776966443877], [-75.29037011105727, 5.898738631302471], [-75.28568543547814, 5.892811731504126], [-75.2822274929628, 5.877535345537197], [-75.28469796330039, 5.873925231106575]]]}}, {"type": "Feature", "properties": {"code": "05411", "name": "Liborina", "subregion": "Occidente", "zona": "Cauca Medio", "circuits_count": 0, "circuits_ids": [], "circuits_names": [], "km_intervencion": 0}, "geometry": {"type": "Polygon", "coordinates": [[[-75.72681615975709, 6.797970393196291], [-75.7249560614174, 6.768800586758934], [-75.71743758918907, 6.743803061676248], [-75.71993068180046, 6.731683615003696], [-75.71372821361561, 6.714450215369796], [-75.71548335728907, 6.705662809007868], [-75.71832279984984, 6.704349798849169], [-75.71468849738297, 6.694931386306544], [-75.71290047357347, 6.670602583020771], [-75.7195333919846, 6.65182414827053], [-75.73022025635599, 6.65363215153274], [-75.73488399939237, 6.647207606847208], [-75.74661416803305, 6.650993528870515], [-75.75121763141891, 6.647351366857218], [-75.7716619613721, 6.664845163747874], [-75.78584688701943, 6.66581642982587], [-75.78964715233673, 6.658922298274189], [-75.79714840386104, 6.655690397121881], [-75.80704696153632, 6.653947441264167], [-75.81954434712519, 6.657638341239011], [-75.82416946529929, 6.641628383985805], [-75.83321351493359, 6.649882230696176], [-75.83599034671568, 6.661173454088031], [-75.83277114226688, 6.684314057125208], [-75.84782837068263, 6.711525574390117], [-75.85580432434243, 6.711487502383799], [-75.86080119143226, 6.719387314762746], [-75.8628094569966, 6.734254184503716], [-75.85709875085278, 6.736072093647816], [-75.84625792691979, 6.746808220518635], [-75.85697026032612, 6.757577663005929], [-75.86130575266947, 6.772770007701037], [-75.87130419761446, 6.784184018445633], [-75.85243151965815, 6.788699356801725], [-75.84359182058132, 6.780102435372973], [-75.82823324152372, 6.786421630466883], [-75.81877537037737, 6.783626119556493], [-75.81487504351719, 6.787978413806679], [-75.80835497147208, 6.789007899157589], [-75.79578353505939, 6.785819004601355], [-75.75992618814236, 6.786425662403023], [-75.75173190164769, 6.790754257312656], [-75.7491249978797, 6.80162853848957], [-75.74019980434065, 6.80572974187546], [-75.73410081399169, 6.80609008513085], [-75.72681615975709, 6.797970393196291]]]}}, {"type": "Feature", "properties": {"code": "05425", "name": "Maceo", "subregion": "Magdalena Medio", "zona": "Nus", "circuits_count": 0, "circuits_ids": [], "circuits_names": [], "km_intervencion": 0}, "geometry": {"type": "Polygon", "coordinates": [[[-74.56119885792299, 6.63858536021596], [-74.5675230684901, 6.627173570979859], [-74.57971068891788, 6.62590872924978], [-74.57729855517485, 6.621056252725429], [-74.58103195439395, 6.618996771037185], [-74.58043950109104, 6.615465555533222], [-74.58407886017463, 6.618253851488012], [-74.5903466448638, 6.613998530322378], [-74.59385905043818, 6.597804789539311], [-74.59706112221788, 6.598933274162582], [-74.60083213749121, 6.590394416207977], [-74.60659680723077, 6.588729902153689], [-74.60815787617531, 6.581695689525317], [-74.63040828697355, 6.570395776877832], [-74.63028417393727, 6.562594913073149], [-74.62178608709497, 6.555505873074639], [-74.62150135618421, 6.541232884802354], [-74.62859701566282, 6.528568666884034], [-74.63052166334556, 6.5144493194924], [-74.63748668173069, 6.505015388084911], [-74.6389727161962, 6.486304189175392], [-74.6454181427328, 6.475053466652893], [-74.65044622448211, 6.45008777231517], [-74.65936420634607, 6.451221250138311], [-74.66186935884014, 6.448400053477743], [-74.66328338974235, 6.45413780507236], [-74.67107188296866, 6.452776754798131], [-74.67827888323684, 6.455673413220706], [-74.67619463277587, 6.460980151988764], [-74.67976188948151, 6.463114747133448], [-74.67809700223957, 6.470948395429135], [-74.69570809699063, 6.473857441534821], [-74.69511580987604, 6.475989678529118], [-74.69846136057294, 6.474764504680445], [-74.71750989722081, 6.483084910022709], [-74.72845949545663, 6.481721091286482], [-74.73048327402759, 6.476659744845968], [-74.73596591948034, 6.476557591487942], [-74.74795131566293, 6.485711336398724], [-74.75715408323488, 6.48565021078964], [-74.75751033890688, 6.480939717837388], [-74.75194941246365, 6.47781579269671], [-74.74755709898363, 6.452379472561899], [-74.75026125526261, 6.44934900878109], [-74.74901167804114, 6.444652221502001], [-74.7429450099744, 6.444313952420361], [-74.74172174081437, 6.450052325122429], [-74.7376670833884, 6.4453791572942], [-74.73438324784985, 6.449122621610576], [-74.71923527431903, 6.440057694301042], [-74.72419157977882, 6.434043168671892], [-74.72563841535859, 6.419951474338944], [-74.7207418954759, 6.411485700783796], [-74.72300780594857, 6.408801282966444], [-74.719828289069, 6.399668154119807], [-74.72197090127736, 6.39860847504148], [-74.71711979213059, 6.396007982336479], [-74.71988838725983, 6.393239347043005], [-74.73286899999621, 6.395103737049693], [-74.73645759348649, 6.409829580345415], [-74.74175637446183, 6.413985899201705], [-74.75704179382437, 6.412702533473645], [-74.76075372600314, 6.425212772850561], [-74.76423191025678, 6.423679381012929], [-74.76976708469579, 6.428055159060772], [-74.77998658616755, 6.428101909855194], [-74.79160858237667, 6.455226133150934], [-74.79985524514396, 6.458283569609338], [-74.80631426408914, 6.454729186371547], [-74.80984237490962, 6.458127890460298], [-74.8116609189809, 6.465926512689363], [-74.81816544837501, 6.470626121330707], [-74.81721871479537, 6.476108995482978], [-74.82101245654708, 6.47689226422388], [-74.81698032886844, 6.482776989972938], [-74.82029729876622, 6.489901321553456], [-74.83118812741951, 6.498033690162079], [-74.84252132065468, 6.519810967365822], [-74.8534183225306, 6.530060896283159], [-74.86476299354014, 6.531278503632714], [-74.73461526472143, 6.603865433890284], [-74.73099086618058, 6.597338794958233], [-74.7234400114829, 6.606455073363033], [-74.71543402714315, 6.604996756659244], [-74.70261161401648, 6.61310933386198], [-74.69747554488856, 6.610253591441183], [-74.6950673475631, 6.61239894997655], [-74.69116434192678, 6.605687557812773], [-74.6877536579819, 6.605359398941348], [-74.68798498225239, 6.60162056084808], [-74.6822771983282, 6.601980992555273], [-74.67248627768858, 6.608958370186829], [-74.67220653602088, 6.613423462718437], [-74.67093156432466, 6.611034905329269], [-74.66739714822917, 6.614800644871563], [-74.67050295025484, 6.615089301851337], [-74.66821991609622, 6.617547542241373], [-74.67071001552108, 6.62011728344987], [-74.66525109098173, 6.618644189053886], [-74.6658252797383, 6.622370558466476], [-74.65264822790715, 6.623466204982152], [-74.64941669408107, 6.619250962997129], [-74.64481378136247, 6.618992164841783], [-74.63780906372997, 6.624635028025492], [-74.63300007568857, 6.623722165893845], [-74.6284974041759, 6.629914198834327], [-74.62783366596193, 6.637413084062005], [-74.62457167565444, 6.638171683561584], [-74.62397046108256, 6.653961120568383], [-74.61225597073854, 6.653042560378625], [-74.60334638093596, 6.656049284951218], [-74.60097478367011, 6.652175850817744], [-74.58609544324017, 6.648723678759054], [-74.5745549341088, 6.637909358286475], [-74.57354731541417, 6.64391711096612], [-74.5673518172576, 6.638934688028085], [-74.56119885792299, 6.63858536021596]]]}}, {"type": "Feature", "properties": {"code": "05440", "name": "Marinilla", "subregion": "Oriente", "zona": "Valle de San Nicolás", "circuits_count": 0, "circuits_ids": [], "circuits_names": [], "km_intervencion": 0}, "geometry": {"type": "Polygon", "coordinates": [[[-75.28418542412516, 6.258700356567179], [-75.24887302670051, 6.207821690111155], [-75.24493666032947, 6.195056615493075], [-75.25479457732298, 6.191600730245776], [-75.25118427514556, 6.181246875582494], [-75.25486525227797, 6.174450319596037], [-75.25369146771365, 6.169901702619796], [-75.26775666230662, 6.169059397450168], [-75.27054256886971, 6.161014920561644], [-75.27664977341364, 6.160784335710761], [-75.28281566489508, 6.155400730575239], [-75.28831014475338, 6.157993976618152], [-75.29351126717924, 6.151011154071903], [-75.30570291475442, 6.153695254687745], [-75.31133444877898, 6.151976691476022], [-75.30783033195974, 6.146139574497671], [-75.30938297830018, 6.120058039605039], [-75.30427374005315, 6.113563907945474], [-75.30257892723415, 6.100690680143414], [-75.31025820598317, 6.098589462082227], [-75.31365156501948, 6.09433044766207], [-75.31982819047025, 6.111514208923484], [-75.3471826203037, 6.123984146386629], [-75.34517876187414, 6.140980129436467], [-75.349459365357, 6.146046247270388], [-75.35113537104719, 6.144621232114898], [-75.35806902565251, 6.172627668557474], [-75.36414747512418, 6.174769248788714], [-75.36006904198761, 6.185897231757976], [-75.34738423728776, 6.192979670519426], [-75.345070932599, 6.200708959706296], [-75.32905321470169, 6.198669743005019], [-75.32520501617914, 6.201169429178311], [-75.3272771232141, 6.206212654046539], [-75.32215715459101, 6.205872783929393], [-75.33051136546077, 6.213569182805705], [-75.32720037924106, 6.217559906247604], [-75.3305881085355, 6.218502768668019], [-75.32966717277418, 6.221857608621894], [-75.3217705583203, 6.227839049746931], [-75.32828959281127, 6.22870145743209], [-75.3284816750769, 6.232351020782698], [-75.30738595425329, 6.24146969720695], [-75.29914427803413, 6.263062175817999], [-75.29271191928997, 6.258915638738439], [-75.28418542412516, 6.258700356567179]]]}}, {"type": "Feature", "properties": {"code": "05001", "name": "Medellín", "subregion": "Valle de Aburrá", "zona": "Centro", "circuits_count": 0, "circuits_ids": [], "circuits_names": [], "km_intervencion": 0}, "geometry": {"type": "Polygon", "coordinates": [[[-75.66872281820552, 6.373150439107834], [-75.65507499975817, 6.351112413038076], [-75.65190051613914, 6.333012951802086], [-75.6344300176115, 6.317320310757811], [-75.6259280024365, 6.31350936195829], [-75.61195307056326, 6.314851555469886], [-75.5979813474722, 6.306937849141488], [-75.57631475806534, 6.311174462035533], [-75.55653054791215, 6.309734143807948], [-75.53625143430936, 6.297975961284899], [-75.53127845881286, 6.2990797857851], [-75.52587558465565, 6.287173854608875], [-75.52161582208738, 6.288461389782288], [-75.51934948850821, 6.29752348090437], [-75.51409102032956, 6.302152696309536], [-75.49919811264391, 6.295316306890584], [-75.50078978449524, 6.290236166222702], [-75.49236280739251, 6.276290281121994], [-75.49626455987904, 6.270473159249678], [-75.4847903266527, 6.251971841232576], [-75.473189361801, 6.241628181574218], [-75.47284731478184, 6.236879805682134], [-75.48148743155876, 6.23042502905499], [-75.49154350702247, 6.228607698276916], [-75.49071571038648, 6.215891456033411], [-75.4845168507341, 6.208981138984148], [-75.48473417655752, 6.190933051608241], [-75.4969689809956, 6.192287625207121], [-75.5021061361867, 6.189862590459085], [-75.53243595692106, 6.197945802211779], [-75.53012093285686, 6.194988313543005], [-75.5328302364824, 6.177938717658003], [-75.53072109729818, 6.17682393065073], [-75.5400487109317, 6.17039086957694], [-75.54620476047089, 6.174849149406864], [-75.57957141687159, 6.183793181267503], [-75.58342948248921, 6.188774277151304], [-75.5811302328414, 6.196390539731636], [-75.58724846600208, 6.196771801555447], [-75.5910862386774, 6.193011329059223], [-75.59871792198774, 6.200044617457166], [-75.61305348253178, 6.198782939653865], [-75.62948561752418, 6.196284046825732], [-75.6271300273384, 6.188365039159737], [-75.63692847047021, 6.180486007378658], [-75.63601444634672, 6.174313412066259], [-75.66001777030156, 6.170680828708511], [-75.66962151527363, 6.164616394871844], [-75.67455999276831, 6.167596870658508], [-75.68000758056877, 6.164086541791369], [-75.68489332515963, 6.187028597590627], [-75.70239484880223, 6.204186906239271], [-75.69834781627638, 6.210442020550458], [-75.70230654800307, 6.236273671970101], [-75.70580281714, 6.242667105976875], [-75.7100502036186, 6.243579177751127], [-75.7078949341479, 6.25808763306165], [-75.71054597484074, 6.264609983719624], [-75.70641358259999, 6.283168438804654], [-75.70785249593725, 6.303026970858092], [-75.7106217037175, 6.314689408529797], [-75.71809234874178, 6.322648597868449], [-75.71868945711451, 6.330872414176286], [-75.71562248925859, 6.333980095682403], [-75.71928797943549, 6.341535087568328], [-75.71380713151164, 6.347234763717431], [-75.71763730713462, 6.363928891599847], [-75.71400884012384, 6.371390448800134], [-75.69927590262733, 6.373047563253833], [-75.69334923609931, 6.369713331846275], [-75.68846542647958, 6.37251034674997], [-75.685927218678, 6.369562701039202], [-75.66872281820552, 6.373150439107834]]]}}, {"type": "Feature", "properties": {"code": "05467", "name": "Montebello", "subregion": "Suroeste", "zona": "Cartama", "circuits_count": 1, "circuits_ids": [18], "circuits_names": ["Abejorral - Santa Barbara"], "km_intervencion": 26.2}, "geometry": {"type": "Polygon", "coordinates": [[[-75.56215376263887, 5.974563367568042], [-75.55279408274296, 5.969072766855702], [-75.54930800499294, 5.972263283698605], [-75.54260109504679, 5.972884717026373], [-75.54030482960236, 5.968534696623891], [-75.5343633426688, 5.971869206124377], [-75.52858099947434, 5.961229091170338], [-75.50954280063873, 5.962695423708033], [-75.49967153917169, 5.941051828522764], [-75.4813669998185, 5.934359735432711], [-75.47422008606306, 5.918671613853382], [-75.47647259726494, 5.909589069177642], [-75.48777967198322, 5.901232772521185], [-75.48866999315963, 5.887152984689907], [-75.48153470719721, 5.8783642452498], [-75.48451092275155, 5.871737713340907], [-75.50484839361012, 5.862134969947055], [-75.52566918324439, 5.868952282245942], [-75.5338564494051, 5.860340987785156], [-75.53758011807308, 5.87470059809414], [-75.54233353453436, 5.877475880502244], [-75.54824823909605, 5.891962480840956], [-75.54697869412246, 5.909234212548795], [-75.55535375848321, 5.923523981698299], [-75.55360198349204, 5.927499924805679], [-75.5564560012183, 5.939831248761012], [-75.55293276555484, 5.946365963623568], [-75.54980318692026, 5.946612000737976], [-75.55010827185873, 5.957742671126681], [-75.55851286204624, 5.964671044296391], [-75.56662220923754, 5.963568802241595], [-75.5826506970368, 5.973048081348733], [-75.58220827765768, 5.975234435733925], [-75.57965577676161, 5.972208326440969], [-75.56776899493597, 5.971527331119932], [-75.56215376263887, 5.974563367568042]]]}}, {"type": "Feature", "properties": {"code": "05475", "name": "Murindó", "subregion": "Urabá", "zona": "Atrato Medio", "circuits_count": 0, "circuits_ids": [], "circuits_names": [], "km_intervencion": 0}, "geometry": {"type": "Polygon", "coordinates": [[[-76.54746009775039, 7.002956052252661], [-76.54796826752008, 6.996664490022433], [-76.54278210114539, 6.988384414345082], [-76.54401942085481, 6.962495879975007], [-76.53634803919545, 6.955186173062423], [-76.53069446231044, 6.961983417831456], [-76.52457281285675, 6.9631662464335], [-76.51258671598826, 6.925507433312352], [-76.52402716357675, 6.911059345221336], [-76.52503605608247, 6.903939997131708], [-76.54123852958595, 6.889774821326227], [-76.56019535453153, 6.884858491348619], [-76.56008827804462, 6.876042588743159], [-76.5642880268637, 6.870783978939846], [-76.56134939232926, 6.861837206494711], [-76.57010141763101, 6.8541562458956], [-76.57256502843309, 6.846372444752386], [-76.57066064225158, 6.82353492974037], [-76.57734110669406, 6.813317751278295], [-76.57663074142526, 6.806123403437256], [-76.58031859875442, 6.804203904677849], [-76.57808195629202, 6.796033571266866], [-76.58025837030789, 6.793346364105725], [-76.57603244817467, 6.7863602683195], [-76.58562643474782, 6.767457830602825], [-76.59794252414268, 6.755008492035474], [-76.61872949579977, 6.747774928787445], [-76.60521649291697, 6.719007652556082], [-76.60184137686745, 6.715419048947324], [-76.58880854596192, 6.714463444227835], [-76.58422367321084, 6.698889109236717], [-76.57698895542458, 6.694105863052751], [-76.57424456989226, 6.669935677778906], [-76.56895663337902, 6.661486189815659], [-76.56734457695727, 6.648290082569743], [-76.57329421250878, 6.633332219722435], [-76.60202982365114, 6.64351485823507], [-76.6125028072382, 6.644694140321668], [-76.6208437068721, 6.64137496557878], [-76.63253502517335, 6.644405177671085], [-76.64048543254312, 6.652051002050216], [-76.64592888539833, 6.644944055709502], [-76.65602699662745, 6.645842186246028], [-76.66125958434276, 6.649770531649493], [-76.68353517671504, 6.647066377292221], [-76.68786473119435, 6.651236875738815], [-76.68980645495235, 6.660056907520924], [-76.70214791726241, 6.664302370959477], [-76.70836801308808, 6.66249228880221], [-76.71794498736637, 6.651006503363948], [-76.73440027104532, 6.642778861402575], [-76.7558579590295, 6.6404093002521], [-76.78580880300338, 6.648559478043181], [-76.79007749123231, 6.653284787330968], [-76.79968531904737, 6.655589554647508], [-76.84924299722832, 6.65927032678615], [-76.86455035883998, 6.671451230684639], [-76.87035926431908, 6.682189123754249], [-76.86633524932577, 6.697402188635245], [-76.86232441171936, 6.700415808488685], [-76.86657686469616, 6.711521386594472], [-76.85960951967442, 6.720632534169436], [-76.87108411402352, 6.723439681224912], [-76.8708117457277, 6.732796832457596], [-76.87535413984392, 6.736772524127081], [-76.87946918741318, 6.748726201953744], [-76.88687290884708, 6.751982903609306], [-76.88758360289928, 6.75741073530156], [-76.89736444084815, 6.757226230981215], [-76.90265364847751, 6.771225350817614], [-76.90103060835479, 6.777322694712153], [-76.9137293279584, 6.777323576937866], [-76.91679521963259, 6.78285094705338], [-76.92184555714307, 6.784225230018255], [-76.91474518061091, 6.786180934522211], [-76.91155683868202, 6.798405848598577], [-76.90538572888708, 6.805796025309757], [-76.91150412104956, 6.815667163259162], [-76.90911022580175, 6.823209409844089], [-76.90560019357633, 6.827778158278147], [-76.90007376244002, 6.827611223715241], [-76.8955339833196, 6.837397553678158], [-76.88894562314319, 6.840085849979432], [-76.88405055763295, 6.848223140442197], [-76.87713920550118, 6.852131327422497], [-76.86649236736392, 6.844767546849068], [-76.85507292148841, 6.846158850166185], [-76.850275928651, 6.835422724480644], [-76.83528532558493, 6.828684087529306], [-76.83432321105103, 6.838473696546619], [-76.82038298289383, 6.835309458255793], [-76.8179394880659, 6.837682636485406], [-76.81911728809953, 6.846190921468984], [-76.83152813268889, 6.854294890085892], [-76.83055740690465, 6.858589209107143], [-76.79804438448417, 6.861634287520562], [-76.78553793758901, 6.877529086091282], [-76.78808872000795, 6.89069226387156], [-76.79670236972166, 6.90159971291677], [-76.7968927263236, 6.934379169307299], [-76.80009403723025, 6.948564632018563], [-76.80831495158657, 6.950246906303045], [-76.81338292661935, 6.963514636554022], [-76.81881063380425, 6.962435442057125], [-76.82542333832487, 6.955187920803684], [-76.82876672138697, 6.955970862763066], [-76.81873657220066, 6.974698042317547], [-76.82241852670009, 6.977120935985297], [-76.83029028746503, 6.972402111118107], [-76.82875614102956, 6.979342802491406], [-76.83184559551367, 6.989140184273315], [-76.84252066500538, 6.988321922750934], [-76.83463708061467, 6.999268600589179], [-76.82477514186361, 7.005457573070513], [-76.70665981626968, 7.024915205233857], [-76.684018747019, 7.021338581221404], [-76.67568395682737, 7.029853724747632], [-76.6701687896664, 7.023142931198184], [-76.65917580549733, 7.019421049487898], [-76.65184714908517, 7.01069188824989], [-76.64548733379178, 7.00836091648277], [-76.63781334881473, 7.014135591699191], [-76.62818249628063, 7.016178788757699], [-76.6217294978445, 7.013457608340389], [-76.6156077998818, 7.016789559419864], [-76.60589564981449, 7.008238961171491], [-76.6031853571438, 7.000489473921354], [-76.59643397070965, 7.01087622094331], [-76.59293738267078, 7.011625604489587], [-76.58404592626053, 6.983122659021385], [-76.57200017407064, 6.979688362053178], [-76.56371348147596, 6.989117914669333], [-76.5534305930811, 6.994408409286402], [-76.54746009775039, 7.002956052252661]]]}}, {"type": "Feature", "properties": {"code": "05480", "name": "Mutatá", "subregion": "Urabá", "zona": "Urabá Centro", "circuits_count": 1, "circuits_ids": [24], "circuits_names": ["Mutata - Pavarando"], "km_intervencion": 10.0}, "geometry": {"type": "Polygon", "coordinates": [[[-76.38092539328946, 7.391709821653785], [-76.37360172612037, 7.386620946594296], [-76.36669211941522, 7.372316335352997], [-76.35591648442578, 7.364163701555696], [-76.21802559316662, 7.150103663184841], [-76.22571269175018, 7.148532659242053], [-76.24891180793007, 7.153988872664565], [-76.2686414373449, 7.144426704804976], [-76.27517103871858, 7.150983471413856], [-76.28036559176476, 7.149662428124219], [-76.28257154957367, 7.153549805489848], [-76.30319670590201, 7.155500372102004], [-76.31742720038874, 7.152539681631566], [-76.32423285494752, 7.158856104397517], [-76.3250937167725, 7.166398497066249], [-76.33057230902669, 7.166637357650176], [-76.35319697953184, 7.179012756755954], [-76.37409823396106, 7.177503020709545], [-76.38612959514009, 7.18074841844729], [-76.3941152407235, 7.18718883743654], [-76.42224636922296, 7.187582936829706], [-76.42391055308401, 7.190668613884855], [-76.43354939433594, 7.191217972108102], [-76.43157705329811, 7.172228195425072], [-76.44247590660184, 7.16207618375722], [-76.4432989816927, 7.155491933985199], [-76.4557471333158, 7.135471441272735], [-76.45888654850273, 7.132813912860323], [-76.47248740033211, 7.136585982416218], [-76.48527204199601, 7.135079676769215], [-76.49850854972256, 7.152246650502185], [-76.4962649785544, 7.157549126558873], [-76.50844436502423, 7.184072747352852], [-76.50444642183541, 7.19455305657072], [-76.51345819320494, 7.205469143217173], [-76.51780353018549, 7.224452680470714], [-76.52396901742505, 7.229341723273095], [-76.52599206746233, 7.24367647721596], [-76.5354580674637, 7.261701760225479], [-76.53696508747254, 7.254944037987227], [-76.54110427726506, 7.259642395760571], [-76.54666183951755, 7.258885474772717], [-76.55990452136504, 7.270893898440523], [-76.57895025167599, 7.304177900502007], [-76.58313717614605, 7.302773165230985], [-76.58386000014956, 7.297931609618101], [-76.59025631039967, 7.303809667977524], [-76.5901062899506, 7.300843363711928], [-76.59592979754464, 7.301347974597507], [-76.59827556465281, 7.306257722301545], [-76.60359445890735, 7.307935219427423], [-76.60448339128833, 7.313280372185123], [-76.61516926212302, 7.311861712313179], [-76.61544065125518, 7.316285815756748], [-76.62178363301847, 7.317509813965387], [-76.62476000667631, 7.326464413844773], [-76.63277029304795, 7.320316347783239], [-76.63731573694457, 7.320394836276652], [-76.65758669294624, 7.337179757609771], [-76.71574143704242, 7.371075457756533], [-76.74885562462747, 7.466436393430975], [-76.64410618392391, 7.468331140404494], [-76.6333443039381, 7.465583244064236], [-76.63430560639497, 7.463237095654124], [-76.63150022255991, 7.465154939905498], [-76.62892088629135, 7.459394266018966], [-76.6168824886087, 7.455713703510314], [-76.6102817972584, 7.462029684407015], [-76.60080342116736, 7.464229272342032], [-76.58183083707674, 7.48430934270825], [-76.57537156480666, 7.485740323593307], [-76.57434435295738, 7.493776186765419], [-76.57735108787519, 7.49714391951821], [-76.56878688233304, 7.50847261191928], [-76.55917768099394, 7.530369999306672], [-76.5520717169407, 7.53366648313444], [-76.53903778380231, 7.531058749643865], [-76.52729395717604, 7.547363444090989], [-76.5043639825435, 7.551364804246311], [-76.50209843319357, 7.555646549084923], [-76.49226976354907, 7.549210018768086], [-76.49436368886563, 7.541824173242387], [-76.48855780442084, 7.537807643333085], [-76.48031535115898, 7.53782667800195], [-76.47433814451475, 7.521646342235588], [-76.46249794662482, 7.516773208879704], [-76.46114641241523, 7.508911467351678], [-76.45378374937967, 7.503105587993891], [-76.45193122114289, 7.488854183603377], [-76.45573018839458, 7.483870592515526], [-76.4450277202867, 7.479581433903861], [-76.43883669933352, 7.469737478342736], [-76.43762394585218, 7.457248897573352], [-76.42732254497595, 7.449578428939107], [-76.42298686039312, 7.440985264370002], [-76.42413669497365, 7.433209410602177], [-76.41449389125302, 7.416042334276882], [-76.40304948029748, 7.412764579958726], [-76.38790654451878, 7.395040891793952], [-76.38092539328946, 7.391709821653785]]]}}, {"type": "Feature", "properties": {"code": "05483", "name": "Nariño", "subregion": "Oriente", "zona": "Páramo", "circuits_count": 0, "circuits_ids": [], "circuits_names": [], "km_intervencion": 0}, "geometry": {"type": "Polygon", "coordinates": [[[-75.23555149433064, 5.676167584381651], [-75.22826563994684, 5.675279067786454], [-75.20013163594015, 5.65765908992106], [-75.19337625110465, 5.65836769730381], [-75.19339987140673, 5.655320689232043], [-75.18065282423748, 5.6512422622769], [-75.17899153474825, 5.646951257902127], [-75.16918126799068, 5.650258085916409], [-75.16064354837637, 5.646555159338559], [-75.15708128091381, 5.65310595479524], [-75.15149066425214, 5.652152165996185], [-75.15001031522407, 5.656458970674779], [-75.1365414348931, 5.654262437730485], [-75.13581619981139, 5.660968829977873], [-75.12985015293795, 5.667085191937034], [-75.11141195954187, 5.664419231366733], [-75.10886311119575, 5.661484985565799], [-75.10550569914385, 5.665060852919809], [-75.10034154688351, 5.663140670320277], [-75.09905703507897, 5.668578206112986], [-75.09351960047873, 5.672283874528033], [-75.08616986599674, 5.671652216564381], [-75.06944243680415, 5.662218250956967], [-75.07684725777598, 5.656651725813655], [-75.08662493185842, 5.660975016002475], [-75.09368798159389, 5.655304466849475], [-75.09916247393711, 5.641932428569916], [-75.09159671618887, 5.627645464817335], [-75.08901279581744, 5.615022462437212], [-75.09618141376846, 5.608577744349732], [-75.09589989792809, 5.603254062785385], [-75.08949036807024, 5.602550270465732], [-75.08810792013679, 5.595024728702109], [-75.09520205158108, 5.581048440475413], [-75.10038927706951, 5.579711184588393], [-75.10628082216486, 5.571621016291822], [-75.11257627137151, 5.57158422704509], [-75.11397432304145, 5.565776915250928], [-75.11882485457149, 5.565659131797787], [-75.1207992823957, 5.559482709064895], [-75.12992213583998, 5.553125979158488], [-75.13348350498724, 5.543700429539905], [-75.13183572795653, 5.536871373227513], [-75.13620977239862, 5.528533051751911], [-75.15501733597154, 5.529845689365223], [-75.19658377296318, 5.51902472560769], [-75.20869907721395, 5.505879402680061], [-75.2205737470546, 5.503065736551036], [-75.24387277475871, 5.463645911804512], [-75.25049642345442, 5.459707568617475], [-75.26926433089912, 5.426214894247803], [-75.27861015338345, 5.418704945555638], [-75.28122835256782, 5.424537004905726], [-75.27915346255212, 5.437624040179657], [-75.28486654923145, 5.445241883606896], [-75.28701758134895, 5.458300365948157], [-75.28231576681252, 5.472291596772189], [-75.28395580755199, 5.485926490470977], [-75.282555536145, 5.491510074622902], [-75.27730451679669, 5.494520658915759], [-75.27523911568532, 5.506300446090634], [-75.25376244899415, 5.528214697895555], [-75.25250706775762, 5.564953355063746], [-75.24794098866063, 5.577463588451477], [-75.25218042235402, 5.58554250412145], [-75.26810808055086, 5.595927571637055], [-75.27166260633226, 5.603722779190098], [-75.25976732285079, 5.638748716010622], [-75.26270692846404, 5.650717112458417], [-75.26007092197578, 5.67038923110047], [-75.26368648199256, 5.68026959261546], [-75.25880291581628, 5.686822617560188], [-75.25287398643206, 5.686900632164486], [-75.24025160745792, 5.682422727828481], [-75.23555149433064, 5.676167584381651]]]}}, {"type": "Feature", "properties": {"code": "05495", "name": "Nechí", "subregion": "Bajo Cauca", "zona": "Bajo Cauca", "circuits_count": 0, "circuits_ids": [], "circuits_names": [], "km_intervencion": 0}, "geometry": {"type": "Polygon", "coordinates": [[[-74.56109131610876, 7.967532968673837], [-74.56943775026309, 7.960240167404406], [-74.57370275899262, 7.950905244023957], [-74.58355096250297, 7.951022545612052], [-74.58396499332247, 7.948165677857764], [-74.59792311861507, 7.941746894235832], [-74.60193884485325, 7.936435630033863], [-74.60084146649544, 7.929180187352803], [-74.60326320412717, 7.93197378653754], [-74.6137325405542, 7.930827314803491], [-74.61278227929046, 7.925283464494073], [-74.61673739529812, 7.917081306182181], [-74.62615727669109, 7.915700758756874], [-74.63363071188265, 7.90728601621907], [-74.63417980889669, 7.901595363663939], [-74.63862963970772, 7.901609628718482], [-74.6428584059071, 7.906829620587715], [-74.64597471462832, 7.904098395375236], [-74.6493165445033, 7.90563604878391], [-74.64974441297144, 7.912995382042984], [-74.65445631379188, 7.912198477716761], [-74.65627475545521, 7.90707475354563], [-74.66728856167427, 7.91849437645928], [-74.66747397215227, 7.923193797692832], [-74.68029576184813, 7.92981149607338], [-74.68413231550964, 7.92305830810355], [-74.69604720921376, 7.919221091496925], [-74.69990438190598, 7.920669014651597], [-74.69948042200764, 7.930069307281148], [-74.70360001415392, 7.933028450375171], [-74.72820318274987, 7.931255227858231], [-74.72581195460012, 7.934462285238341], [-74.73349904689547, 7.937409122288804], [-74.73419110988866, 7.942827400050021], [-74.74976562866921, 7.946271055796655], [-74.7566211469128, 7.952947052169304], [-74.759543998946, 7.963987691380346], [-74.77443876344937, 7.967998898804802], [-74.77823117749107, 7.965042384147875], [-74.77841069951238, 7.969855833199674], [-74.78910912430318, 7.973160172460406], [-74.78922132478048, 7.984161539187204], [-74.79120729415948, 7.987707113074145], [-74.79528398905599, 7.987502564684862], [-74.79325257121182, 7.992170224829355], [-74.79575075457592, 7.992794774367461], [-74.78569884909176, 7.997620212746632], [-74.78987344687951, 8.00967724122247], [-74.80902400519423, 8.00704757524511], [-74.81295231457548, 7.997574314960224], [-74.8036335502458, 7.981741765014577], [-74.8057372851653, 7.977518713283188], [-74.8137003084749, 7.975835726614624], [-74.8180168607388, 7.970849096581324], [-74.81440155404694, 7.953193311552873], [-74.82006957674002, 7.937222097409985], [-74.80684412637632, 7.917934334577476], [-74.81185212359252, 7.902584750624357], [-74.80082832990412, 7.894940968964645], [-74.80163457056656, 7.889638385745917], [-74.8086116551226, 7.882599281225225], [-74.8028658491057, 7.868404406914991], [-74.80587948937308, 7.857158383606692], [-74.79621378759586, 7.840914122501608], [-74.78460024363525, 7.838084239358993], [-74.78088832043964, 7.830880901585676], [-74.78474725113487, 7.82632368792619], [-74.79364116713238, 7.830733895356567], [-74.80102826254702, 7.826654453811907], [-74.80238807563026, 7.821582717586318], [-74.79092154006759, 7.811365739189283], [-74.79037026463897, 7.802692333054091], [-74.80503420074186, 7.790049741653815], [-74.81406832039903, 7.771054976163596], [-74.82271553835825, 7.767743831688769], [-74.92378380250342, 7.809991093821971], [-74.92549787071053, 7.812269451214662], [-74.92188659386103, 7.811171904229921], [-74.91783472660232, 7.821718562524121], [-74.921756777421, 7.823056069722896], [-74.91849954818454, 7.826340835440477], [-74.92106441888208, 7.828028457807779], [-74.91902275036222, 7.831191274498226], [-74.92582437867192, 7.834672732537708], [-74.923688298114, 7.836136125497681], [-74.92653640672229, 7.840077844744008], [-74.92239406114817, 7.840239133529279], [-74.92765755360422, 7.84538067647409], [-74.92429804488445, 7.848449081694], [-74.93028930117971, 7.850301924305197], [-74.93438592070922, 7.844828359723568], [-74.93320436931097, 7.850688387509839], [-74.94201422815071, 7.854633620020063], [-74.94559059556995, 7.862451728462624], [-74.9340436401281, 7.874978257150238], [-74.93567472196926, 7.885383917705675], [-74.92907184052628, 7.886991899007318], [-74.93091085181301, 7.888539808915813], [-74.92812923201045, 7.894491183369915], [-74.92292664712731, 7.898140618452688], [-74.92622273119476, 7.900354976491962], [-74.92325116442201, 7.902792044491598], [-74.92022869371539, 7.900755852946745], [-74.91199484721223, 7.908557007599279], [-74.91146034692325, 7.9054009116288], [-74.90891510890624, 7.907316203583222], [-74.90744523333608, 7.905260923698934], [-74.90752159013523, 7.911140424790652], [-74.90042673824207, 7.906399919511655], [-74.89498629114979, 7.91061228707634], [-74.90008313084927, 7.908614275948091], [-74.90224658397219, 7.912279419492843], [-74.89433352316206, 7.920309685560703], [-74.89668773263726, 7.932206597031143], [-74.90811267081239, 7.936742420988371], [-74.91781547301085, 7.961657918299239], [-74.92366420799301, 7.959826260237406], [-74.92675963896872, 7.962232782727519], [-74.92881436539955, 7.972657877362018], [-74.9386186529706, 7.986860416957852], [-74.95049349349117, 7.986741310852509], [-74.93463968669215, 8.028822116292247], [-74.93002493777138, 8.025202254593808], [-74.91482228917911, 8.024555577261246], [-74.91129426369855, 8.02737187360105], [-74.91342161622516, 8.09964730756295], [-74.89393909178543, 8.115603249933512], [-74.89274594942506, 8.124300118152808], [-74.88599663989582, 8.130428407569402], [-74.87498828555225, 8.15527609417168], [-74.86735307096454, 8.158753998757248], [-74.86554132534334, 8.16331571667078], [-74.87018812435682, 8.168087941209453], [-74.86508422210258, 8.179681205340618], [-74.85024925754936, 8.173194421519316], [-74.84961749666456, 8.178010770864965], [-74.84382211442374, 8.176571260176013], [-74.83838348821655, 8.18019750178273], [-74.83675941592955, 8.176162996728639], [-74.83112316215649, 8.177114539324402], [-74.83148883217268, 8.174620339824244], [-74.82273828998946, 8.169905218568918], [-74.81250158308504, 8.169240119033192], [-74.79863011467465, 8.159513522628666], [-74.78750736796447, 8.134014464160039], [-74.77356100072063, 8.12177883286703], [-74.76223752815515, 8.124707945416143], [-74.76069820472868, 8.13045626000713], [-74.73825826377856, 8.116521690289977], [-74.72858598902842, 8.11837493606238], [-74.7253443033413, 8.116498410642178], [-74.71808106584139, 8.098132566486933], [-74.71119873198828, 8.099368427345507], [-74.70359301268459, 8.08861547316517], [-74.69112210404043, 8.090251550106943], [-74.67974616716741, 8.078752322702103], [-74.6739426920042, 8.077895071571419], [-74.6676810886225, 8.060034019408167], [-74.65025860145356, 8.051513439899683], [-74.64289593482474, 8.057257267933156], [-74.63091895405975, 8.05464581656855], [-74.62568016168076, 8.035816279819043], [-74.61463070581966, 8.031822738005294], [-74.60313638177199, 8.037841373814546], [-74.60386017056608, 8.032210017801628], [-74.59767040186438, 8.024774019120354], [-74.59117025175732, 8.00432761139072], [-74.57916357448566, 7.995126657124289], [-74.57410597499442, 7.97939586550845], [-74.56109131610876, 7.967532968673837]]]}}, {"type": "Feature", "properties": {"code": "05490", "name": "Necoclí", "subregion": "Urabá", "zona": "Urabá Norte", "circuits_count": 1, "circuits_ids": [25], "circuits_names": ["San Pedro de Urabá - Necoclí"], "km_intervencion": 58.65}, "geometry": {"type": "Polygon", "coordinates": [[[-76.56544888467107, 8.611413709620399], [-76.57090283703533, 8.581816141173983], [-76.56522127583258, 8.578887053505722], [-76.56634170226565, 8.571859334520905], [-76.55745401518632, 8.565062371754133], [-76.55610439348999, 8.558689973562034], [-76.53554290974903, 8.552450269044883], [-76.53626821489931, 8.548885701588004], [-76.52604340168925, 8.53649271047067], [-76.52848968578613, 8.53284708542954], [-76.51050798926796, 8.524977287269497], [-76.50705488058718, 8.516926694064065], [-76.49845809045473, 8.516512690896802], [-76.50387049933036, 8.508743681895329], [-76.49148727344442, 8.504629103703772], [-76.48958956983031, 8.49955441732581], [-76.48038230169878, 8.495362688012955], [-76.48779402891851, 8.481975970140013], [-76.48126019737818, 8.468822954495902], [-76.4834399603134, 8.467613652633073], [-76.4859218635096, 8.471133226212686], [-76.48842314246818, 8.467863044958733], [-76.48389366253248, 8.465393873267006], [-76.4894041485725, 8.462899089743864], [-76.48520969083046, 8.454625060664268], [-76.47661203651872, 8.448181233326661], [-76.47976391044035, 8.440955079157884], [-76.47541663220046, 8.436685182565354], [-76.47650689051135, 8.43254358072847], [-76.46519572845853, 8.439088239624017], [-76.45830780169443, 8.448322156598104], [-76.4543378050941, 8.446344913873503], [-76.44974664772931, 8.453813006833071], [-76.43569046413694, 8.454614186553219], [-76.43703419108837, 8.451738696698195], [-76.43353935386601, 8.449888708520865], [-76.43941285989213, 8.444849993407106], [-76.4361833975811, 8.438259045057826], [-76.44020584770918, 8.42892267043703], [-76.43853798973862, 8.420979847811154], [-76.44226869850344, 8.41161234789166], [-76.43980670377057, 8.4075687556358], [-76.44091299431432, 8.402629315539187], [-76.44410176473961, 8.40184202472369], [-76.4415590644633, 8.396863499294387], [-76.44466904006177, 8.391228871526488], [-76.4279853758915, 8.379951285208415], [-76.42622014323908, 8.368008872441692], [-76.43176052341512, 8.361987397020803], [-76.43722993937867, 8.361637195774021], [-76.44436910606314, 8.369005448765794], [-76.44375068426196, 8.371965966355756], [-76.45422584446698, 8.374427050250224], [-76.45872695111441, 8.37127283008466], [-76.47027241175965, 8.371034150662485], [-76.46812370088884, 8.366596399197823], [-76.47529972904265, 8.365792580964769], [-76.47788678722938, 8.3614404042407], [-76.48053423825436, 8.371578950773765], [-76.48495211868567, 8.375768686999663], [-76.48959682642118, 8.378286157979728], [-76.49563113896801, 8.371971067738018], [-76.49674948580117, 8.379709074872611], [-76.50290753049862, 8.378823915443487], [-76.4946270075333, 8.381017778704948], [-76.49872919841422, 8.38453462104059], [-76.50059945400481, 8.382431181646915], [-76.49993796337569, 8.38876054704802], [-76.50397828907961, 8.386143140005661], [-76.50493483136383, 8.389769436496584], [-76.51131178651283, 8.386033682002374], [-76.51611955104883, 8.391560808285965], [-76.52070001307185, 8.391423987018348], [-76.52094985701024, 8.389008836697952], [-76.52203845972605, 8.3921973117743], [-76.53936093655611, 8.392060496063113], [-76.53768936495014, 8.394630312061807], [-76.54000933873155, 8.396010401022762], [-76.54782229847294, 8.3944887320463], [-76.55069192891881, 8.401484348285665], [-76.55364722001525, 8.398605200155584], [-76.56591096188355, 8.400080466656568], [-76.58084445904701, 8.39320382392686], [-76.58456593582568, 8.398662307722976], [-76.58358083969186, 8.388758993593129], [-76.59082391899679, 8.384456925224846], [-76.58659323669089, 8.37713770358514], [-76.5967973221741, 8.377186407804613], [-76.59143758601515, 8.3717552863202], [-76.59783833753603, 8.37320081085961], [-76.60406062704763, 8.365741199273387], [-76.60812950480455, 8.368447835492095], [-76.60683864819916, 8.372956913936425], [-76.60970589810954, 8.371469750851693], [-76.60730327842367, 8.364441106824568], [-76.6137966956577, 8.363406037205863], [-76.61046664000115, 8.353687230636783], [-76.61428768155433, 8.353519736544454], [-76.617156459499, 8.348786457787442], [-76.61682940536194, 8.340910839666288], [-76.62147247996026, 8.330476480006626], [-76.62837451925746, 8.330498136520452], [-76.63313223864895, 8.322379435717323], [-76.64929444516984, 8.32210096432571], [-76.6531950819488, 8.31245706412932], [-76.6671674149959, 8.306075538929699], [-76.68370360184765, 8.306660871461775], [-76.68314231739015, 8.299301736516114], [-76.67910336431198, 8.29612189361396], [-76.68570337294268, 8.27522850111377], [-76.68997153116558, 8.274020462853377], [-76.69237669038876, 8.282400315527646], [-76.70042542555288, 8.28220928633424], [-76.7018081196247, 8.287185163256579], [-76.70519240747329, 8.282577285066058], [-76.71376512545105, 8.285897754637125], [-76.71788746464549, 8.280007655165987], [-76.72247270301084, 8.279030831557861], [-76.7260410242201, 8.282755882183434], [-76.72918654076446, 8.27819251458573], [-76.72714906198708, 8.275735875918457], [-76.73021439221424, 8.276300831549628], [-76.73056794395724, 8.271456807012962], [-76.73366972332704, 8.272739800232271], [-76.73218626343316, 8.268365963130183], [-76.7369391651598, 8.262417545111214], [-76.74232004406727, 8.263273888774437], [-76.74189887972608, 8.266511143448918], [-76.74704188115305, 8.263056574445011], [-76.74719555954196, 8.269848341162534], [-76.75088253472552, 8.266222039355002], [-76.75104671801337, 8.271133249128292], [-76.75560457483058, 8.267878145259022], [-76.75514771952484, 8.270662113582448], [-76.77209712871236, 8.269906015141315], [-76.77432177597075, 8.266530890400773], [-76.75733737380969, 8.308729900391164], [-76.75326554508706, 8.329252810811118], [-76.75408493439032, 8.342215166593055], [-76.7610262165907, 8.351100233330419], [-76.75814542727235, 8.39292157727077], [-76.76773954140629, 8.413968763707894], [-76.77467832629019, 8.420165000473958], [-76.78813068750141, 8.420997360937589], [-76.80374322028982, 8.469886813784301], [-76.825077411482, 8.496617266208485], [-76.84802956462062, 8.510554485356568], [-76.91365898897334, 8.535096569454867], [-76.91719038762777, 8.538327617825221], [-76.91610556142942, 8.546329333848197], [-76.92829198889447, 8.541956351833033], [-76.93492288879115, 8.547700318687001], [-76.93142984191115, 8.537794981355473], [-76.9226381254469, 8.527456927905458], [-76.91528138051243, 8.534594872102668], [-76.9072796757467, 8.53225897396189], [-76.92728871624918, 8.52634634815122], [-76.93698006941935, 8.541277799728093], [-76.93755186686062, 8.55494987825224], [-76.8926886972179, 8.590445552283308], [-76.88612088151206, 8.602535252331524], [-76.88524518490847, 8.623096324986903], [-76.79845078681026, 8.631601321385187], [-76.67748774607011, 8.65946877410137], [-76.64513402189894, 8.67438953876345], [-76.63318404898298, 8.69553583324575], [-76.6409384771954, 8.710552144754597], [-76.62838174800055, 8.720402113199613], [-76.62445202377272, 8.702469967357727], [-76.62093595037705, 8.70117570850457], [-76.62419611620616, 8.693734338354801], [-76.61873777467342, 8.690840835075065], [-76.60418124833241, 8.691010983996465], [-76.60696705697913, 8.682883135900495], [-76.60167300383712, 8.668818906288244], [-76.60219480733788, 8.659746331204122], [-76.60614604531845, 8.65384182357903], [-76.60508456813098, 8.646072027227987], [-76.57744645931396, 8.635506715370415], [-76.57072390969873, 8.635614196147563], [-76.57666706660041, 8.618670833869775], [-76.57022606157163, 8.611128570016621], [-76.56544888467107, 8.611413709620399]]]}}, {"type": "Feature", "properties": {"code": "05501", "name": "Olaya", "subregion": "Occidente", "zona": "Cauca Medio", "circuits_count": 0, "circuits_ids": [], "circuits_names": [], "km_intervencion": 0}, "geometry": {"type": "Polygon", "coordinates": [[[-75.71957596943412, 6.651759876404521], [-75.71682811370982, 6.648174847076183], [-75.71917254412486, 6.627080110121034], [-75.72673186095251, 6.620650007810316], [-75.74669172857467, 6.615725875180603], [-75.75633996620446, 6.602201018632048], [-75.75985681035468, 6.602674529423453], [-75.76554369138051, 6.59023388161944], [-75.76513567388353, 6.578579375259793], [-75.75931432314447, 6.57316015279179], [-75.75951157970613, 6.563403648671816], [-75.7543644487238, 6.547698077396182], [-75.76880896682698, 6.540137339743779], [-75.78265084742685, 6.542519076776643], [-75.79013187158593, 6.538243186030074], [-75.80132808611332, 6.538262815966899], [-75.79704612168278, 6.566615677491719], [-75.79820016037884, 6.586484175246615], [-75.80494593144415, 6.592551801675275], [-75.80318513107935, 6.599357059363271], [-75.80940742238758, 6.603342657270648], [-75.81627216722745, 6.634406522161698], [-75.82278895233696, 6.641549835090248], [-75.82172155435343, 6.655546796589816], [-75.81864491074359, 6.657802527320641], [-75.80704696153632, 6.653947441264167], [-75.79714840386104, 6.655690397121881], [-75.78987558043873, 6.658722425019262], [-75.78500522309038, 6.665825481628431], [-75.7716619613721, 6.664845163747874], [-75.75121763141891, 6.647351366857218], [-75.74661416803305, 6.650993528870515], [-75.73488399939237, 6.647207606847208], [-75.73022025635599, 6.65363215153274], [-75.71957596943412, 6.651759876404521]]]}}, {"type": "Feature", "properties": {"code": "05543", "name": "Peque", "subregion": "Occidente", "zona": "Cuenca del Río Sucio", "circuits_count": 0, "circuits_ids": [], "circuits_names": [], "km_intervencion": 0}, "geometry": {"type": "Polygon", "coordinates": [[[-75.77537798717363, 7.045750786097599], [-75.77920868561611, 7.042175728509665], [-75.78797699917058, 7.042907113172467], [-75.7903513866037, 7.034858622252457], [-75.78845652975073, 7.03054070056455], [-75.79358773360308, 7.030272401283405], [-75.79782181513399, 7.021636552916414], [-75.81226799601876, 7.014023591638949], [-75.80597975669058, 7.007794041833464], [-75.81150502361031, 6.996978269959292], [-75.8120164668409, 6.986850012625415], [-75.82287416023662, 6.978465695641967], [-75.82528884429674, 6.968111060821428], [-75.82470194078564, 6.951275349375753], [-75.83179860458071, 6.936971098668432], [-75.8271086864336, 6.927769721998573], [-75.8335831995208, 6.902164342655366], [-75.83059221835812, 6.891321139450236], [-75.83483955542938, 6.880063908154753], [-75.84522605101753, 6.871681876452172], [-75.86365080471865, 6.88318212179586], [-75.87271060271821, 6.895460141170736], [-75.86933176854173, 6.900766340804644], [-75.8741501763172, 6.906488943150542], [-75.87677948047512, 6.918612296999942], [-75.88960477629553, 6.918076918398582], [-75.90168054119906, 6.927808916486653], [-75.90866425891515, 6.948843349769844], [-75.90446451009605, 6.972435704859752], [-75.91427978675799, 6.973482666543574], [-75.91770621008496, 6.963893438334268], [-75.92172749869138, 6.961454493587229], [-75.92825911947781, 6.962073153229325], [-75.92986525600183, 6.966201516712097], [-75.9384670084279, 6.962822683665169], [-75.9480681330143, 6.970044346064933], [-75.95437462970233, 6.966110615781355], [-75.96496186012894, 6.98063999927724], [-75.9799377523839, 6.989623484171758], [-75.98235199087965, 7.001197785774196], [-75.97603014288174, 7.004749666236196], [-75.97274444603393, 7.014182528684077], [-75.9731015101897, 7.043816197551082], [-75.96974726380085, 7.052417154669575], [-75.96842801055102, 7.074672727715027], [-75.96364529374009, 7.084809231824368], [-75.9656003197508, 7.095443664570779], [-75.96981249227026, 7.099868241974066], [-75.96790398551654, 7.11630065812947], [-75.97007816901555, 7.124907516229843], [-75.962903073313, 7.14332418291422], [-75.95429247876959, 7.149058533571796], [-75.9488709385191, 7.15817115346296], [-75.94719082034153, 7.173149668626396], [-75.95336610550588, 7.180210755299167], [-75.94522014028868, 7.185506659908972], [-75.9305060180058, 7.183022546808337], [-75.91849986535026, 7.189920626254354], [-75.92215590794532, 7.198565206689307], [-75.9146606050648, 7.200516363728096], [-75.90827936225693, 7.208997365774603], [-75.90674717774205, 7.219656520195209], [-75.89959689799923, 7.217526904948913], [-75.88608155949669, 7.222012187905202], [-75.88133453544695, 7.195600169045288], [-75.87388682261525, 7.177920775810635], [-75.87995801549606, 7.166708158729663], [-75.88852407605928, 7.159629262896201], [-75.89423478220309, 7.159212857401807], [-75.87348782510203, 7.14257712478337], [-75.87932186454447, 7.115632914299618], [-75.87551948638962, 7.104225777791148], [-75.8677626605737, 7.102797727184554], [-75.86864303919656, 7.09644787211434], [-75.86450648595938, 7.091542225890454], [-75.85474785885592, 7.100318183394267], [-75.83275081429032, 7.101029572255454], [-75.82256751402618, 7.091079858073478], [-75.81782762798969, 7.092193443500938], [-75.80354491353715, 7.079970151349848], [-75.79488367467297, 7.078732832729511], [-75.79547854085075, 7.058138596661812], [-75.78918486581678, 7.056520562392208], [-75.77869046190176, 7.045144934652698], [-75.77537798717363, 7.045750786097599]]]}}, {"type": "Feature", "properties": {"code": "05576", "name": "Pueblorrico", "subregion": "Suroeste", "zona": "Cartama", "circuits_count": 1, "circuits_ids": [23], "circuits_names": ["Andes - San José - Pueblo Rico"], "km_intervencion": 22.39}, "geometry": {"type": "Polygon", "coordinates": [[[-75.88485772709296, 5.907480876041682], [-75.88730172946902, 5.898697917188879], [-75.88289453270137, 5.887771315798119], [-75.88443417592806, 5.859439540283733], [-75.87440709808173, 5.852957956774613], [-75.86992552530013, 5.842371173052357], [-75.86648250469997, 5.845852772023941], [-75.86266335499877, 5.844627945431992], [-75.84663905245043, 5.819023618074143], [-75.82714252597036, 5.8232928354204], [-75.82113294314499, 5.821549412230692], [-75.82408450802961, 5.812819547038895], [-75.81234906897316, 5.796882070099024], [-75.81992503787124, 5.779768149073307], [-75.8197360637765, 5.764016750623497], [-75.82438483549035, 5.75215369507788], [-75.8367331797938, 5.743240145580615], [-75.83732580377661, 5.73897083733211], [-75.83292345611487, 5.734689430549724], [-75.83655176502216, 5.729210684334206], [-75.84987897474464, 5.743469300420684], [-75.86767137467285, 5.75290689670937], [-75.87573954848139, 5.779558226269542], [-75.8750498471591, 5.809001297453611], [-75.86960089481771, 5.822330389067188], [-75.87091785556694, 5.829369315099827], [-75.88528126118985, 5.839882798733059], [-75.90801779889735, 5.840880743879183], [-75.90507425147662, 5.845441804836707], [-75.90757441921919, 5.849218741155928], [-75.91501333754427, 5.84776155845546], [-75.91496998035709, 5.867031944161433], [-75.90432721158804, 5.890010360941467], [-75.89981713077091, 5.896756316760123], [-75.89105888643245, 5.899119957379178], [-75.89303923325609, 5.90533569181653], [-75.88976207848829, 5.909935210876447], [-75.88485772709296, 5.907480876041682]]]}}, {"type": "Feature", "properties": {"code": "05579", "name": "Puerto Berrio", "subregion": "Magdalena Medio", "zona": "Ribereña", "circuits_count": 2, "circuits_ids": [2, 6], "circuits_names": ["La Ye - Yondó", "Remedios - La Y De La Virgen - Puerto Berrío"], "km_intervencion": 55.0}, "geometry": {"type": "Polygon", "coordinates": [[[-74.35968254177618, 6.632512113451281], [-74.36760219442387, 6.622784061887533], [-74.37895222298579, 6.617430274859732], [-74.38744689892492, 6.603510427292735], [-74.40473599615565, 6.593854667978033], [-74.40894764226236, 6.585359991262633], [-74.40288997800971, 6.567025527456601], [-74.40673399756955, 6.542633673741111], [-74.39379523374899, 6.500460642497118], [-74.4046812680936, 6.470891261489753], [-74.39706791221171, 6.45180947405367], [-74.37332244157432, 6.42781470108608], [-74.36885550953524, 6.417928028949776], [-74.37113979055546, 6.408790897276892], [-74.39025347841763, 6.394085115747233], [-74.41583746177675, 6.39358972241276], [-74.42353263801135, 6.389977703164551], [-74.44039386228236, 6.371054152364239], [-74.45038759825863, 6.331878704861621], [-74.4666469234415, 6.315017956858354], [-74.48483291392326, 6.305677500674676], [-74.50283311393963, 6.287496056577689], [-74.53427764153363, 6.26933695130967], [-74.54273257241134, 6.271970119110404], [-74.55167733485057, 6.26340747642833], [-74.57670208101271, 6.260148073169019], [-74.58030705438385, 6.26270930987063], [-74.59843473701714, 6.253672885257022], [-74.60661667077834, 6.2542533759818], [-74.60923601980627, 6.260035261223729], [-74.60509875779836, 6.267628193245842], [-74.61170824275698, 6.276644035275332], [-74.61835808991964, 6.275507650592275], [-74.62421211597884, 6.279421583506985], [-74.63306133360442, 6.275400438869759], [-74.62997072388687, 6.304853486457817], [-74.62308220064142, 6.30945096084583], [-74.6250509771642, 6.314114704928935], [-74.64057862993805, 6.326979731652465], [-74.65037189697719, 6.329252705187869], [-74.65950275441067, 6.325219801382872], [-74.67465374268755, 6.33459743932742], [-74.67628379056782, 6.342104747497771], [-74.68120640022131, 6.342033307796818], [-74.67824504100514, 6.358457165219243], [-74.68199869364065, 6.364866946058296], [-74.69528584389136, 6.367730891793866], [-74.69950707951371, 6.390473610641306], [-74.70565709686575, 6.394071402563864], [-74.71062516486587, 6.39165555992499], [-74.71189153609157, 6.397052244141684], [-74.72187788881452, 6.398429092878074], [-74.71982496709909, 6.399751201835768], [-74.72300780594857, 6.408801282966444], [-74.7207418954759, 6.411485700783796], [-74.72563841535859, 6.419951474338944], [-74.72419157977882, 6.434043168671892], [-74.71923527431903, 6.440057694301042], [-74.73438324784985, 6.449122621610576], [-74.7376670833884, 6.4453791572942], [-74.74172174081437, 6.450052325122429], [-74.7429450099744, 6.444313952420361], [-74.74901167804114, 6.444652221502001], [-74.75026125526261, 6.44934900878109], [-74.74755709898363, 6.452379472561899], [-74.75194941246365, 6.47781579269671], [-74.75751033890688, 6.480939717837388], [-74.75715408323488, 6.48565021078964], [-74.74795131566293, 6.485711336398724], [-74.73596591948034, 6.476557591487942], [-74.73048327402759, 6.476659744845968], [-74.72845949545663, 6.481721091286482], [-74.71750989722081, 6.483084910022709], [-74.69846136057294, 6.474764504680445], [-74.69511580987604, 6.475989678529118], [-74.69570809699063, 6.473857441534821], [-74.67809700223957, 6.470948395429135], [-74.67976188948151, 6.463114747133448], [-74.67619463277587, 6.460980151988764], [-74.67827888323684, 6.455673413220706], [-74.67107188296866, 6.452776754798131], [-74.66328338974235, 6.45413780507236], [-74.66186935884014, 6.448400053477743], [-74.65936420634607, 6.451221250138311], [-74.65044622448211, 6.45008777231517], [-74.6454181427328, 6.475053466652893], [-74.6389727161962, 6.486304189175392], [-74.63748668173069, 6.505015388084911], [-74.63052166334556, 6.5144493194924], [-74.62859701566282, 6.528568666884034], [-74.62150135618421, 6.541232884802354], [-74.62178608709497, 6.555505873074639], [-74.63028417393727, 6.562594913073149], [-74.63040828697355, 6.570395776877832], [-74.60815787617531, 6.581695689525317], [-74.60659680723077, 6.588729902153689], [-74.60083213749121, 6.590394416207977], [-74.59706112221788, 6.598933274162582], [-74.59385905043818, 6.597804789539311], [-74.5903466448638, 6.613998530322378], [-74.58407886017463, 6.618253851488012], [-74.58035486451992, 6.615554895116493], [-74.58103195439395, 6.618996771037185], [-74.57729855517485, 6.621056252725429], [-74.57971068891788, 6.62590872924978], [-74.56736790159276, 6.627286420883283], [-74.5612693873509, 6.638533639387989], [-74.55798098747239, 6.638130424826007], [-74.55941236753769, 6.641002695210167], [-74.54887912316471, 6.647978890104876], [-74.54506528071023, 6.654441501157323], [-74.5374375940046, 6.654845710600587], [-74.52273384995821, 6.667913591054246], [-74.45274071538243, 6.754821299854745], [-74.44209834816033, 6.739931529419838], [-74.43584149866312, 6.737652449991455], [-74.42536623155858, 6.739818285329623], [-74.41743900072316, 6.734665582556031], [-74.41149357916865, 6.720085141941726], [-74.40614269950008, 6.716348019316175], [-74.39092524846856, 6.689848424302922], [-74.39671495784836, 6.685672473827188], [-74.39042681733487, 6.681667031707341], [-74.39753816948317, 6.673718000064269], [-74.39026641056446, 6.670527697812766], [-74.39351018573292, 6.654576164212384], [-74.38588196722466, 6.656002000495616], [-74.39122884939019, 6.648641124686677], [-74.38716521869287, 6.647072707103967], [-74.38180051395209, 6.651100691341096], [-74.38041032523583, 6.645272588881912], [-74.3701977803176, 6.636450233295806], [-74.35968254177618, 6.632512113451281]]]}}, {"type": "Feature", "properties": {"code": "05585", "name": "Puerto Nare", "subregion": "Magdalena Medio", "zona": "Ribereña", "circuits_count": 1, "circuits_ids": [6], "circuits_names": ["Remedios - La Y De La Virgen - Puerto Berrío"], "km_intervencion": 25.0}, "geometry": {"type": "Polygon", "coordinates": [[[-74.63281531469252, 6.27511597726689], [-74.62421211597884, 6.279421583506985], [-74.61835808991964, 6.275507650592275], [-74.61170824275698, 6.276644035275332], [-74.60509875779836, 6.267628193245842], [-74.60923584732973, 6.259864343512353], [-74.60335366896787, 6.253578759095141], [-74.58030705438385, 6.26270930987063], [-74.57670208101271, 6.260148073169019], [-74.55167733485057, 6.26340747642833], [-74.54273257241134, 6.271970119110404], [-74.53427764153363, 6.26933695130967], [-74.53949724410153, 6.264252286164259], [-74.54575088212158, 6.246434312696091], [-74.5733949853965, 6.215720445340814], [-74.57111997229507, 6.206984416990088], [-74.57492607845833, 6.1921091863012], [-74.5889215826499, 6.166175526869594], [-74.59915415281243, 6.156587267908527], [-74.61126604705838, 6.13037924350013], [-74.60931543177571, 6.119701242718324], [-74.58451333215842, 6.088208060187899], [-74.5617478462409, 6.078295786478361], [-74.56728861179421, 6.057515212959198], [-74.57737201221224, 6.044271729097759], [-74.58721989682067, 6.041158057343766], [-74.58852329390743, 6.046625081828831], [-74.59487742645834, 6.040758943913335], [-74.60177771493906, 6.040665221375898], [-74.60251531083907, 6.035421299234325], [-74.60683125135026, 6.038827603700062], [-74.60716026920453, 6.033389128443117], [-74.60999562892232, 6.038469554978322], [-74.61344063929083, 6.036427705621564], [-74.61318903824774, 6.040917832851581], [-74.62617933212795, 6.033231608573133], [-74.6296544486349, 6.036655117229778], [-74.63264786692693, 6.035571291220954], [-74.63363644223584, 6.041005965799605], [-74.633978107471, 6.036696572390761], [-74.64112001401706, 6.033588521748775], [-74.64375414302636, 6.035914047960024], [-74.64251974014668, 6.04022344312817], [-74.64849337149607, 6.041347631028176], [-74.651292822857, 6.038691458346205], [-74.65764650535195, 6.049550774523474], [-74.66251840510766, 6.048506797400799], [-74.66658557157395, 6.052878457631485], [-74.67165321602668, 6.040502962731792], [-74.67893931475226, 6.041492569615265], [-74.67592700219487, 6.038251886803392], [-74.67938518006879, 6.032477378391796], [-74.69238053595565, 6.033434359999071], [-74.69429449548315, 6.027518482304014], [-74.70291819195495, 6.031161532177226], [-74.70739859872332, 6.027877350312382], [-74.71049790952273, 6.018296672964921], [-74.70571300890737, 6.014229510080694], [-74.71441282951467, 6.001843139340425], [-74.72136181027705, 6.000081426227942], [-74.71747951440128, 5.993513064014262], [-74.72030695726646, 5.987825556608563], [-74.73273682458027, 5.989870014922912], [-74.75021422127097, 5.99804094158683], [-74.77082517523463, 5.993576387652539], [-74.78681993488823, 6.004759831340682], [-74.79259065028967, 6.001380454522785], [-74.80327291618512, 6.002740796635352], [-74.8097739187934, 6.012205914981533], [-74.81719136378992, 6.012649818143931], [-74.81972589568538, 6.01684539733073], [-74.83809767483588, 6.022014699948991], [-74.84260828386239, 6.026382114363915], [-74.85326191056826, 6.025494309565667], [-74.86276998765753, 6.014568613903544], [-74.88231595651254, 6.026582584052825], [-74.89493133940722, 6.028401147935681], [-74.8966067081919, 6.036663437742262], [-74.91861574526655, 6.042245719722244], [-74.90213275035771, 6.052596046532991], [-74.89388578036657, 6.052648353266317], [-74.88772241854099, 6.065342967387983], [-74.87520813384499, 6.060207476973291], [-74.8666057220555, 6.064202776123015], [-74.8478342941132, 6.063961762381886], [-74.82147086683656, 6.08397535018792], [-74.81627048552082, 6.115409377157555], [-74.8184581689019, 6.134282772686643], [-74.81097740705091, 6.150588422771406], [-74.79760102714305, 6.161128233334347], [-74.79325347132374, 6.176488359763539], [-74.77537194863785, 6.199764930347036], [-74.7570176632792, 6.205502958854321], [-74.74482484250426, 6.204315440794249], [-74.72681114619907, 6.215582971614539], [-74.71046156727958, 6.244150498884974], [-74.69540460296852, 6.291422087475553], [-74.68994748134794, 6.293534523344793], [-74.6819084955996, 6.28898105251605], [-74.64564503741062, 6.236381434662266], [-74.63562885073878, 6.231614659058084], [-74.63281531469252, 6.27511597726689]]]}}, {"type": "Feature", "properties": {"code": "05591", "name": "Puerto Triunfo", "subregion": "Magdalena Medio", "zona": "Ribereña", "circuits_count": 0, "circuits_ids": [], "circuits_names": [], "km_intervencion": 0}, "geometry": {"type": "Polygon", "coordinates": [[[-74.6404662686623, 5.859168699508793], [-74.8440856091612, 5.926495898393574], [-74.84667285150257, 5.933053840769923], [-74.83629992406847, 5.942815890163244], [-74.82787940675097, 5.944882091295816], [-74.82270492206823, 5.955650294193314], [-74.81508094001485, 5.959854564863094], [-74.81451797480943, 5.969377053512058], [-74.80554647132085, 5.969987930508061], [-74.801737474379, 5.983019967074042], [-74.79458063423967, 5.987254183117053], [-74.77287654106799, 5.986601383085799], [-74.7690513969089, 5.99372949665534], [-74.75068991963808, 5.998078496439872], [-74.73273682458027, 5.989870014922912], [-74.71941522483675, 5.987988679713557], [-74.71750126530925, 5.993730558019868], [-74.72136181027705, 6.000081426227942], [-74.71441282951467, 6.001843139340425], [-74.70571300890737, 6.014229510080694], [-74.71049790952273, 6.018296672964921], [-74.70739859872332, 6.027877350312382], [-74.70291819195495, 6.031161532177226], [-74.69429449548315, 6.027518482304014], [-74.69238053595565, 6.033434359999071], [-74.67938518006879, 6.032477378391796], [-74.67592700219487, 6.038251886803392], [-74.67893931475226, 6.041492569615265], [-74.67165321602668, 6.040502962731792], [-74.66658557157395, 6.052878457631485], [-74.66251840510766, 6.048506797400799], [-74.65764650535195, 6.049550774523474], [-74.651292822857, 6.038691458346205], [-74.64849337149607, 6.041347631028176], [-74.64251974014668, 6.04022344312817], [-74.64375414302636, 6.035914047960024], [-74.64112001401706, 6.033588521748775], [-74.633978107471, 6.036696572390761], [-74.63317353947161, 6.041083113495462], [-74.63264786692693, 6.035571291220954], [-74.6296544486349, 6.036655117229778], [-74.62617933212795, 6.033231608573133], [-74.6134503168414, 6.040946866869427], [-74.61344063929083, 6.036427705621564], [-74.60999562892232, 6.038469554978322], [-74.60716026920453, 6.033389128443117], [-74.60683125135026, 6.038827603700062], [-74.60251531083907, 6.035421299234325], [-74.60177771493906, 6.040665221375898], [-74.59487742645834, 6.040758943913335], [-74.58852329390743, 6.046625081828831], [-74.58721989682067, 6.041158057343766], [-74.57737201221224, 6.044271729097759], [-74.56728861179421, 6.057515212959198], [-74.5716312583205, 6.034521126681814], [-74.56272437693849, 6.001891477162427], [-74.56592161668028, 5.990013598528392], [-74.57941730992587, 5.982756906047977], [-74.60343602651311, 5.981091347879482], [-74.6123767618049, 5.969879922139054], [-74.60660669588542, 5.942475961849021], [-74.59674857946592, 5.929639392128201], [-74.5883188813662, 5.928526948355866], [-74.58570502373962, 5.925019122479389], [-74.5853866365484, 5.903061803712553], [-74.59037624614903, 5.894692423351686], [-74.60819878006346, 5.891165510825177], [-74.62407821040763, 5.882350297133729], [-74.63388699225004, 5.87291183209759], [-74.6404662686623, 5.859168699508793]]]}}, {"type": "Feature", "properties": {"code": "05604", "name": "Remedios", "subregion": "Nordeste", "zona": "Minera", "circuits_count": 1, "circuits_ids": [6], "circuits_names": ["Remedios - La Y De La Virgen - Puerto Berrío"], "km_intervencion": 25.0}, "geometry": {"type": "Polygon", "coordinates": [[[-74.84301738472762, 7.134208310318706], [-74.76071348507169, 7.134846816354605], [-74.7521301463123, 7.127776195327141], [-74.71561361833474, 7.077569628533058], [-74.69035960773904, 7.078347976876104], [-74.68570643877189, 7.083838714751178], [-74.68040182683204, 7.083754111791534], [-74.68059641360068, 7.089211008328808], [-74.66645719782827, 7.109431347696529], [-74.66400505222417, 7.126122870111296], [-74.66037213855273, 7.129470361596266], [-74.66234455864229, 7.142180828527747], [-74.65824278907125, 7.15734865195111], [-74.64838635789121, 7.158753487587106], [-74.640490372258, 7.156020607951496], [-74.6333502901903, 7.162259855173732], [-74.38872461856761, 7.266340660878196], [-74.39014129500833, 7.260835833016158], [-74.39567101667355, 7.257403903508907], [-74.40034205672497, 7.232399169701386], [-74.40555080225433, 7.229404772048657], [-74.40337450142621, 7.221752180918119], [-74.40864624131487, 7.219196252579147], [-74.40376331923063, 7.209964371263598], [-74.40976990078462, 7.202607672048273], [-74.40909940544309, 7.194124391007225], [-74.40527211970036, 7.188898531539405], [-74.39955469415821, 7.188891285647587], [-74.3966467101413, 7.171782199123319], [-74.39190347159216, 7.172850180904872], [-74.3894706882757, 7.160841601883051], [-74.38626771638407, 7.161909606633488], [-74.3821895311825, 7.147823507363669], [-74.37713664335493, 7.143131675126657], [-74.37672299521775, 7.131739934809154], [-74.3700164023769, 7.12520581063113], [-74.37218907760453, 7.11805774915604], [-74.36897111642409, 7.105676247530305], [-74.37246103357364, 7.104373247846414], [-74.37201027333712, 7.098079352695448], [-74.36655768281884, 7.089824265198199], [-74.36342320117943, 7.091661589245088], [-74.36263087362411, 7.084996162160671], [-74.35480653851627, 7.089164847374512], [-74.35144496816292, 7.081589763404709], [-74.35350279198485, 7.064969329161844], [-74.35052396682462, 7.055367637601479], [-74.35569575566318, 7.009898841529768], [-74.34915338922933, 7.012470080852937], [-74.32948418229714, 7.010714087279592], [-74.3221588828892, 7.018860237693429], [-74.31370101991038, 7.005934458787606], [-74.30806937179977, 7.006225394856447], [-74.30973185065845, 7.002089978886715], [-74.30581463367432, 6.99915985583185], [-74.29288885859442, 7.005757820503262], [-74.2867480759235, 7.00167435843151], [-74.28461802395947, 7.008189195420825], [-74.27720960164166, 7.012199926437401], [-74.26064715254256, 7.008677550596631], [-74.25833007133637, 7.003658942923535], [-74.24778938711623, 7.001934430315687], [-74.24415386204225, 7.004174272307111], [-74.24107346347452, 7.000668614298052], [-74.24528122706258, 6.99417520962791], [-74.24936948148016, 6.995420110501934], [-74.25453830947156, 6.986272580628057], [-74.2610267311743, 6.985909069065986], [-74.25723725282694, 6.98011779154599], [-74.26004574932448, 6.968296214605756], [-74.27682701095877, 6.963595472605334], [-74.28128375430593, 6.966030497969282], [-74.28773234111569, 6.962345589917023], [-74.28979887590094, 6.964212943479684], [-74.30174992230367, 6.958337009190868], [-74.30058217801134, 6.955559386121329], [-74.31081500329542, 6.955140114727314], [-74.31157559876164, 6.946522050129333], [-74.3151109652747, 6.945391783268324], [-74.31246929850184, 6.943617529634494], [-74.3161623750428, 6.94168556504176], [-74.315452673629, 6.936704508679424], [-74.31274529329647, 6.936520513300479], [-74.31591266495337, 6.933129714564137], [-74.31516353558344, 6.925874985825305], [-74.32122228589924, 6.917437420762354], [-74.32624276790126, 6.916096874111097], [-74.3237325273494, 6.917516276958708], [-74.32569077741368, 6.921367067100655], [-74.33762428151555, 6.927018394992759], [-74.3423424840177, 6.920447081854482], [-74.3432756099174, 6.925638418711046], [-74.3477966735372, 6.923601312703054], [-74.3466664069585, 6.918646544686966], [-74.35145032302034, 6.919658524192922], [-74.35167374660791, 6.914270048455571], [-74.35505140129642, 6.915084890540259], [-74.35678622777311, 6.911891233102377], [-74.37088826497084, 6.912022660145556], [-74.3728070879773, 6.916031159823062], [-74.37973325063314, 6.91218037344091], [-74.38217777942195, 6.905963911723293], [-74.38053495121012, 6.897986339003304], [-74.39471584252351, 6.890179616685711], [-74.3956095422637, 6.883805444927924], [-74.3890908006235, 6.87527588074012], [-74.39005021212672, 6.868073722248748], [-74.3943347071114, 6.859163022903147], [-74.40475680922246, 6.853997971046426], [-74.40299569714225, 6.850331181191456], [-74.39811978281554, 6.84987118770291], [-74.39800150074377, 6.846795815375915], [-74.40244370755298, 6.839554227033482], [-74.4109469857593, 6.835204018694939], [-74.42027824924781, 6.804949694612628], [-74.43971619119833, 6.786260883746287], [-74.45020400507244, 6.791255079672291], [-74.4536605156732, 6.799771500774168], [-74.46280778353028, 6.806631951308264], [-74.46694770904301, 6.814819807263919], [-74.4778926342427, 6.819022535040181], [-74.48817308730484, 6.815253036193478], [-74.4939052191665, 6.802916491799073], [-74.4898456174132, 6.798533103842427], [-74.49221653016279, 6.793035150288972], [-74.47923418457624, 6.784064133782463], [-74.4656751295604, 6.785268811120472], [-74.45901094438749, 6.778617440812024], [-74.45065508061762, 6.785396967214729], [-74.4434141878121, 6.777669075666178], [-74.4468744380994, 6.777207711876705], [-74.4466181226977, 6.767903482129373], [-74.4500527422533, 6.765827333479455], [-74.44982205758329, 6.760008985699976], [-74.45839021391606, 6.744727568990218], [-74.48629460853613, 6.715501281279307], [-74.48673959799527, 6.710618413505808], [-74.4957055507937, 6.700119050723152], [-74.50212733906193, 6.704351733078965], [-74.51652023996888, 6.70284749060122], [-74.52261536846045, 6.709919399558271], [-74.53209504890526, 6.709387052318167], [-74.55474176855907, 6.716737345580288], [-74.57093683635136, 6.712800909940071], [-74.57995254503676, 6.705621552388295], [-74.583026813501, 6.716931251606792], [-74.57962856313796, 6.720115103690748], [-74.58273737182488, 6.727050959801996], [-74.57989656382487, 6.731178171264565], [-74.58376649528908, 6.739298593283306], [-74.58008416529387, 6.74950942235663], [-74.58089888695092, 6.788401689726804], [-74.57837432006691, 6.793204262680455], [-74.58445793754642, 6.796731153141699], [-74.59119011530488, 6.808608945427474], [-74.59125979582484, 6.815727046350215], [-74.58678954361244, 6.817002730308662], [-74.58586226125368, 6.821419381834874], [-74.58134912796122, 6.81999897772755], [-74.58438289677918, 6.825375075587918], [-74.57446686866824, 6.837708468443951], [-74.57196797922833, 6.863988074698994], [-74.57622479172922, 6.870237727974607], [-74.58475197410523, 6.871362933892068], [-74.58218975253948, 6.880540838041048], [-74.58591785169841, 6.880310377030921], [-74.5928860114921, 6.886654926200811], [-74.58879187849928, 6.903031451904678], [-74.59441792112253, 6.91281941000636], [-74.60183345180917, 6.911843325427909], [-74.60233505130088, 6.917645605872151], [-74.61120115096561, 6.917645605872151], [-74.61385826965967, 6.914568227329006], [-74.61719322472777, 6.918635246802991], [-74.62043328266759, 6.916696635062254], [-74.62349991455359, 6.920372858004461], [-74.62963857899709, 6.919094195365744], [-74.628260508554, 6.924374144668841], [-74.63349465125307, 6.925076762510598], [-74.64292467103238, 6.916914387484439], [-74.64290157534641, 6.913645743437954], [-74.65000455429794, 6.911938557543589], [-74.65408616567402, 6.911782215735767], [-74.65597089492047, 6.917320400090317], [-74.66023569973244, 6.91849746235762], [-74.67790522989273, 6.915035203195217], [-74.69007395156355, 6.917851046897185], [-74.69450701172653, 6.916143222525235], [-74.69821590759963, 6.902990331740732], [-74.70304802546298, 6.901142568440322], [-74.70400047861601, 6.896170757879488], [-74.71413904727058, 6.900490946063142], [-74.72679810715272, 6.89507624919302], [-74.73107359742497, 6.88978009292351], [-74.82210802120635, 6.869612069972721], [-74.8219151151856, 6.885944347846735], [-74.81719687854745, 6.887325202453234], [-74.81552834234884, 6.892605038140054], [-74.82036337344866, 6.895495352805356], [-74.82354307448283, 6.912190731536702], [-74.82857128648787, 6.921032877521847], [-74.82732779535243, 6.927146014477644], [-74.83903247429694, 6.94269383543129], [-74.83684175910177, 6.946257397911639], [-74.84401463147398, 6.95697670294395], [-74.83888955862344, 6.962709769809877], [-74.84111266257618, 6.97704430824215], [-74.83829275298298, 6.989778660572506], [-74.83541316291553, 6.990733551354363], [-74.83820323227164, 6.992546348543773], [-74.83749825509793, 7.001606610754505], [-74.84036292325015, 7.001241068432187], [-74.83687906793214, 7.022077063552689], [-74.8423083992711, 7.01764134187844], [-74.8452353709782, 7.020085514035527], [-74.84419936462227, 7.024229542413589], [-74.85474551509093, 7.025562270959973], [-74.85217058505883, 7.034831016216692], [-74.8565711010557, 7.036993555072729], [-74.85455943536802, 7.042118270629632], [-74.85824078260632, 7.046926149657444], [-74.85288975471575, 7.065222241671878], [-74.84592939499365, 7.065066335360724], [-74.84719171481741, 7.070517945282795], [-74.85115972254772, 7.071146591708857], [-74.84888151234217, 7.078720509074361], [-74.84338966903924, 7.081164681759108], [-74.84550191639434, 7.085746249559748], [-74.83915008532719, 7.087637211534121], [-74.83631363864791, 7.093732557554704], [-74.83990948872903, 7.102448094592946], [-74.83773186198755, 7.104489934509227], [-74.84111648760268, 7.115991624638327], [-74.83924061035499, 7.126286320850233], [-74.84301738472762, 7.134208310318706]]]}}, {"type": "Feature", "properties": {"code": "05615", "name": "Rionegro", "subregion": "Oriente", "zona": "Valle de San Nicolás", "circuits_count": 0, "circuits_ids": [], "circuits_names": [], "km_intervencion": 0}, "geometry": {"type": "Polygon", "coordinates": [[[-75.32757549234752, 6.224489369450152], [-75.33071967219874, 6.21877685814329], [-75.32720037924106, 6.217559906247604], [-75.33051136546077, 6.213569182805705], [-75.3221900446085, 6.206212654939604], [-75.3272771232141, 6.206212654046539], [-75.32533657894409, 6.20097208363715], [-75.32905321470169, 6.198669743005019], [-75.345070932599, 6.200708959706296], [-75.34738423728776, 6.192979670519426], [-75.36006904198761, 6.185897231757976], [-75.36414747512418, 6.174769248788714], [-75.35817504302572, 6.172800644648804], [-75.3565792164662, 6.161624280986448], [-75.35224370256329, 6.157322243658124], [-75.35060323692066, 6.14615145877555], [-75.35458219511428, 6.133719649964501], [-75.35341544076537, 6.123236674450678], [-75.36571125338763, 6.118477948526912], [-75.37382924237197, 6.12039511004376], [-75.38162136030044, 6.117421040413165], [-75.39026279670252, 6.106756296918807], [-75.38700070578372, 6.095087497054235], [-75.3805100562591, 6.087327457479787], [-75.38098907120626, 6.078815366360813], [-75.38540558709664, 6.073412076948967], [-75.38650382244725, 6.057847638190018], [-75.41726739471656, 6.068551936124559], [-75.42711144621364, 6.067145214655482], [-75.43341906759241, 6.06271353003244], [-75.43848436744224, 6.065417781024687], [-75.44398450938178, 6.058920848280104], [-75.44878492839369, 6.063965993891078], [-75.44576932171415, 6.069774268619179], [-75.4512452971759, 6.07210177224014], [-75.44611481736568, 6.079114547258373], [-75.44741592734174, 6.08372184775164], [-75.45572410494306, 6.096855666912672], [-75.46777688016182, 6.102414064880127], [-75.45871337212016, 6.109028103809925], [-75.45938886478963, 6.111315057942623], [-75.47147468812939, 6.119538265667741], [-75.47338971934704, 6.112221228650879], [-75.47671828919009, 6.114906484724282], [-75.4736409242331, 6.121019933477969], [-75.47681623609877, 6.142202772718882], [-75.47337337719537, 6.144933728870623], [-75.47638393713967, 6.148472626604328], [-75.47329415297384, 6.165743721943135], [-75.47474413175877, 6.170792806002347], [-75.4843320987212, 6.176553130104712], [-75.48539511292616, 6.181658195522757], [-75.48125947327564, 6.18513535927101], [-75.48555013609304, 6.192042086941179], [-75.48281284904806, 6.197980116427323], [-75.48593354244619, 6.205184701036708], [-75.47768327743461, 6.201108332327678], [-75.47503701218581, 6.195617179658534], [-75.46599045625184, 6.195021659863574], [-75.46409434535074, 6.198420795311688], [-75.45553650706734, 6.199131210915112], [-75.43335773781133, 6.210254716292495], [-75.43111354860224, 6.200820158143121], [-75.42342782893263, 6.19949644654974], [-75.4177180211041, 6.205571162993063], [-75.41457878827514, 6.203841866709309], [-75.40876451266726, 6.214735602562368], [-75.39419055631481, 6.215220390517178], [-75.38934081709886, 6.212379483376045], [-75.38014677306661, 6.217026148354837], [-75.38097757366894, 6.230709874852869], [-75.37761831198587, 6.233876650697671], [-75.37177891499108, 6.233337822832831], [-75.36798183959137, 6.22815745727896], [-75.34714728507198, 6.233441410440508], [-75.34309967223447, 6.229627564837952], [-75.3442669862338, 6.223656430789035], [-75.33451534173503, 6.227128693433006], [-75.32757549234752, 6.224489369450152]]]}}, {"type": "Feature", "properties": {"code": "05628", "name": "Sabanalarga", "subregion": "Occidente", "zona": "Cauca Medio", "circuits_count": 0, "circuits_ids": [], "circuits_names": [], "km_intervencion": 0}, "geometry": {"type": "Polygon", "coordinates": [[[-75.73554076578142, 6.926911290373563], [-75.73474071630791, 6.920809243101655], [-75.7396462642592, 6.918623727758777], [-75.7363274600016, 6.900990174662041], [-75.75125857842619, 6.876285418267403], [-75.75231495857274, 6.859498024005636], [-75.75596267378513, 6.85987635797238], [-75.75837544623035, 6.855165025522484], [-75.75768824042787, 6.841501451213671], [-75.75499050440824, 6.838354094811961], [-75.76044834737598, 6.829978294682249], [-75.7617332562359, 6.825990317460216], [-75.75804033330685, 6.823011233024499], [-75.7612668814831, 6.819099398857934], [-75.75341228123503, 6.806636775156474], [-75.76442684563217, 6.787646729142399], [-75.772762687751, 6.784990869926057], [-75.80835497147208, 6.789007899157589], [-75.81487504351719, 6.787978413806679], [-75.81877537037737, 6.783626119556493], [-75.82823324152372, 6.786421630466883], [-75.84359182058132, 6.780102435372973], [-75.85243151965815, 6.788699356801725], [-75.87130419761446, 6.784184018445633], [-75.85538468803556, 6.809291114376039], [-75.86564492451221, 6.822787416021955], [-75.8645313360551, 6.83135347558543], [-75.84310446567505, 6.850715832638926], [-75.84146566550898, 6.861107827619366], [-75.84583435599195, 6.870430552723058], [-75.83546773293453, 6.879085953660502], [-75.8308920301859, 6.889914879378913], [-75.8335831995208, 6.902164342655366], [-75.8271086864336, 6.927769721998573], [-75.83176291271786, 6.937249496019358], [-75.82470194078564, 6.951275349375753], [-75.82646264772566, 6.960489713949601], [-75.82300830925125, 6.978113553826756], [-75.81224284319082, 6.986430799543263], [-75.81150502361031, 6.996978269959292], [-75.80597975669058, 7.007794041833464], [-75.81226799601876, 7.014023591638949], [-75.79782181513399, 7.021636552916414], [-75.79358773360308, 7.030272401283405], [-75.78845652975073, 7.03054070056455], [-75.7903513866037, 7.034858622252457], [-75.78797699917058, 7.042907113172467], [-75.7772056877726, 7.043106582084021], [-75.7745784883674, 7.053983722702058], [-75.76931512077718, 7.055563683980367], [-75.76567335600525, 7.061771406384912], [-75.76155584166222, 7.052444228313221], [-75.75599285448374, 7.048977620275747], [-75.75885146619434, 7.025010179006617], [-75.75411038989009, 7.022184568127264], [-75.75351373965816, 7.014243713306739], [-75.74801202926014, 7.008055131191103], [-75.742342963623, 6.991851004878595], [-75.74203363414482, 6.973921764746461], [-75.73697727882023, 6.960108993168089], [-75.73871428460981, 6.945915507238984], [-75.7352327271823, 6.942844792545952], [-75.73848391435016, 6.940363167217728], [-75.73925271592648, 6.93185105262184], [-75.73554076578142, 6.926911290373563]]]}}, {"type": "Feature", "properties": {"code": "05631", "name": "Sabaneta", "subregion": "Valle de Aburrá", "zona": "Sur", "circuits_count": 0, "circuits_ids": [], "circuits_names": [], "km_intervencion": 0}, "geometry": {"type": "Polygon", "coordinates": [[[-75.59031887710047, 6.112729264019274], [-75.60570780663826, 6.116534327975057], [-75.61346519929111, 6.126007871983982], [-75.62547435411634, 6.13183486837177], [-75.63350810178825, 6.151331367402554], [-75.6051022271524, 6.1632119713517], [-75.59717640577368, 6.145439425186763], [-75.59079904189119, 6.144592176016482], [-75.59031887710047, 6.112729264019274]]]}}, {"type": "Feature", "properties": {"code": "05642", "name": "Salgar", "subregion": "Suroeste", "zona": "Penderisco", "circuits_count": 1, "circuits_ids": [21], "circuits_names": ["Salgar - La Quiebra - Concordia"], "km_intervencion": 15.93}, "geometry": {"type": "Polygon", "coordinates": [[[-75.99854618910275, 6.069833745825322], [-75.97689847419831, 6.047698982409058], [-75.97000233234094, 6.051130133845358], [-75.96128571683107, 6.044545299773338], [-75.94813635107697, 6.045418314829624], [-75.94021670381919, 6.040708537030689], [-75.93838068931225, 6.030608851837596], [-75.9422653917747, 6.018598063583947], [-75.93944332083488, 5.998681138194546], [-75.9463451373499, 5.992287356754957], [-75.94347569195696, 5.978833451461129], [-75.9393677841976, 5.973703640408498], [-75.92569731742529, 5.967227089107172], [-75.91037556480276, 5.971686907659437], [-75.89621106504838, 5.956960701723126], [-75.88740647123451, 5.956967468823211], [-75.87139442889315, 5.950139003390073], [-75.8667586522082, 5.94987506795532], [-75.85780940268414, 5.956220501622796], [-75.84881024096627, 5.956535190876044], [-75.85589193613379, 5.938181905010413], [-75.86307594581889, 5.930980346251968], [-75.86464891654263, 5.920300348724783], [-75.87772597510288, 5.918335892574446], [-75.8852967149077, 5.907258544209856], [-75.88976207848829, 5.909935210876447], [-75.89303923325609, 5.90533569181653], [-75.8909438975845, 5.899330770048481], [-75.90083924647759, 5.895721428063722], [-75.91429283029592, 5.869031456683118], [-75.9142595342399, 5.863049193592801], [-75.92482668193001, 5.862250066091432], [-75.93621951521521, 5.870883080493015], [-75.94113214817915, 5.887313038681112], [-75.94273090324648, 5.915125784222222], [-75.94984300369141, 5.915315888555094], [-75.97089974212325, 5.900935129351804], [-75.99565781620679, 5.913436084295475], [-75.99909042173952, 5.91008507729252], [-76.00689584012412, 5.910454099557326], [-76.01320279764786, 5.903375546641014], [-76.0193755639362, 5.908027489220048], [-76.02236130432749, 5.917767485709826], [-76.0305692946218, 5.917901680206136], [-76.03859836476603, 5.928424456419319], [-76.0457328314649, 5.927842961949276], [-76.05386437692518, 5.931563322421408], [-76.0559641350029, 5.944818054390575], [-76.05112799178876, 5.951328245819217], [-76.06727946703525, 5.961372541122709], [-76.0667819665562, 5.978117745692578], [-76.0714955930403, 5.984691434695967], [-76.07961783554748, 5.988349533929235], [-76.0858490183804, 5.98741950866016], [-76.08888710180666, 5.999987282137839], [-76.0969647833842, 6.003516128824519], [-76.08320621523872, 6.016932154831836], [-76.08474452626385, 6.024267577280954], [-76.07690036713433, 6.032891918761187], [-76.06703137301504, 6.030519007337953], [-76.05528023500068, 6.037039030938012], [-76.05915002722601, 6.044955860990989], [-76.05785554502012, 6.051437222493765], [-76.02778782573623, 6.048634003570245], [-76.01312271373861, 6.057355824184038], [-76.01432899934989, 6.060869416242275], [-76.0078964627393, 6.0676700443992], [-75.99854618910275, 6.069833745825322]]]}}, {"type": "Feature", "properties": {"code": "05647", "name": "San Andrés De Cuerquia", "subregion": "Norte", "zona": "Río Cauca", "circuits_count": 0, "circuits_ids": [], "circuits_names": [], "km_intervencion": 0}, "geometry": {"type": "Polygon", "coordinates": [[[-75.57579633761992, 6.893120788919171], [-75.57919067043, 6.893462138142974], [-75.58133285593858, 6.886174284397722], [-75.59500249626083, 6.876231592218865], [-75.59638180997226, 6.867732096130247], [-75.60234816856111, 6.862412284630045], [-75.6116320935291, 6.867699201297793], [-75.61987220398471, 6.86526996296407], [-75.63926853597125, 6.87123297339299], [-75.6424525435289, 6.869737409265366], [-75.646372085353, 6.881504150813582], [-75.65513326089422, 6.886710412554519], [-75.67188466522343, 6.87984804555686], [-75.69783998517154, 6.887128721804419], [-75.70283090451586, 6.875469361634051], [-75.71226330662726, 6.878328280549112], [-75.71881872198895, 6.869762217408557], [-75.72681799501521, 6.844167571952063], [-75.72651270885412, 6.831813882037398], [-75.72333071531932, 6.825795684609677], [-75.73086313389243, 6.82227068287083], [-75.73410081399169, 6.80609008513085], [-75.74891384707554, 6.801831568557054], [-75.75173190164769, 6.790754257312656], [-75.75549201496675, 6.787343355167442], [-75.76442684563217, 6.787646729142399], [-75.75341228123503, 6.806636775156474], [-75.7612668814831, 6.819099398857934], [-75.75804033330685, 6.823011233024499], [-75.7617332562359, 6.825990317460216], [-75.76044834737598, 6.829978294682249], [-75.75499050440824, 6.838354094811961], [-75.75768824042787, 6.841501451213671], [-75.75840572304867, 6.854990126111917], [-75.75596267378513, 6.85987635797238], [-75.75231495857274, 6.859498024005636], [-75.75125857842619, 6.876285418267403], [-75.73626797266516, 6.901180529093067], [-75.73963121927481, 6.918939695654561], [-75.73474071630791, 6.920809243101655], [-75.73510060027536, 6.927239020354722], [-75.70874501169789, 6.934036672537845], [-75.70250006757313, 6.941644031807612], [-75.68941312484984, 6.962366254858572], [-75.68720999493742, 6.981912334048824], [-75.68056008399438, 6.992530983913134], [-75.67915666219567, 7.001033727309289], [-75.66866662768618, 7.012553990683921], [-75.66417151819158, 7.022659536767125], [-75.65799141087076, 7.02576954945222], [-75.65895114666581, 7.028088847245392], [-75.65349522519445, 7.025313073387059], [-75.64606258339828, 7.009010116534508], [-75.63090458466888, 7.009387473618205], [-75.61402133819868, 6.991381627502891], [-75.61257740058403, 6.984215329508299], [-75.6063045925158, 6.982509778334485], [-75.60065504547315, 6.964865691329355], [-75.60392420074332, 6.957183778240344], [-75.60220918930517, 6.948610507304457], [-75.58820341287833, 6.933646575927084], [-75.58706890804815, 6.924108386704774], [-75.57976162525155, 6.914448354919611], [-75.57500531711334, 6.900878094099911], [-75.57579633761992, 6.893120788919171]]]}}, {"type": "Feature", "properties": {"code": "05649", "name": "San Carlos", "subregion": "Oriente", "zona": "Embalses", "circuits_count": 0, "circuits_ids": [], "circuits_names": [], "km_intervencion": 0}, "geometry": {"type": "Polygon", "coordinates": [[[-74.79372658972937, 6.313111734178969], [-74.77908652545683, 6.302309305026412], [-74.77508548397859, 6.291269397115177], [-74.7761341898177, 6.284846070622677], [-74.76881034657883, 6.267360037067296], [-74.76453572857072, 6.263131019863567], [-74.75534815330683, 6.264162623988667], [-74.7488629583526, 6.242798197566843], [-74.74164419195083, 6.239953924814158], [-74.73292824478752, 6.243626682869022], [-74.71778771200222, 6.24213565163188], [-74.7132077323745, 6.239996045512687], [-74.71565002256163, 6.233204978587805], [-74.72713011280362, 6.215208184511907], [-74.73974528369591, 6.206412654449855], [-74.77328623482131, 6.200830961485224], [-74.78380750375322, 6.191987531698095], [-74.79356864613948, 6.175802389180453], [-74.79760102714305, 6.161128233334347], [-74.80851163041068, 6.153981186848318], [-74.81822642332153, 6.135052169879655], [-74.81627048552082, 6.115409377157555], [-74.82027505827642, 6.087034394559266], [-74.82947073993743, 6.075975474542131], [-74.8478342941132, 6.063961762381886], [-74.8666057220555, 6.064202776123015], [-74.87520813384499, 6.060207476973291], [-74.88772241854099, 6.065342967387983], [-74.89388578036657, 6.052648353266317], [-74.90213275035771, 6.052596046532991], [-74.9185569451413, 6.042954241910735], [-74.92556185411495, 6.064019593898168], [-74.93136190040873, 6.063795691028384], [-74.93285988965404, 6.069526435392556], [-74.94154396818432, 6.07179208162772], [-74.94458792569421, 6.086692017766565], [-74.95483396429782, 6.100035321169509], [-74.98189374132818, 6.109577678402268], [-75.01271609306146, 6.125336484527214], [-75.02114657000051, 6.118866180530611], [-75.03359006924875, 6.123206631104747], [-75.043510112829, 6.116426047839376], [-75.05161777837407, 6.1271644236518], [-75.0619285585602, 6.127890830634396], [-75.05945522888506, 6.131788722442294], [-75.06373959451233, 6.141858349285782], [-75.06808085583644, 6.140068391342758], [-75.08263633204689, 6.145405722950883], [-75.0814050382364, 6.154862050353944], [-75.07672612714644, 6.156924463495893], [-75.10808574418317, 6.200804140225619], [-75.11319043515822, 6.20398025173702], [-75.11262395394678, 6.209956938848176], [-75.12085645207868, 6.219731845695716], [-75.12226443372577, 6.226435067708958], [-75.11782237334195, 6.235356942983114], [-75.10429589123832, 6.23753494906417], [-75.10456492229288, 6.232169259185847], [-75.09449117786585, 6.214174024595895], [-75.07731798396802, 6.212051663463233], [-75.06267069993554, 6.216595309289389], [-75.0580224285833, 6.209764892351615], [-75.03931915402498, 6.224588971472812], [-75.03568205779756, 6.247052213072012], [-75.02562939593193, 6.264414406868345], [-75.01184968054635, 6.249377402818303], [-75.006937980932, 6.252202910352643], [-74.98769706287949, 6.250652853799561], [-74.98752790382328, 6.255556107700241], [-74.99878460102042, 6.263417389100526], [-74.98497684023164, 6.267585445246448], [-74.98015698886351, 6.265767282696483], [-74.97651053758077, 6.271535877610486], [-74.93326310296088, 6.269251928847257], [-74.92981131031199, 6.272293977065259], [-74.92190198649341, 6.270294916587427], [-74.91743203791161, 6.273262465520961], [-74.91482456820499, 6.272430557253939], [-74.91607863700287, 6.268506936965092], [-74.9129392622401, 6.268249876970524], [-74.90618195770485, 6.277521525303511], [-74.90859153933417, 6.28611220572746], [-74.91727484351667, 6.295218523794713], [-74.91274460180962, 6.309547511771763], [-74.90277806951511, 6.308171661834204], [-74.90059684232595, 6.312097869371912], [-74.8896435906419, 6.316261377147503], [-74.88514353681995, 6.31196541752421], [-74.87389903245617, 6.315877591750711], [-74.8625266591999, 6.307360661701956], [-74.85283463139494, 6.325255523290924], [-74.8460845502129, 6.326252179512081], [-74.82822164870454, 6.338663223116047], [-74.8095015397178, 6.321935990448027], [-74.79372658972937, 6.313111734178969]]]}}, {"type": "Feature", "properties": {"code": "05652", "name": "San Francisco", "subregion": "Oriente", "zona": "Bosques", "circuits_count": 0, "circuits_ids": [], "circuits_names": [], "km_intervencion": 0}, "geometry": {"type": "Polygon", "coordinates": [[[-74.8440856091612, 5.926495898393574], [-74.85177547006427, 5.91777593133704], [-74.85444655756099, 5.911188045580297], [-74.85097893390184, 5.908187563994069], [-74.85544073027245, 5.904959498092551], [-74.85841126757587, 5.896299421359032], [-74.85233244620169, 5.881422778211602], [-74.86037565582849, 5.87357719933493], [-74.86332223865655, 5.878763664444272], [-74.8678798583185, 5.872253633429168], [-74.86844436413463, 5.86299203879714], [-74.86508889603701, 5.855694141237834], [-74.88279083292117, 5.846740677738035], [-74.89304172512225, 5.828765539775645], [-74.91674876134019, 5.842777317685578], [-74.92163360312419, 5.839631267489434], [-74.92243195568014, 5.835064411192527], [-74.92885937818181, 5.833460940095593], [-74.93170097490261, 5.826505795522567], [-74.93023958212368, 5.821749500521555], [-74.93471171450996, 5.816330170530762], [-74.93343299594066, 5.806973197358401], [-74.95023901244927, 5.781622094228322], [-74.97056996064056, 5.776662831788244], [-74.97256584472535, 5.771493829826943], [-74.98121652299504, 5.766424125911861], [-74.98842423293229, 5.768297840158101], [-74.98961611136306, 5.764597687830876], [-75.00792509917352, 5.759138000619279], [-75.02785007443342, 5.759372621674666], [-75.04398463619972, 5.749057390803692], [-75.05400153164233, 5.751453474721393], [-75.05469317871555, 5.755121040275212], [-75.05248197654201, 5.764287920509287], [-75.04335996032758, 5.772741768114851], [-75.03173672354505, 5.795296039336151], [-75.03121757007436, 5.812745317520267], [-75.0219737791383, 5.825262650083543], [-75.0229543998654, 5.846129679939165], [-75.02948706359587, 5.854306324690458], [-75.02441090940245, 5.860045839171835], [-75.0229543998654, 5.867934068367157], [-75.03092915337598, 5.877019228390268], [-75.03121757007436, 5.882585693325424], [-75.03635140778714, 5.885642921678023], [-75.03601972642802, 5.904332397184684], [-75.04114566435618, 5.911321074711764], [-75.05460142748737, 5.919453066650366], [-75.06204186935517, 5.915447359267948], [-75.08375538226092, 5.913026504647167], [-75.08664152733499, 5.927706730874115], [-75.11123444166194, 5.938711838432861], [-75.11072869195361, 5.946985901102415], [-75.11944107100861, 5.966851742630582], [-75.1171070969835, 5.975439666585618], [-75.10167945185358, 5.979501281075732], [-75.10092656393252, 5.986762532107209], [-75.10386417169258, 5.989207248434752], [-75.0692332793616, 5.999585576203851], [-75.06981254629447, 5.98348017213011], [-75.06277111271969, 5.980654178692841], [-75.05665990079127, 5.971269526937828], [-75.04423730444138, 5.965217192437853], [-75.04187053472188, 5.95494941205805], [-75.03244074491131, 5.944569774720957], [-75.01836577754635, 5.939477850092125], [-75.00963647872297, 5.924902202280272], [-75.00309285734268, 5.92464743117386], [-74.98488335435667, 5.913397229815335], [-74.97711950910512, 5.915891315733582], [-74.96202090698233, 5.932666052149279], [-74.95374751753869, 5.952967364589156], [-74.94063345647356, 5.961763710893621], [-74.93438071676879, 5.976076294503033], [-74.92543664782897, 5.966546767509993], [-74.92658046369708, 5.961609854950723], [-74.9234686106197, 5.958573697623444], [-74.92658887372478, 5.952795744866173], [-74.8440856091612, 5.926495898393574]]]}}, {"type": "Feature", "properties": {"code": "05656", "name": "San Jerónimo", "subregion": "Occidente", "zona": "Cauca Medio", "circuits_count": 0, "circuits_ids": [], "circuits_names": [], "km_intervencion": 0}, "geometry": {"type": "Polygon", "coordinates": [[[-75.65039017326205, 6.501990437606281], [-75.64295154688946, 6.489311714786436], [-75.64308353725247, 6.47706921227162], [-75.65139350070457, 6.471419082301023], [-75.64973327931223, 6.461980455100398], [-75.65236822668678, 6.458563136421159], [-75.66097999083668, 6.454948128367471], [-75.64362822982667, 6.440348152522699], [-75.64793260632523, 6.429088998512483], [-75.64320228554986, 6.42156020435907], [-75.64366006701866, 6.414808734224475], [-75.65550072394771, 6.404509611294181], [-75.66203154972511, 6.404914734987591], [-75.66319287106317, 6.384953864698027], [-75.66872281820552, 6.373150439107834], [-75.6859735501871, 6.369561669889881], [-75.68846542647958, 6.37251034674997], [-75.69334923609931, 6.369713331846275], [-75.70718956081713, 6.37332315225852], [-75.71400884012384, 6.371390448800134], [-75.71873035112121, 6.3613316717181], [-75.72695143436079, 6.374898788919848], [-75.72731034275782, 6.381125538216956], [-75.73708745269828, 6.384780057392428], [-75.73802011596558, 6.394189177380489], [-75.75150884726771, 6.398490852112841], [-75.75533194057302, 6.408987813807313], [-75.76338762330754, 6.41460626740199], [-75.77969454662406, 6.419624024197585], [-75.77698521784568, 6.426560720323356], [-75.77856769544007, 6.437640040692666], [-75.76913672883649, 6.436443557641279], [-75.76661652776477, 6.438877945184823], [-75.76755061396351, 6.461456850044837], [-75.764262595869, 6.467753062231575], [-75.75717068955166, 6.464771008894222], [-75.75205185639908, 6.474530742735425], [-75.7387768441845, 6.478820911854652], [-75.73171182803688, 6.491480039409053], [-75.71934452478938, 6.490897221493202], [-75.7130597134323, 6.497322547869377], [-75.69287236992231, 6.501258785017997], [-75.67776294040542, 6.508429288608866], [-75.65039017326205, 6.501990437606281]]]}}, {"type": "Feature", "properties": {"code": "05658", "name": "San José De La Montaña", "subregion": "Norte", "zona": "Río Grande y Chico", "circuits_count": 2, "circuits_ids": [9, 11], "circuits_names": ["Alto del Cardal - Toledo", "Entrerríos - Labores - San José de la Montana"], "km_intervencion": 54.95}, "geometry": {"type": "Polygon", "coordinates": [[[-75.6424525435289, 6.869737409265366], [-75.64140166915672, 6.863223070370652], [-75.63749697289103, 6.863323007986083], [-75.63565408088228, 6.856910357564843], [-75.64132044977694, 6.849413013254963], [-75.6328876399131, 6.845325102566628], [-75.6239502849817, 6.825651519906093], [-75.62530453839166, 6.819470835185246], [-75.61905523833609, 6.818903068481012], [-75.6184591836872, 6.81033510756558], [-75.61422255273749, 6.807751010548278], [-75.61915517591144, 6.798228407654469], [-75.62330168427859, 6.797025054383341], [-75.6269125155637, 6.785912139758136], [-75.62917466119703, 6.793816128524256], [-75.63475793233462, 6.795487935120639], [-75.64538574864577, 6.783316984122019], [-75.65095028092654, 6.783029316916863], [-75.6574938349332, 6.770191609862897], [-75.66790116694438, 6.76797704013128], [-75.66713618859788, 6.75301631686955], [-75.67655968750653, 6.744451384203326], [-75.67808921300818, 6.754348267233786], [-75.69503125870531, 6.759929283689027], [-75.73410081399169, 6.80609008513085], [-75.73086313389243, 6.82227068287083], [-75.72333071531932, 6.825795684609677], [-75.72651270885412, 6.831813882037398], [-75.72681799501521, 6.844167571952063], [-75.71837852144859, 6.870571234543624], [-75.71226330662726, 6.878328280549112], [-75.70283090451586, 6.875469361634051], [-75.69763426109002, 6.887233814538804], [-75.67188466522343, 6.87984804555686], [-75.65513326089422, 6.886710412554519], [-75.646372085353, 6.881504150813582], [-75.6424525435289, 6.869737409265366]]]}}, {"type": "Feature", "properties": {"code": "05659", "name": "San Juan De Urabá", "subregion": "Urabá", "zona": "Urabá Norte", "circuits_count": 0, "circuits_ids": [], "circuits_names": [], "km_intervencion": 0}, "geometry": {"type": "Polygon", "coordinates": [[[-76.56544888467107, 8.611413709620399], [-76.57022606157163, 8.611128570016621], [-76.57666706660041, 8.618670833869775], [-76.57072390969873, 8.635614196147563], [-76.57744645931396, 8.635506715370415], [-76.60508456813098, 8.646072027227987], [-76.60614604531845, 8.65384182357903], [-76.60219480733788, 8.659746331204122], [-76.60167300383712, 8.668818906288244], [-76.60696705697913, 8.682883135900495], [-76.60418124833241, 8.691010983996465], [-76.61873777467342, 8.690840835075065], [-76.62419611620616, 8.693734338354801], [-76.62093595037705, 8.70117570850457], [-76.62445202377272, 8.702469967357727], [-76.62761330844526, 8.727043885181212], [-76.63160949991928, 8.729485182431457], [-76.61145475447432, 8.736313133113402], [-76.60731625997785, 8.740933438823669], [-76.5600729429044, 8.75553941906144], [-76.52405472478799, 8.773565871708875], [-76.51336562450986, 8.781838834057886], [-76.5112775238696, 8.802970280822501], [-76.48641969456871, 8.818620561313331], [-76.4778941704827, 8.810384543667773], [-76.47802742028374, 8.804445408715118], [-76.47231671324161, 8.801685233700296], [-76.46952322579584, 8.795309868097712], [-76.47152197281143, 8.786358333760552], [-76.47544808401518, 8.784066913515769], [-76.47364207323875, 8.779691082605524], [-76.48332319010626, 8.767714839666533], [-76.47215599565412, 8.761925844166674], [-76.46470780222376, 8.744388769568726], [-76.446629216114, 8.738047150116024], [-76.43336840267081, 8.738403080569043], [-76.42847275505225, 8.734110203131085], [-76.42902750157113, 8.72966184611632], [-76.44541420067476, 8.71209314245668], [-76.45040167318334, 8.690192007792833], [-76.46109146336762, 8.689512792779144], [-76.46585428608826, 8.679430936251698], [-76.47625489061626, 8.676324635584452], [-76.48345027926106, 8.69320076101569], [-76.49009402147304, 8.693881954899789], [-76.48561342246524, 8.679205012120162], [-76.49119774463173, 8.674022664471716], [-76.49083913806862, 8.662103290180953], [-76.50232571594358, 8.658403947499833], [-76.50761584165119, 8.649475751700175], [-76.5138156975352, 8.645702341989484], [-76.51248165532081, 8.640394044113899], [-76.51837857413821, 8.631960543060671], [-76.5240752494956, 8.630207519574391], [-76.53409890296409, 8.616127870527942], [-76.54275416264174, 8.611257412447344], [-76.54578460140495, 8.603572579572225], [-76.5554340248109, 8.603145465651178], [-76.56544888467107, 8.611413709620399]]]}}, {"type": "Feature", "properties": {"code": "05660", "name": "San Luis", "subregion": "Oriente", "zona": "Bosques", "circuits_count": 0, "circuits_ids": [], "circuits_names": [], "km_intervencion": 0}, "geometry": {"type": "Polygon", "coordinates": [[[-74.91894617437413, 6.042893134108358], [-74.91291112431047, 6.03890620962123], [-74.8966067081919, 6.036663437742262], [-74.89493133940722, 6.028401147935681], [-74.88231595651254, 6.026582584052825], [-74.86276998765753, 6.014568613903544], [-74.85326191056826, 6.025494309565667], [-74.84260828386239, 6.026382114363915], [-74.83809767483588, 6.022014699948991], [-74.81972589568538, 6.01684539733073], [-74.81719136378992, 6.012649818143931], [-74.8097739187934, 6.012205914981533], [-74.80388865022695, 6.002969908169241], [-74.79259065028967, 6.001380454522785], [-74.7865478666297, 6.004630957654894], [-74.76914039480074, 5.993664768602764], [-74.77209198483818, 5.98720028159543], [-74.79160410696993, 5.988080662919076], [-74.80112060935822, 5.983744636372245], [-74.80476191329441, 5.971036002803134], [-74.81451797480943, 5.969377053512058], [-74.81508094001485, 5.959854564863094], [-74.82270492206823, 5.955650294193314], [-74.82787940675097, 5.944882091295816], [-74.83629992406847, 5.942815890163244], [-74.84651114936155, 5.933287411424423], [-74.8440856091612, 5.926495898393574], [-74.92658887372478, 5.952795744866173], [-74.9234686106197, 5.958573697623444], [-74.92658046369708, 5.961609854950723], [-74.92543664782897, 5.966546767509993], [-74.93438071676879, 5.976076294503033], [-74.94063345647356, 5.961763710893621], [-74.95374751753869, 5.952967364589156], [-74.96202090698233, 5.932666052149279], [-74.97247997386901, 5.92015539499255], [-74.9830865396338, 5.913048597317568], [-75.00309285734268, 5.92464743117386], [-75.00963647872297, 5.924902202280272], [-75.01836577754635, 5.939477850092125], [-75.03203254595462, 5.94431857592364], [-75.03912892947534, 5.951430658441296], [-75.04470830372126, 5.965688188362779], [-75.05665990079127, 5.971269526937828], [-75.06277111271969, 5.980654178692841], [-75.06981254629447, 5.98348017213011], [-75.07065754566817, 5.995335354913915], [-75.0677465630748, 5.997816144879384], [-75.07827249156811, 6.009383223100898], [-75.07789900980221, 6.015016596049871], [-75.08498489650883, 6.020345490876911], [-75.0832555928745, 6.023638512504881], [-75.08717712626355, 6.035667097005064], [-75.08332072163091, 6.035843118034988], [-75.08526029122885, 6.04407667412216], [-75.08101657975809, 6.055905263304238], [-75.07774484362808, 6.052512030049122], [-75.0739697634781, 6.053900563551982], [-75.076677407017, 6.065737828483837], [-75.07357055935236, 6.067230503576888], [-75.0758746599027, 6.070467526979689], [-75.07133588509876, 6.077939583515068], [-75.07353150689201, 6.079762038894855], [-75.07078914885729, 6.083927642295538], [-75.07222107599658, 6.100546677507501], [-75.06533046955799, 6.108053443970752], [-75.06677107532126, 6.113217060623049], [-75.06027127196388, 6.128744991890287], [-75.05161777837407, 6.1271644236518], [-75.043040811365, 6.116345136275932], [-75.03359006924875, 6.123206631104747], [-75.02360979632364, 6.118553941819343], [-75.01602930440811, 6.125093632374679], [-75.00772025364432, 6.124313034528747], [-74.98189374132818, 6.109577678402268], [-74.95483396429782, 6.100035321169509], [-74.94458792569421, 6.086692017766565], [-74.94154396818432, 6.07179208162772], [-74.93285988965404, 6.069526435392556], [-74.93136190040873, 6.063795691028384], [-74.92556185411495, 6.064019593898168], [-74.91894617437413, 6.042893134108358]]]}}, {"type": "Feature", "properties": {"code": "05664", "name": "San Pedro De Los Milagros", "subregion": "Norte", "zona": "Río Grande y Chico", "circuits_count": 0, "circuits_ids": [], "circuits_names": [], "km_intervencion": 0}, "geometry": {"type": "Polygon", "coordinates": [[[-75.46091807857587, 6.511184029844673], [-75.46518814841372, 6.485883466852316], [-75.46324573115635, 6.475062217555919], [-75.45250865365551, 6.466512211307633], [-75.45246317195269, 6.460319926447682], [-75.4741533088981, 6.466064672146834], [-75.47643479615778, 6.463285508000502], [-75.48650557524608, 6.4676116265079], [-75.4932512582765, 6.440320815232884], [-75.48833492694853, 6.430380416713222], [-75.49219977035497, 6.428288403276859], [-75.49356267633773, 6.422157394766848], [-75.49728836441845, 6.421906347729908], [-75.4954420327605, 6.420214278063011], [-75.49841028744477, 6.416216108740515], [-75.50311065120202, 6.417622740224994], [-75.50668251446842, 6.413461309111325], [-75.50963431560997, 6.41526160598716], [-75.51211801543676, 6.408714486483136], [-75.51742846373102, 6.410169746137869], [-75.51846662424698, 6.403756852599381], [-75.52400263232255, 6.40218397132528], [-75.5239728298147, 6.39359726775066], [-75.53325566332961, 6.387937851851347], [-75.5460291137817, 6.387428381213936], [-75.54898533373613, 6.383412867137905], [-75.55437063594808, 6.383565480234795], [-75.56513350408069, 6.403697921215405], [-75.56648962778307, 6.420961476055386], [-75.58282972228977, 6.425153695763832], [-75.59119183474075, 6.43499771474489], [-75.60128839368107, 6.415588748276818], [-75.61430160538082, 6.408645878784375], [-75.6149198888414, 6.397372433092166], [-75.62199069013946, 6.383050592524436], [-75.63273754131058, 6.385496687078048], [-75.66203154972511, 6.404914734987591], [-75.65550072394771, 6.404509611294181], [-75.64366006701866, 6.414808734224475], [-75.64320228554986, 6.42156020435907], [-75.64793260632523, 6.429088998512483], [-75.64362822982667, 6.440348152522699], [-75.66097999083668, 6.454948128367471], [-75.65236822668678, 6.458563136421159], [-75.64973327931223, 6.461980455100398], [-75.65139350070457, 6.471419082301023], [-75.64308353725247, 6.47706921227162], [-75.6439557986984, 6.497680372817265], [-75.60976603307084, 6.50692385681573], [-75.60888634255753, 6.51192901293095], [-75.60342974645138, 6.509364198710315], [-75.59953376833552, 6.502354598920375], [-75.59489830606091, 6.502842170009787], [-75.58340396494525, 6.511422669353065], [-75.58401553799068, 6.517644575886125], [-75.58007342060519, 6.52123314530456], [-75.56441787917592, 6.529902095991421], [-75.54505082058952, 6.515604496006675], [-75.53950194594414, 6.506151095238278], [-75.48548891590643, 6.512092369872772], [-75.46091807857587, 6.511184029844673]]]}}, {"type": "Feature", "properties": {"code": "05665", "name": "San Pedro De Urabá", "subregion": "Urabá", "zona": "Urabá Norte", "circuits_count": 3, "circuits_ids": [25, 26, 27], "circuits_names": ["San Pedro de Urabá - Necoclí", "San Pedro de Urabá - Arboletes", "San Pedro - El Tres - Turbo"], "km_intervencion": 110.65}, "geometry": {"type": "Polygon", "coordinates": [[[-76.25481459723784, 8.594491086801591], [-76.26547082636309, 8.58444723177055], [-76.25534102616399, 8.576873792447309], [-76.2440634494247, 8.572086904008954], [-76.22412313183808, 8.573851745883184], [-76.22208873607875, 8.571781935050497], [-76.22385997127391, 8.561772592395654], [-76.2365771512566, 8.560034926455225], [-76.23722938205181, 8.556331577158357], [-76.228105093998, 8.541774631679992], [-76.20999636941045, 8.52292253050693], [-76.20968197702732, 8.47678185125678], [-76.21866846351652, 8.44356047188303], [-76.21276793347172, 8.437247093617842], [-76.21187008531155, 8.430029112658213], [-76.20326001987583, 8.423551190700113], [-76.19694031795314, 8.423434105526086], [-76.18042895065436, 8.396064368350444], [-76.19987967742799, 8.387394964467974], [-76.22600215498586, 8.381236334906793], [-76.23724272922028, 8.370129012028878], [-76.24287729326231, 8.369986244613273], [-76.26821438814031, 8.351430016991932], [-76.28802482820147, 8.328230272151064], [-76.29474539703152, 8.315085569565293], [-76.30343039813158, 8.311179061810058], [-76.29975422069774, 8.298894152558738], [-76.30308546572373, 8.293868728739358], [-76.30327582322401, 8.284522206856598], [-76.30891038636771, 8.282961280013367], [-76.31412616480743, 8.271254332342968], [-76.3241199007837, 8.264744125511601], [-76.32804125271308, 8.24209165696311], [-76.33407556615823, 8.237085271760472], [-76.33321896055108, 8.23013724466914], [-76.34305936578643, 8.210933619265619], [-76.35084170555304, 8.204425809395657], [-76.35335616100019, 8.19423902066615], [-76.34958237532256, 8.172130406192748], [-76.33114775901791, 8.151459391298253], [-76.33533406993867, 8.14774783133681], [-76.34926511731365, 8.15516198538407], [-76.35293144741534, 8.147706282130116], [-76.35733513177021, 8.146242277195892], [-76.36815124304974, 8.152946083785514], [-76.37201763694836, 8.146425501085096], [-76.37485222591162, 8.11154444565299], [-76.40167998786704, 8.102148516771084], [-76.39936484253029, 8.117229367994943], [-76.40240630002877, 8.121893301549026], [-76.39956941317499, 8.13158286814902], [-76.40232157272781, 8.136470680053108], [-76.39986090300998, 8.14763302500981], [-76.40877272422772, 8.154396012531087], [-76.41266939224973, 8.165073823777348], [-76.41055493144574, 8.190839982042288], [-76.39823185405629, 8.196447401037041], [-76.39455278853883, 8.216807054354398], [-76.39559199918537, 8.222435684843944], [-76.40135908629136, 8.22232179712359], [-76.40915748793526, 8.231431617802196], [-76.40021197719942, 8.254025290974559], [-76.40383593826074, 8.266589033358176], [-76.40304569300024, 8.277739692873304], [-76.39427762917741, 8.28638382743007], [-76.39760790671782, 8.292345355117108], [-76.39438494820945, 8.306589384169666], [-76.39622983357981, 8.3125849140871], [-76.38943961117928, 8.319035638014668], [-76.39258846945651, 8.324491549606513], [-76.40007712660054, 8.327321223797], [-76.39625402790536, 8.335967261602596], [-76.40059126118373, 8.33834296244428], [-76.40217041770651, 8.352285949557158], [-76.40478145911472, 8.352381734166897], [-76.40097812066084, 8.36195659419099], [-76.40437205731386, 8.372450812446884], [-76.40235784041077, 8.376652756684832], [-76.39285896566328, 8.380894125477164], [-76.40647209027607, 8.411526470345425], [-76.42032970935972, 8.412546294081082], [-76.4225355306247, 8.41728764842685], [-76.42018700299369, 8.421752276527435], [-76.425523875232, 8.424428126958462], [-76.42374419227993, 8.431792675152241], [-76.4192542364201, 8.439732762699304], [-76.40970023835183, 8.43909771997699], [-76.4020149525685, 8.4448084214019], [-76.40678049179458, 8.457022493441054], [-76.40365554487357, 8.46360436462572], [-76.39736105506766, 8.454166719016616], [-76.37376859716755, 8.454978890280083], [-76.37025281482602, 8.452784553912702], [-76.36515321011208, 8.458288271580818], [-76.3540016328712, 8.452954589066382], [-76.35412705385453, 8.449181528333332], [-76.34817897149014, 8.443874950324354], [-76.32984831272178, 8.445388212963119], [-76.32681824406447, 8.462102118474245], [-76.31716584094671, 8.47521119810307], [-76.31669639934553, 8.482993060375065], [-76.31360457780065, 8.481700052201543], [-76.31203914843373, 8.485430537079807], [-76.31633043198698, 8.496042551195703], [-76.31389253276498, 8.506980864742236], [-76.31856741491087, 8.511731799391393], [-76.30711650644088, 8.520843838098157], [-76.30991080416705, 8.5248018621668], [-76.31801620505927, 8.525929878356619], [-76.31696875955653, 8.529229621885387], [-76.32168835983727, 8.528713964796353], [-76.31968752603528, 8.54646959566649], [-76.30866510317603, 8.560388213668828], [-76.30935772941291, 8.564118936403442], [-76.29521447840824, 8.569171440499579], [-76.29378680658844, 8.576679779322184], [-76.2880277809638, 8.580552866281387], [-76.2859620654421, 8.595188153189987], [-76.28296251075838, 8.59686956618846], [-76.27654468945045, 8.590092942317957], [-76.26534170701574, 8.590249856666475], [-76.26462799552249, 8.593773844773947], [-76.2626508538878, 8.591718221074842], [-76.26060448089078, 8.595152954558612], [-76.25481459723784, 8.594491086801591]]]}}, {"type": "Feature", "properties": {"code": "05667", "name": "San Rafael", "subregion": "Oriente", "zona": "Embalses", "circuits_count": 1, "circuits_ids": [4], "circuits_names": ["San Rafael - San Roque - Santo Domingo - Alejandría"], "km_intervencion": 25.72}, "geometry": {"type": "Polygon", "coordinates": [[[-74.82822164870454, 6.338663223116047], [-74.8460845502129, 6.326252179512081], [-74.85283463139494, 6.325255523290924], [-74.8625266591999, 6.307360661701956], [-74.87389903245617, 6.315877591750711], [-74.88514353681995, 6.31196541752421], [-74.8896435906419, 6.316261377147503], [-74.90059684232595, 6.312097869371912], [-74.90277806951511, 6.308171661834204], [-74.91274460180962, 6.309547511771763], [-74.91727484351667, 6.295218523794713], [-74.90859153933417, 6.28611220572746], [-74.90618195770485, 6.277521525303511], [-74.9129392622401, 6.268249876970524], [-74.91607863700287, 6.268506936965092], [-74.91482456820499, 6.272430557253939], [-74.91743203791161, 6.273262465520961], [-74.92190198649341, 6.270294916587427], [-74.92981131031199, 6.272293977065259], [-74.93326310296088, 6.269251928847257], [-74.97651053758077, 6.271535877610486], [-74.98015698886351, 6.265767282696483], [-74.98497684023164, 6.267585445246448], [-74.99878460102042, 6.263417389100526], [-74.98752790382328, 6.255556107700241], [-74.98769706287949, 6.250652853799561], [-75.006937980932, 6.252202910352643], [-75.01184968054635, 6.249377402818303], [-75.02562939593193, 6.264414406868345], [-75.03568205779756, 6.247052213072012], [-75.03931915402498, 6.224588971472812], [-75.0580224285833, 6.209764892351615], [-75.06267069993554, 6.216595309289389], [-75.07731798396802, 6.212051663463233], [-75.09449117786585, 6.214174024595895], [-75.10456492229288, 6.232169259185847], [-75.10359341856761, 6.237056671124084], [-75.11640231923577, 6.234695169911224], [-75.1460871837321, 6.256901733281532], [-75.14283495721345, 6.262061312187632], [-75.14630535037864, 6.282958311649654], [-75.1385359580302, 6.28915461172438], [-75.13995453530607, 6.300376298029088], [-75.12495491495118, 6.293847512883787], [-75.11662756640337, 6.294355364307798], [-75.1117279500279, 6.319822960483304], [-75.1057287337609, 6.324771778679251], [-75.09056753882575, 6.323279016560226], [-75.0847584015813, 6.331405312636873], [-75.08326188108148, 6.329651361608772], [-75.07884939683008, 6.333828497301758], [-75.06599582653611, 6.336334749994179], [-75.06429014320388, 6.346189964826543], [-75.04458037194671, 6.348207203838562], [-75.0451167757658, 6.358447650763788], [-75.04173075237209, 6.357460273958102], [-75.03707609848976, 6.362094516042569], [-75.01815177459116, 6.361409636778388], [-75.01132065908227, 6.368397511691725], [-74.99767378206931, 6.372600292800797], [-74.99653105765427, 6.375568713428523], [-74.9858791952396, 6.374971785492771], [-74.9866723914658, 6.384979085584868], [-74.97922998408417, 6.383207367712188], [-74.96746844178219, 6.394740993997565], [-74.95325762668838, 6.396477311170982], [-74.94962484956088, 6.402486983947846], [-74.9357427558773, 6.401079389439089], [-74.92315155024016, 6.405962427999482], [-74.91684536706417, 6.403140478585545], [-74.8614466389883, 6.357975038248245], [-74.82822164870454, 6.338663223116047]]]}}, {"type": "Feature", "properties": {"code": "05670", "name": "San Roque", "subregion": "Nordeste", "zona": "Nus", "circuits_count": 2, "circuits_ids": [3, 4], "circuits_names": ["Caramanta - Cristales - San Roque", "San Rafael - San Roque - Santo Domingo - Alejandría"], "km_intervencion": 46.36}, "geometry": {"type": "Polygon", "coordinates": [[[-74.83914340635306, 6.509837194339312], [-74.83427352331518, 6.507562312383708], [-74.83118812741951, 6.498033690162079], [-74.82039946416351, 6.490092031855741], [-74.81695989578898, 6.483172028492325], [-74.82101245654708, 6.47689226422388], [-74.81721871479537, 6.476108995482978], [-74.81808371605719, 6.47046265542903], [-74.81161324089722, 6.465728995201174], [-74.81185422205701, 6.459675784916027], [-74.82101772696285, 6.447441829075117], [-74.84139441736842, 6.437505332507395], [-74.82913339290386, 6.417701497447415], [-74.83147728432968, 6.409752872438234], [-74.81963419206791, 6.401613643392956], [-74.79925160781576, 6.410375857825966], [-74.81629289848715, 6.365896087890375], [-74.81445584373112, 6.363538596703287], [-74.80640112938048, 6.368323835676661], [-74.80064353746702, 6.365066037331323], [-74.79755508280783, 6.369202797658584], [-74.7941924551374, 6.367388429250235], [-74.78344333841514, 6.373323427229658], [-74.78240310099423, 6.367581959352898], [-74.78726210004413, 6.357326101736438], [-74.78165382969047, 6.350280316414128], [-74.79262828700513, 6.339588891968302], [-74.79053813910433, 6.330828817833], [-74.79446162363418, 6.32578535615546], [-74.79025992726757, 6.315805435917888], [-74.79372658972937, 6.313111734178969], [-74.8095015397178, 6.321935990448027], [-74.83229242999155, 6.341879441346626], [-74.8614466389883, 6.357975038248245], [-74.92260012658951, 6.405852143028334], [-74.9357427558773, 6.401079389439089], [-74.95040872127443, 6.402217263273575], [-74.95298790752433, 6.396595311292174], [-74.96746844178219, 6.394740993997565], [-74.97968521433756, 6.383042977396788], [-75.01029841311987, 6.388530042992978], [-75.00990948931423, 6.393495760092529], [-75.01996593578215, 6.400864465573703], [-75.01856130485109, 6.403858301978095], [-75.0275326161002, 6.414513377501922], [-75.03319778394733, 6.415863897464821], [-75.0329453699289, 6.419812842592738], [-75.0408365531686, 6.429277474182501], [-75.0483842943055, 6.432839687625733], [-75.06273798015705, 6.447430984468261], [-75.09700831747907, 6.463137475561155], [-75.09938312801867, 6.466714356619332], [-75.09600464418517, 6.468944033644952], [-75.10366028556409, 6.473862385574686], [-75.1020811748554, 6.479281448135911], [-75.10849256242923, 6.482620408841076], [-75.10763923926613, 6.486933398955942], [-75.09779201402114, 6.484343603713841], [-75.09141406443712, 6.476320460873476], [-75.07624376687318, 6.493700992949134], [-75.07171865993628, 6.491721099955109], [-75.06418618117604, 6.495849109229098], [-75.06012054364236, 6.49355184035436], [-75.05930499373862, 6.497064356693514], [-75.05177932690319, 6.499212239941531], [-75.05348309951883, 6.504650587860353], [-75.05033798452139, 6.507270844103786], [-75.02192293449325, 6.51812330611047], [-75.01828122362024, 6.531382048854969], [-75.0220602060518, 6.536977851794616], [-75.01930673406038, 6.540330663734486], [-75.00671782182215, 6.54566525078437], [-74.99956080920627, 6.540330663734486], [-74.99155893196402, 6.544639027564185], [-74.98966572980778, 6.549416265183544], [-74.977850907528, 6.535164166231805], [-74.9679296979345, 6.539173952091096], [-74.95740273278537, 6.533553981238532], [-74.95247477007109, 6.53406774573906], [-74.95231618328746, 6.530357357274075], [-74.94786529066779, 6.52828918446523], [-74.93684814990239, 6.532378344878826], [-74.92647583871258, 6.525112223379116], [-74.914499317885, 6.524546030655942], [-74.91102353213319, 6.516139661721639], [-74.90027375964077, 6.51803483351287], [-74.88728576095609, 6.511709410222305], [-74.87237015733479, 6.510901407661705], [-74.85390995790918, 6.502343659991633], [-74.84791776646772, 6.50854227700898], [-74.83914340635306, 6.509837194339312]]]}}, {"type": "Feature", "properties": {"code": "05674", "name": "San Vicente", "subregion": "Oriente", "zona": "Valle de San Nicolás", "circuits_count": 2, "circuits_ids": [16, 29], "circuits_names": ["San Vicente - El Peñol", "Guarne - Yolombal"], "km_intervencion": 23.15}, "geometry": {"type": "Polygon", "coordinates": [[[-75.30664131825641, 6.392060084968072], [-75.30282189995894, 6.389878414126274], [-75.30601993111651, 6.371616599079369], [-75.30201859049927, 6.370292682821186], [-75.30246606110524, 6.364988379941501], [-75.2950202518036, 6.352716762384941], [-75.29115728138454, 6.35435655789093], [-75.28608344304793, 6.348299537043894], [-75.27344677367427, 6.344032072005607], [-75.26939333436381, 6.349639625069019], [-75.2581660974164, 6.350546328031565], [-75.2610155508027, 6.335033307450758], [-75.24642380062107, 6.332315729715667], [-75.23138477836119, 6.305163283370359], [-75.22803870753977, 6.290064657490869], [-75.25157086243313, 6.279673204541089], [-75.2545325908569, 6.272901703089479], [-75.26445855343654, 6.267505067604071], [-75.27514904071349, 6.265629089882389], [-75.28186517006937, 6.269314327706729], [-75.28418542412516, 6.258700356567179], [-75.29271191928997, 6.258915638738439], [-75.29914427803413, 6.263062175817999], [-75.30738595425329, 6.24146969720695], [-75.32853263560465, 6.232288298710627], [-75.32828959281127, 6.22870145743209], [-75.32182543819762, 6.228054650014999], [-75.32337255001761, 6.22571046586884], [-75.33690365664832, 6.226943366003748], [-75.34294212839491, 6.223154965394913], [-75.3454703927446, 6.227368086580295], [-75.34309967223447, 6.229627564837952], [-75.34714728507198, 6.233441410440508], [-75.36777996119754, 6.228158328859844], [-75.37281808701006, 6.233787812024238], [-75.37866620484962, 6.2317158564258], [-75.39122185337119, 6.264709444168309], [-75.39536912889959, 6.26726565084584], [-75.38750559221106, 6.271437242646437], [-75.39360674480493, 6.275807026622436], [-75.3912718473117, 6.282780961714634], [-75.39549429206645, 6.285688079352634], [-75.38707876399202, 6.298534437483696], [-75.38669165388494, 6.309761309485204], [-75.39104385040102, 6.321772403770544], [-75.38584938808468, 6.328290697006837], [-75.39142567661759, 6.335067364445305], [-75.399794685435, 6.335969390515237], [-75.40149797206207, 6.343087444149401], [-75.40664292373154, 6.347239085804556], [-75.39980985079363, 6.358396325197401], [-75.40531526853884, 6.362955720549172], [-75.39094946171916, 6.368712948478163], [-75.3871003091858, 6.373417828919425], [-75.37660501683696, 6.373116260539785], [-75.36931185465829, 6.381689398711027], [-75.34571683745797, 6.397458324498809], [-75.33928052971982, 6.395989692209166], [-75.33244895876507, 6.398641424418639], [-75.31963852557104, 6.386575525644482], [-75.31295465920859, 6.392115965448101], [-75.30664131825641, 6.392060084968072]]]}}, {"type": "Feature", "properties": {"code": "05679", "name": "Santa Bárbara", "subregion": "Suroeste", "zona": "Cartama", "circuits_count": 1, "circuits_ids": [18], "circuits_names": ["Abejorral - Santa Barbara"], "km_intervencion": 26.2}, "geometry": {"type": "Polygon", "coordinates": [[[-75.59209666011574, 6.006268473022968], [-75.59177410204667, 5.991071476027463], [-75.57994992830477, 5.989748771915684], [-75.57508460870852, 5.982205239750081], [-75.56841457011322, 5.983537517263811], [-75.562576123536, 5.977030839647155], [-75.56215376263887, 5.974563367568042], [-75.56776899493597, 5.971527331119932], [-75.57965577676161, 5.972208326440969], [-75.58220827765768, 5.975234435733925], [-75.5826506970368, 5.973048081348733], [-75.56662220923754, 5.963568802241595], [-75.55530455236521, 5.963027522679799], [-75.54900603002197, 5.955085483609352], [-75.54980318692026, 5.946612000737976], [-75.55293276555484, 5.946365963623568], [-75.5564560012183, 5.939831248761012], [-75.55360198349204, 5.927499924805679], [-75.55535375848321, 5.923523981698299], [-75.54697869412246, 5.909234212548795], [-75.54824823909605, 5.891962480840956], [-75.53336798148621, 5.862467686010898], [-75.53329909058539, 5.851907819032629], [-75.53998142891358, 5.837303120917317], [-75.53892839499143, 5.828750908596164], [-75.54571898929449, 5.82119268272512], [-75.54972445497549, 5.822491752996767], [-75.55172226864148, 5.819785356485761], [-75.54711057309437, 5.770551056236365], [-75.5488171197076, 5.762786511342457], [-75.55385380462239, 5.75781265761351], [-75.5512608714537, 5.748245627784847], [-75.5568848551383, 5.732500259632043], [-75.55593429743053, 5.724425484457709], [-75.56494925961593, 5.723052757047125], [-75.5690310120275, 5.724898241014468], [-75.56739640340052, 5.741447784572525], [-75.5722430344456, 5.746574297808999], [-75.5798904688161, 5.769539204691318], [-75.58290849645535, 5.788955971295229], [-75.58928732459174, 5.793106174460688], [-75.59942654272825, 5.808974926980001], [-75.6111588547492, 5.810382149781639], [-75.61938156932935, 5.800939493856114], [-75.6223418990762, 5.807515986446075], [-75.61306201922194, 5.829449242248625], [-75.62360281213823, 5.854966145916132], [-75.62342584223063, 5.867553159664123], [-75.61772960974267, 5.873083480178413], [-75.62444982373816, 5.895245514079527], [-75.6252402253055, 5.923194963869233], [-75.63410967927952, 5.93448011326328], [-75.63362877966689, 5.941965067829816], [-75.6393542613005, 5.946225415356186], [-75.63697421717605, 5.964919936722935], [-75.62895699581043, 5.969070644030926], [-75.62355193605212, 5.977409313304441], [-75.61463061694688, 5.976943967693585], [-75.60171788360829, 5.987020056496417], [-75.60454108462872, 5.992469786829803], [-75.60178809413426, 6.002674156904799], [-75.59649186706928, 6.006883990088767], [-75.59209666011574, 6.006268473022968]]]}}, {"type": "Feature", "properties": {"code": "05042", "name": "Santa Fe De Antioquia", "subregion": "Occidente", "zona": "Cauca Medio", "circuits_count": 0, "circuits_ids": [], "circuits_names": [], "km_intervencion": 0}, "geometry": {"type": "Polygon", "coordinates": [[[-75.83311035510133, 6.680795072105477], [-75.836842399661, 6.668094080249209], [-75.83321351493359, 6.649882230696176], [-75.81675995602, 6.635560558877836], [-75.80940742238758, 6.603342657270648], [-75.80373240720832, 6.600404024152145], [-75.80494593144415, 6.592551801675275], [-75.79820016037884, 6.586484175246615], [-75.79699853253231, 6.570470402413348], [-75.79847231128238, 6.547487783525433], [-75.80555878099563, 6.515595652094748], [-75.80851407209204, 6.512997277419123], [-75.81757981783709, 6.514210804590247], [-75.82173435714286, 6.50837160823234], [-75.81983554680431, 6.495265534134608], [-75.82387587160994, 6.487470422267419], [-75.82191995447046, 6.479518260494082], [-75.82617443045326, 6.469153328565829], [-75.82256240890041, 6.457489210733851], [-75.82524644201871, 6.445796539159735], [-75.8177796929878, 6.433290092101638], [-75.81966842872043, 6.408217357642076], [-75.83003675947523, 6.403014121517272], [-75.8332814877562, 6.396820379173564], [-75.8434714265703, 6.401504081473629], [-75.85008571032917, 6.39783325661634], [-75.85256842650072, 6.405372042472776], [-75.86088641460326, 6.409985409091811], [-75.87859517239538, 6.409475569436743], [-75.88683413570237, 6.412221890358084], [-75.8909808075629, 6.407483806476046], [-75.90116898478072, 6.405400653747949], [-75.90502100204152, 6.396287893155865], [-75.91841723651379, 6.406257869125309], [-75.91981268037445, 6.411819663910762], [-75.92569333249867, 6.410787324837042], [-75.92746955514029, 6.414387136622683], [-75.94182112456103, 6.421330376914146], [-75.94281476187658, 6.437411913875683], [-75.93998859461908, 6.443727372085448], [-75.9431800932279, 6.457914785757863], [-75.95433433307531, 6.45774505761965], [-75.96541006825173, 6.465023626231493], [-75.96761258371647, 6.490719645475813], [-75.98461695542633, 6.487009312406914], [-75.99180177629015, 6.49456319561729], [-76.00547767966654, 6.497851759259785], [-76.01473106011824, 6.490583307338429], [-76.03798625362977, 6.492563797462412], [-76.03892484487965, 6.504192208829025], [-76.03531872346156, 6.507780545092142], [-76.03456139247307, 6.527344130774265], [-76.03026835001847, 6.537173768753544], [-76.02590964520819, 6.539328544116984], [-76.02380145733983, 6.564189885783096], [-76.01720375737942, 6.573457586777955], [-76.01732790365337, 6.581357287025531], [-76.01368385716061, 6.58582443006946], [-76.01701993512283, 6.594008765602091], [-76.00891309063793, 6.619107997882293], [-76.00910277799501, 6.63370412558552], [-75.99507289348088, 6.631825589163129], [-75.9893136774134, 6.626930744034223], [-75.9744303879895, 6.628072501314779], [-75.9680756158381, 6.623450741083664], [-75.95857815593718, 6.622394524438289], [-75.95506437953367, 6.618220108958118], [-75.93762818227684, 6.61893315342518], [-75.9285163808055, 6.623771679786638], [-75.92681710874945, 6.636274704350336], [-75.92192344640767, 6.638701761504692], [-75.92066889251954, 6.64827000192945], [-75.91333725549728, 6.654255207225146], [-75.90367718885182, 6.649061398927656], [-75.89261648787999, 6.624019098374208], [-75.88686948800208, 6.626984708463255], [-75.88013025936696, 6.645651494577997], [-75.87045335829308, 6.649213496686047], [-75.86949802064967, 6.652989940774719], [-75.856839286856, 6.66135612553284], [-75.85279109999502, 6.674522761721139], [-75.84822982059659, 6.679294562374062], [-75.84155330784304, 6.683023789112658], [-75.83311035510133, 6.680795072105477]]]}}, {"type": "Feature", "properties": {"code": "05686", "name": "Santa Rosa De Osos", "subregion": "Norte", "zona": "Río Grande y Chico", "circuits_count": 2, "circuits_ids": [10, 11], "circuits_names": ["Santa Rosa - Carolina del Príncipe", "Entrerríos - Labores - San José de la Montana"], "km_intervencion": 73.62}, "geometry": {"type": "Polygon", "coordinates": [[[-75.57579633761992, 6.893120788919171], [-75.57584491491723, 6.876500438791184], [-75.57852762212215, 6.872641670068681], [-75.57321602667928, 6.865730643489083], [-75.57405317208244, 6.853055008293255], [-75.56643783092377, 6.851171210618385], [-75.56158666787809, 6.840741889870937], [-75.55175998800198, 6.8356538574234], [-75.54967391935087, 6.827338350093823], [-75.54260127470985, 6.825884614504321], [-75.48956244873315, 6.772810666288648], [-75.48850553858057, 6.768055392026947], [-75.47481994956875, 6.769405424779539], [-75.45686360710118, 6.781474563896356], [-75.43691647489482, 6.778727387770766], [-75.43691445997362, 6.783168843387116], [-75.42663538133388, 6.785979879920635], [-75.42427605415651, 6.781129689641634], [-75.41058894789019, 6.775064692954506], [-75.39358339309912, 6.772574437161706], [-75.37937598621349, 6.774382462090591], [-75.38119452040331, 6.762504821051212], [-75.37331025598793, 6.758404578878919], [-75.368119837887, 6.749822253056672], [-75.36320205577984, 6.748966172567622], [-75.36066979931701, 6.739876084067468], [-75.36416804295094, 6.735898240182986], [-75.36344252130667, 6.728420524054785], [-75.35025105600678, 6.729000692569229], [-75.33548015031649, 6.712719908328615], [-75.32886785991924, 6.710999861225136], [-75.32439100598782, 6.701999146372406], [-75.30463932832264, 6.694721479019882], [-75.30170474519014, 6.684355932954434], [-75.29835963107449, 6.684562019797074], [-75.29611829401644, 6.68044392185088], [-75.2893297056514, 6.680373652690617], [-75.28682172166755, 6.675811575521353], [-75.29157677845257, 6.674595985884247], [-75.29327986295868, 6.661410777679456], [-75.28867262036042, 6.658697640833482], [-75.2820537668717, 6.659873703809293], [-75.28093044427014, 6.64848189212629], [-75.2602468112101, 6.640618657059094], [-75.24646497310549, 6.640923225373557], [-75.22996571689337, 6.622219256400022], [-75.22801693776715, 6.616123076784065], [-75.2101876368437, 6.607442805108315], [-75.21031374863149, 6.602203233464522], [-75.1975645958112, 6.590788955650941], [-75.19675966758739, 6.582788004641459], [-75.19981013698481, 6.580465650167693], [-75.1978732560445, 6.573008419830795], [-75.20300337383368, 6.569786630867569], [-75.20832384912315, 6.554624702879316], [-75.21824620047533, 6.560444866330614], [-75.22835415095177, 6.559412179268247], [-75.23395127680601, 6.563753802375286], [-75.23399291731269, 6.568352113389852], [-75.23782385021546, 6.566484235323069], [-75.24748446123996, 6.57400927948626], [-75.25192215581153, 6.571594129261688], [-75.27121958508191, 6.572783857176707], [-75.27471739303293, 6.568542470752623], [-75.28536548072677, 6.565425375277292], [-75.28802315098642, 6.560635531036078], [-75.30178773784431, 6.557102825596442], [-75.3062855916921, 6.551760145805213], [-75.3150086966316, 6.549066595828478], [-75.33768971935284, 6.544183943498526], [-75.35530724873628, 6.546301663213134], [-75.36167944550922, 6.543917441750492], [-75.37196347476451, 6.547453324005713], [-75.38001081215005, 6.54131431173364], [-75.39513942518987, 6.541756894066484], [-75.39765213610873, 6.539282253440907], [-75.39591193680833, 6.517696286094514], [-75.4032036958185, 6.525757312024591], [-75.41457751895565, 6.528422308325358], [-75.41900331623957, 6.532967079090655], [-75.42116148816694, 6.542423056450234], [-75.42752892566553, 6.544621679008967], [-75.43211176822406, 6.53845411744789], [-75.44627363771127, 6.530341278232001], [-75.44367407677242, 6.524214168873439], [-75.44758234114641, 6.522096448468315], [-75.44773105724173, 6.514131200230948], [-75.45993243985963, 6.516989060308068], [-75.46161590875322, 6.52618567730102], [-75.47045560603341, 6.540206650691798], [-75.47457802338127, 6.540391058891744], [-75.47739173459904, 6.545203517039933], [-75.48567225936097, 6.546333763152743], [-75.49059179497955, 6.554417982595754], [-75.4969271105202, 6.555024746732024], [-75.494916466217, 6.558266758340791], [-75.49899129351604, 6.563091116821909], [-75.50841990653358, 6.564274897412339], [-75.5086875955051, 6.573959305489916], [-75.50559429712987, 6.576868197076062], [-75.51142992479375, 6.580651540908349], [-75.51157864088904, 6.587635256713806], [-75.51509429477149, 6.587688796193309], [-75.51280555092093, 6.59199413369438], [-75.51672571258257, 6.594278416473597], [-75.51301375345433, 6.600940905844233], [-75.50177674912484, 6.605354805111832], [-75.4971784411704, 6.611838836139802], [-75.51606541222117, 6.63295655252403], [-75.52453629358506, 6.628191683743876], [-75.53172226608909, 6.636168827126118], [-75.5323468745876, 6.644157865688573], [-75.5376768675275, 6.648113721786548], [-75.53562458181928, 6.65616224690301], [-75.53242420695715, 6.654490677361485], [-75.52768313155123, 6.660504763114511], [-75.52519064440433, 6.657887356001332], [-75.52267436537714, 6.65985041420644], [-75.52403660660661, 6.667565813149359], [-75.53062001347253, 6.674663395395526], [-75.5425292145527, 6.678720375912588], [-75.54920296947834, 6.672511013470119], [-75.5670667719969, 6.665057352830679], [-75.56790553167265, 6.66895371926492], [-75.57301779095397, 6.668089081036312], [-75.58083669933917, 6.671439362207989], [-75.5828472331496, 6.67595261924868], [-75.59481255378222, 6.67679988272534], [-75.60090208397291, 6.681202407548231], [-75.6026083521084, 6.698172509586157], [-75.6119236965518, 6.702614061835349], [-75.60189960290882, 6.722171522282207], [-75.60599796337335, 6.728886725981021], [-75.60530187233442, 6.736669930237749], [-75.6045601316077, 6.74198519846652], [-75.5984187758116, 6.747349590411472], [-75.60076852874467, 6.750003058032927], [-75.59861988524753, 6.754057520251139], [-75.60376650598677, 6.763629031918416], [-75.60918714163377, 6.765291847782676], [-75.61403800823541, 6.77186924056358], [-75.61275563262463, 6.782495885033963], [-75.61653279506943, 6.783060982110081], [-75.62616644136405, 6.774221580223652], [-75.62569304178572, 6.791706960411337], [-75.61422255273749, 6.807751010548278], [-75.6184591836872, 6.81033510756558], [-75.61905523833609, 6.818903068481012], [-75.62530453839166, 6.819470835185246], [-75.6239502849817, 6.825651519906093], [-75.6328876399131, 6.845325102566628], [-75.64132044977694, 6.849413013254963], [-75.63565408088228, 6.856910357564843], [-75.63749697289103, 6.863323007986083], [-75.64140166915672, 6.863223070370652], [-75.6424525435289, 6.869737409265366], [-75.63926853597125, 6.87123297339299], [-75.61987220398471, 6.86526996296407], [-75.6116320935291, 6.867699201297793], [-75.60229390402974, 6.862417874931984], [-75.59638180997226, 6.867732096130247], [-75.59500249626083, 6.876231592218865], [-75.58133285593858, 6.886174284397722], [-75.57919067043, 6.893462138142974], [-75.57579633761992, 6.893120788919171]]]}}, {"type": "Feature", "properties": {"code": "05690", "name": "Santo Domingo", "subregion": "Nordeste", "zona": "Nus", "circuits_count": 2, "circuits_ids": [3, 4], "circuits_names": ["Caramanta - Cristales - San Roque", "San Rafael - San Roque - Santo Domingo - Alejandría"], "km_intervencion": 46.36}, "geometry": {"type": "Polygon", "coordinates": [[[-75.13650529297425, 6.547671500061244], [-75.12907270867025, 6.546167142061023], [-75.12161747424469, 6.533871937338478], [-75.09929897114792, 6.539492930066157], [-75.08969102655188, 6.537745592978605], [-75.09398320842045, 6.53449894912767], [-75.09298752025109, 6.520857652178831], [-75.08047110385294, 6.506692730262785], [-75.06944433674097, 6.511350810738048], [-75.06508395118279, 6.535446615869161], [-75.05721284528967, 6.533843483274049], [-75.04953446575426, 6.536865778345569], [-75.04251310772943, 6.534338440253342], [-75.03720164523725, 6.540052875547114], [-75.03083956618933, 6.53763893077022], [-75.02853808153311, 6.540821531250281], [-75.01964733299529, 6.539556573916784], [-75.02204405703793, 6.536598336487976], [-75.01828122272191, 6.531293226067289], [-75.02192293449325, 6.51812330611047], [-75.05033798452139, 6.507270844103786], [-75.05349521060549, 6.504565801725832], [-75.05048332923943, 6.501037134623378], [-75.05930499373862, 6.497064356693514], [-75.05990656314505, 6.493672961461555], [-75.06418618117604, 6.495849109229098], [-75.07171865993628, 6.491721099955109], [-75.07624376687318, 6.493700992949134], [-75.09141406443712, 6.476320460873476], [-75.09779201402114, 6.484343603713841], [-75.10763923926613, 6.486933398955942], [-75.10849256153092, 6.482880115866652], [-75.1020811748554, 6.479281448135911], [-75.10213162064849, 6.470747538929675], [-75.09600464418517, 6.468944033644952], [-75.09938312801867, 6.466714356619332], [-75.09712213312724, 6.4632273288461], [-75.06273798015705, 6.447430984468261], [-75.0483842943055, 6.432839687625733], [-75.0408365531686, 6.429277474182501], [-75.03271884895024, 6.417980929491836], [-75.04570861911265, 6.415669975885475], [-75.05412949485793, 6.40844250967087], [-75.07276745920015, 6.402189265113881], [-75.07799397430415, 6.396901860624743], [-75.09232407848116, 6.39362301492101], [-75.12413983127308, 6.407797856013787], [-75.15411997739321, 6.414884561177746], [-75.15877049543197, 6.419015800819601], [-75.17312773232382, 6.418735877473977], [-75.18268526526273, 6.438960924914069], [-75.1877737353587, 6.437935970459282], [-75.19397997197619, 6.441708941587737], [-75.19727678278069, 6.449154006506144], [-75.21556124029568, 6.452682841787286], [-75.24181027879897, 6.447755230882197], [-75.23646416020142, 6.465575216014694], [-75.23013518946163, 6.468859322728616], [-75.232843672027, 6.475899990856536], [-75.21990460816912, 6.479170714959352], [-75.21712697778476, 6.487204437530433], [-75.22491387021324, 6.490147428487057], [-75.22805153009212, 6.495913163835445], [-75.24323024576859, 6.499663467116808], [-75.24837761121121, 6.506854890242136], [-75.26347734521127, 6.508848068686087], [-75.25114937200351, 6.521131670376505], [-75.25093649194244, 6.52762958448969], [-75.23619707040619, 6.534948610387099], [-75.2358980257397, 6.541030902438847], [-75.23062163527281, 6.547609915248048], [-75.217179771774, 6.546403596221462], [-75.20757221884344, 6.555463485654739], [-75.17185894103675, 6.550346374105089], [-75.16944155933582, 6.546625284556916], [-75.1533378070888, 6.541628246798396], [-75.1427194320713, 6.542848836264836], [-75.13650529297425, 6.547671500061244]]]}}, {"type": "Feature", "properties": {"code": "05736", "name": "Segovia", "subregion": "Nordeste", "zona": "Minera", "circuits_count": 0, "circuits_ids": [], "circuits_names": [], "km_intervencion": 0}, "geometry": {"type": "Polygon", "coordinates": [[[-74.38872461856761, 7.266340660878196], [-74.6333502901903, 7.162259855173732], [-74.640490372258, 7.156020607951496], [-74.64838635789121, 7.158753487587106], [-74.65824278907125, 7.15734865195111], [-74.66234455864229, 7.142180828527747], [-74.66041817631272, 7.129257434713921], [-74.66400505222417, 7.126122870111296], [-74.66724808268924, 7.107575051380912], [-74.67986882762789, 7.090539277065474], [-74.68027492273016, 7.083923317695265], [-74.68570643877189, 7.083838714751178], [-74.69035960773904, 7.078347976876104], [-74.70426834904721, 7.07932091157282], [-74.7086084865789, 7.075886027550944], [-74.71561361833474, 7.077569628533058], [-74.7521301463123, 7.127776195327141], [-74.76071348507169, 7.134846816354605], [-74.84301738472762, 7.134208310318706], [-74.85281322813498, 7.139458589622257], [-74.85277876516744, 7.152692526866407], [-74.8478956319791, 7.165427200824678], [-74.85607601884138, 7.168326783419138], [-74.85612891523857, 7.179143473506356], [-74.86633855051359, 7.198536687180579], [-74.8658129902583, 7.206940856923553], [-74.8761082188102, 7.219511118449304], [-74.8764405936687, 7.224211163393883], [-74.88143341923806, 7.224329956442314], [-74.88514180935967, 7.22967626631354], [-74.90952398341257, 7.232162479876663], [-74.91621468146276, 7.251639421184174], [-74.91527801440421, 7.263734391881419], [-74.69910899109554, 7.31269040011772], [-74.62095755473877, 7.376861361253669], [-74.59142515141413, 7.396114785247506], [-74.59096589580996, 7.401646953740473], [-74.58028691146025, 7.416089713303524], [-74.56367984753257, 7.423981497459491], [-74.56126900556691, 7.428264425419953], [-74.55901989628501, 7.414476262475396], [-74.54811635018226, 7.411552942820631], [-74.50978616496856, 7.37522634930701], [-74.50568605458584, 7.361915354928821], [-74.49419690303756, 7.344459238682479], [-74.47376275728476, 7.345766291530956], [-74.46764391147306, 7.352085171488691], [-74.4678961727779, 7.360732922361312], [-74.45226892738174, 7.366186819614053], [-74.44811952823602, 7.377715652000789], [-74.42837703584462, 7.380257239403869], [-74.41940567069658, 7.388585668814835], [-74.41309879491952, 7.401733122830581], [-74.41595185953325, 7.415731132861184], [-74.41187665494176, 7.439584228487152], [-74.42229996888017, 7.442204516439365], [-74.41244872008102, 7.460350816749123], [-74.37981496678127, 7.465964045907288], [-74.37136399567733, 7.480029215359695], [-74.36048396836702, 7.476531302520309], [-74.35296530839081, 7.462179276938335], [-74.33490461672152, 7.459225762692662], [-74.31936519422081, 7.439914637234574], [-74.32845500134074, 7.4326635362945], [-74.32923762978594, 7.425982905649501], [-74.33855845395254, 7.418307485564494], [-74.34013361027738, 7.412535694022158], [-74.34344594576663, 7.412340469836527], [-74.34801459314703, 7.402209025265943], [-74.36124681321472, 7.394137768112429], [-74.36073122425907, 7.388142065760104], [-74.37356663870284, 7.374559314184061], [-74.37384168487652, 7.364225163343733], [-74.38694202148073, 7.361193984457943], [-74.39076468449299, 7.353074936380898], [-74.39772752266694, 7.347909256052865], [-74.40291107224922, 7.330232802559153], [-74.40112031756125, 7.320274240323799], [-74.40337534494425, 7.31949386655504], [-74.39908715968039, 7.310773599422488], [-74.39481978478841, 7.309646359426551], [-74.39170899531629, 7.300728433901364], [-74.38630272103575, 7.299260639914629], [-74.38956258503094, 7.287427939551556], [-74.38700429898444, 7.279097396448915], [-74.3898888225994, 7.273039465951808], [-74.38872461856761, 7.266340660878196]]]}}, {"type": "Feature", "properties": {"code": "05756", "name": "Sonsón", "subregion": "Oriente", "zona": "Páramo", "circuits_count": 2, "circuits_ids": [15, 19], "circuits_names": ["La Quiebra - Santa Ana", "Sonsón - Aguadas (Puente San Rafael)"], "km_intervencion": 24.55}, "geometry": {"type": "Polygon", "coordinates": [[[-74.6404662686623, 5.859168699508793], [-74.65177588920609, 5.828224621099467], [-74.64713752806807, 5.808478203439113], [-74.65045044746226, 5.79301564254265], [-74.66496042759682, 5.76853658484004], [-74.67021555763586, 5.768387081856223], [-74.68056026359702, 5.779162467871751], [-74.69822538123262, 5.771167478940454], [-74.71367492549253, 5.772378031958632], [-74.71296809778933, 5.755808273869668], [-74.72034918616966, 5.75762142105792], [-74.72227655035783, 5.749126745864302], [-74.72713064999617, 5.743787235950346], [-74.72538888493222, 5.723528503729877], [-74.73298412359146, 5.714648354553148], [-74.72928644138804, 5.711393252687496], [-74.72944348666265, 5.706467768368504], [-74.73770973360146, 5.707167329690139], [-74.74070785547231, 5.704097826393355], [-74.73912313388632, 5.699300832023217], [-74.75240523021523, 5.696477292065657], [-74.76557638370822, 5.699741045486683], [-74.77154407180369, 5.689813935288695], [-74.78229923598445, 5.695810175395746], [-74.7903057251774, 5.696048124454349], [-74.79733964883638, 5.70232276598507], [-74.80533262107926, 5.698466097239625], [-74.81107684246801, 5.709267097253303], [-74.8202699253029, 5.70838157798454], [-74.82874061173239, 5.712797519093407], [-74.84109126829937, 5.738430958095739], [-74.86512118508159, 5.747207477567753], [-74.88015693477891, 5.745964568917219], [-74.89002740662681, 5.75102986666595], [-74.89672789990688, 5.748062332986865], [-74.90061106535184, 5.751196804980205], [-74.89921704981248, 5.755244370407168], [-74.90187599118826, 5.758774919822531], [-74.91659386753071, 5.75554038102673], [-74.91705683407531, 5.753056876583465], [-74.92179539509675, 5.75277239278833], [-74.92506702073395, 5.756404142113308], [-74.9320738098815, 5.751763971224445], [-74.94286774355331, 5.754336710919973], [-74.94543595239041, 5.743997519668834], [-74.95521158011066, 5.74140086943781], [-74.97288626480403, 5.730054156146139], [-74.98152722240407, 5.732127117062466], [-74.99883095588571, 5.7436483922366], [-75.00590082922406, 5.739371553998189], [-75.02846332912505, 5.738433266816239], [-75.02981620631599, 5.742819208364669], [-75.04498152182335, 5.742164591112151], [-75.05582636032736, 5.747990688778357], [-75.07775606178936, 5.745983194851878], [-75.09453610081655, 5.752027500565235], [-75.09872565645212, 5.7593155814818], [-75.10990986140246, 5.757047811108821], [-75.13244398891351, 5.761038868656431], [-75.1410708151158, 5.747653474561538], [-75.14871522575704, 5.743892669199733], [-75.15605263265839, 5.745719345412521], [-75.16481760897157, 5.740131866715624], [-75.18446589503914, 5.735511448886653], [-75.21498213775452, 5.731904144712781], [-75.22853638498695, 5.734636486046255], [-75.24509927515884, 5.730323074572661], [-75.2235406803171, 5.719034040774825], [-75.2085768596229, 5.70500181954665], [-75.20191009987839, 5.704733985994682], [-75.19661744900655, 5.713630765309132], [-75.18277737042713, 5.708833023873202], [-75.23555149433064, 5.676167584381651], [-75.24025160745792, 5.682422727828481], [-75.25287398643206, 5.686900632164486], [-75.25880291581628, 5.686822617560188], [-75.26368648199256, 5.68026959261546], [-75.26007092197578, 5.67038923110047], [-75.26270692846404, 5.650717112458417], [-75.25976732285079, 5.638748716010622], [-75.27173009586126, 5.604262705820257], [-75.26810808055086, 5.595927571637055], [-75.25218042235402, 5.58554250412145], [-75.24788766376705, 5.578796741255506], [-75.25250706775762, 5.564953355063746], [-75.25376244899415, 5.528214697895555], [-75.27523911568532, 5.506300446090634], [-75.27730451679669, 5.494520658915759], [-75.28283558952809, 5.490984975125373], [-75.28258062429425, 5.475688820018369], [-75.28826340361252, 5.471760076848419], [-75.29607981647787, 5.474663699671637], [-75.30413757881229, 5.465573458853894], [-75.30740695866126, 5.467386610001983], [-75.31356024498265, 5.464745406458236], [-75.31632041660947, 5.459164247853328], [-75.31858625970848, 5.467167502522122], [-75.31329924127347, 5.482554902419252], [-75.31738298884329, 5.486470987831532], [-75.31480900653382, 5.502443584454282], [-75.31082341068858, 5.508665876403355], [-75.31560612570287, 5.517160552005959], [-75.32195928717496, 5.517743521214044], [-75.32884782659008, 5.524572572962231], [-75.33063242242845, 5.53276981538472], [-75.32693236058785, 5.54177607736947], [-75.33268530282137, 5.544179330943293], [-75.33385599718112, 5.550054218452827], [-75.32778837240859, 5.557820779842871], [-75.33848166961575, 5.568614014376871], [-75.34088016603445, 5.583497544285499], [-75.34582706613323, 5.587109565282247], [-75.34027594210636, 5.595695752095817], [-75.34020931765501, 5.603009422279213], [-75.34260067516215, 5.605424573166001], [-75.35184488111985, 5.601391389705955], [-75.36528883589664, 5.601569847967799], [-75.37052364963722, 5.608827205730322], [-75.37634143226796, 5.610885439757732], [-75.3835393020596, 5.626994388161713], [-75.36866767097143, 5.639902963180429], [-75.36789434637762, 5.654905466001466], [-75.37621056210412, 5.673174173735802], [-75.4066282524463, 5.681229083660527], [-75.41271967269239, 5.694287562960872], [-75.42372229847939, 5.696038846876045], [-75.42307176639841, 5.727818346165571], [-75.40993573972797, 5.744965287836684], [-75.40405153476681, 5.748263657481504], [-75.39491492901384, 5.74706843090152], [-75.38102415311303, 5.757007913467837], [-75.32073181120442, 5.781752622185936], [-75.3120318199172, 5.794280302332022], [-75.31441148854589, 5.799967917505508], [-75.3085289876888, 5.805706820615937], [-75.3063935134937, 5.819479542708046], [-75.30013269344293, 5.823030704843321], [-75.294141155975, 5.833050263195442], [-75.29223373708109, 5.831731901655364], [-75.29001166798756, 5.841827599064278], [-75.28444448926993, 5.84923764071062], [-75.27150437168824, 5.854488811970005], [-75.2660536721236, 5.850936226308463], [-75.2661700973777, 5.838079525333066], [-75.2704113124303, 5.833156389363948], [-75.26445697958818, 5.823110536376926], [-75.26796637670465, 5.812499182772635], [-75.24681020105908, 5.815526244288373], [-75.2374961618678, 5.828183357593686], [-75.23209069247775, 5.847360300294687], [-75.2201986599993, 5.850520421135241], [-75.20933782429671, 5.860483116311692], [-75.20978949273, 5.872178163427931], [-75.18403956897833, 5.867011063182519], [-75.16581869691409, 5.873400996729544], [-75.16299446552605, 5.870503508849965], [-75.1657010364765, 5.861372247167386], [-75.14478661993176, 5.865363758173996], [-75.14366571559496, 5.871761106951974], [-75.13450711459227, 5.882505376133486], [-75.10973788433122, 5.883872332375328], [-75.1016051018908, 5.893369221351522], [-75.09141061041483, 5.890486534081925], [-75.07380590178714, 5.892677691771881], [-75.0664559409297, 5.900585088806469], [-75.06468829540242, 5.910587237877071], [-75.05537710476892, 5.919416127418032], [-75.04156874929545, 5.911687748828372], [-75.03627930271422, 5.904793868978405], [-75.03723108213079, 5.888051210673291], [-75.02292555765656, 5.867688912242593], [-75.02441090940245, 5.860045839171835], [-75.02948706359587, 5.854306324690458], [-75.0229543998654, 5.846129679939165], [-75.0219737791383, 5.825262650083543], [-75.03121757007436, 5.812745317520267], [-75.03173672354505, 5.795296039336151], [-75.04335996032758, 5.772741768114851], [-75.05248197654201, 5.764287920509287], [-75.05469317871555, 5.755121040275212], [-75.05400153164233, 5.751453474721393], [-75.04398463619972, 5.749057390803692], [-75.02785007443342, 5.759372621674666], [-75.00792509917352, 5.759138000619279], [-74.98961611136306, 5.764597687830876], [-74.98842423293229, 5.768297840158101], [-74.98121652299504, 5.766424125911861], [-74.97256584472535, 5.771493829826943], [-74.97056996064056, 5.776662831788244], [-74.95023901244927, 5.781622094228322], [-74.93343299594066, 5.806973197358401], [-74.93471171450996, 5.816330170530762], [-74.93023958212368, 5.821749500521555], [-74.93170097490261, 5.826505795522567], [-74.92885937818181, 5.833460940095593], [-74.92243195568014, 5.835064411192527], [-74.92163360312419, 5.839631267489434], [-74.91674876134019, 5.842777317685578], [-74.89304172512225, 5.828765539775645], [-74.88279083292117, 5.846740677738035], [-74.86508889603701, 5.855694141237834], [-74.86844436413463, 5.86299203879714], [-74.8678798583185, 5.872253633429168], [-74.86332223865655, 5.878763664444272], [-74.86037565582849, 5.87357719933493], [-74.85233244620169, 5.881422778211602], [-74.85841126757587, 5.896299421359032], [-74.85544073027245, 5.904959498092551], [-74.85097893390184, 5.908187563994069], [-74.85444655756099, 5.911188045580297], [-74.85177547006427, 5.91777593133704], [-74.8440856091612, 5.926495898393574], [-74.6404662686623, 5.859168699508793]]]}}, {"type": "Feature", "properties": {"code": "05761", "name": "Sopetrán", "subregion": "Occidente", "zona": "Cauca Medio", "circuits_count": 1, "circuits_ids": [13], "circuits_names": ["Sopetrán - Horizontes - Belmira"], "km_intervencion": 39.59}, "geometry": {"type": "Polygon", "coordinates": [[[-75.65039017326205, 6.501990437606281], [-75.67776294040542, 6.508429288608866], [-75.69287236992231, 6.501258785017997], [-75.7130597134323, 6.497322547869377], [-75.71934452478938, 6.490897221493202], [-75.73262197143836, 6.491087428016469], [-75.73739874050379, 6.480082422447231], [-75.75205185639908, 6.474530742735425], [-75.75717068955166, 6.464771008894222], [-75.764262595869, 6.467753062231575], [-75.76896490627546, 6.458070281986408], [-75.76728217759367, 6.437331571678403], [-75.77706848358768, 6.439203979683546], [-75.77757100295425, 6.423817551978457], [-75.77969454662406, 6.419624024197585], [-75.78525570034107, 6.421254938343419], [-75.78293026839599, 6.403015228479722], [-75.7857895915723, 6.395638511461288], [-75.80154124824539, 6.39617992539146], [-75.7988534655591, 6.401032406737938], [-75.80069521580911, 6.420806260366287], [-75.81052308325806, 6.416028739631521], [-75.81415856880615, 6.409741186997023], [-75.81961200643576, 6.410137433999366], [-75.8177796929878, 6.433290092101638], [-75.82524644201871, 6.445796539159735], [-75.82256240890041, 6.457489210733851], [-75.82617443045326, 6.469153328565829], [-75.82191995447046, 6.479518260494082], [-75.82387587160994, 6.487470422267419], [-75.81983554680431, 6.495265534134608], [-75.82102051898718, 6.510955700629205], [-75.81757981783709, 6.514210804590247], [-75.80604419104928, 6.514653382320597], [-75.80132808611332, 6.538262815966899], [-75.7984967391699, 6.53989275221769], [-75.79345122022261, 6.537565040182517], [-75.78216543647488, 6.5425262156047], [-75.76880896682698, 6.540137339743779], [-75.7543644487238, 6.547698077396182], [-75.75951157970613, 6.563403648671816], [-75.75931432314447, 6.57316015279179], [-75.76513567388353, 6.578579375259793], [-75.76315828251717, 6.59694693604642], [-75.74669172857467, 6.615725875180603], [-75.72450931754851, 6.621747133155098], [-75.71917254412486, 6.627080110121034], [-75.71769296944456, 6.635724951314304], [-75.71049282601696, 6.621724926812266], [-75.7058657827532, 6.620997074690923], [-75.69457371978164, 6.607126344313218], [-75.69256693464088, 6.59779947282328], [-75.6963413527325, 6.586902526645802], [-75.69371594816123, 6.581467960116609], [-75.68633486067921, 6.574529454418889], [-75.67568439244987, 6.571231521195084], [-75.6726291646764, 6.565206724190052], [-75.67381413596094, 6.552514680142418], [-75.65491169771761, 6.538966027713273], [-75.65275590632572, 6.527687383137551], [-75.64644557652638, 6.518764405318584], [-75.64934375902527, 6.512596841163965], [-75.64714513775726, 6.505986699243681], [-75.65039017326205, 6.501990437606281]]]}}, {"type": "Feature", "properties": {"code": "05790", "name": "Tarazá", "subregion": "Bajo Cauca", "zona": "Bajo Cauca", "circuits_count": 0, "circuits_ids": [], "circuits_names": [], "km_intervencion": 0}, "geometry": {"type": "Polygon", "coordinates": [[[-75.16552313411765, 7.35606153377499], [-75.16744527639906, 7.350496173954058], [-75.16400091461418, 7.345541443429796], [-75.1652487616804, 7.340236392781045], [-75.17230624904762, 7.334344925141564], [-75.17337680460939, 7.323666639700771], [-75.18196171003062, 7.318838910759181], [-75.18805774222736, 7.308126529887229], [-75.18731456329786, 7.295563130632158], [-75.19240433774762, 7.284393904699937], [-75.19068081567046, 7.271130867313575], [-75.20500581382339, 7.254410655746613], [-75.20996430488427, 7.251285087275062], [-75.21608920264605, 7.258126999294017], [-75.22565272914453, 7.258455206520402], [-75.23260067594602, 7.253587604405607], [-75.25262256595035, 7.250981635794145], [-75.26481859550748, 7.238954830990957], [-75.27401288567809, 7.246263806217081], [-75.2893367583247, 7.24512353690982], [-75.2961734236254, 7.229404160703335], [-75.3009042285927, 7.235464760250827], [-75.30548007147851, 7.257478049021869], [-75.30058426395985, 7.262038430382288], [-75.29653565848395, 7.276128179525006], [-75.28580833758542, 7.284987612002428], [-75.27763473749513, 7.287516664065801], [-75.28164400304978, 7.288937668900655], [-75.28552742720956, 7.29908116574409], [-75.28064872271558, 7.308907815435856], [-75.28559174388894, 7.321846590696423], [-75.27838995564605, 7.342276119364302], [-75.28090109002162, 7.344277378931763], [-75.28002155581514, 7.352607455616314], [-75.28652245871042, 7.357406651746245], [-75.286943105622, 7.362607374131676], [-75.28120064133795, 7.370523181201776], [-75.28917380752542, 7.379076332871032], [-75.28336123602163, 7.382836659840772], [-75.27574099724805, 7.38162809510571], [-75.27480888285136, 7.388262842829554], [-75.28722672352013, 7.393797371577916], [-75.28453076077489, 7.396353120839243], [-75.28575186409678, 7.405799220377059], [-75.28229585924751, 7.414704857892083], [-75.30028570528192, 7.419708199126822], [-75.30529815904023, 7.434320339782905], [-75.30752988592138, 7.431681168558345], [-75.31356779442429, 7.434395456114502], [-75.32282727982665, 7.432593703698923], [-75.32163777384656, 7.41287356223342], [-75.32950520293521, 7.407159256176033], [-75.33205386263512, 7.388164288194593], [-75.33878163685205, 7.390122900316798], [-75.34786058334019, 7.382376146779309], [-75.35093005120756, 7.384827544849568], [-75.35879373791472, 7.381114949885426], [-75.36699590263441, 7.386516540420994], [-75.38370834343651, 7.374526801347685], [-75.39045466876235, 7.374396073796516], [-75.39507502406882, 7.368922027517868], [-75.40431309363481, 7.374832490513595], [-75.40676918553798, 7.371309453060998], [-75.41131691385036, 7.374156405182798], [-75.41579597853568, 7.368193124329902], [-75.42039124389623, 7.370728443738747], [-75.42596894727575, 7.366703625919807], [-75.4297349517464, 7.371816517743476], [-75.43319460645067, 7.368805827048076], [-75.43537075636183, 7.371071766792397], [-75.4443603905478, 7.361247605746343], [-75.44607585743181, 7.363146619446169], [-75.46094323140385, 7.359793340155115], [-75.46227660078006, 7.362586270286361], [-75.47233444772152, 7.364788179581431], [-75.47485315489492, 7.371134922988848], [-75.47919476656199, 7.368847631460399], [-75.48022150050755, 7.371992711729217], [-75.48409939823168, 7.371964447358178], [-75.48738557028831, 7.380346244752211], [-75.49943004956542, 7.386398251048512], [-75.50646323930084, 7.385766435188867], [-75.51414342804325, 7.372709671651537], [-75.5178543594988, 7.379698586736259], [-75.5395882300255, 7.370395996441112], [-75.54850039080641, 7.376318270664295], [-75.55550464400991, 7.374281967452325], [-75.56791498194943, 7.380035087649365], [-75.55208932745312, 7.406451064382046], [-75.552619171774, 7.424546878244989], [-75.5471997003436, 7.428951126911688], [-75.54261249915932, 7.441589436771309], [-75.54546271072371, 7.448404846671345], [-75.5430945890397, 7.455433104214869], [-75.54733874158329, 7.465648086153784], [-75.54162191881069, 7.491755505935545], [-75.55749507262597, 7.500622464098278], [-75.55941824617334, 7.51249053832307], [-75.56778577816043, 7.523878594029388], [-75.57199235597231, 7.558085719223162], [-75.57944010653326, 7.567093515427715], [-75.59467943693183, 7.576275554773191], [-75.59972502145614, 7.583736702646267], [-75.60304978513734, 7.599575045440031], [-75.5802213327083, 7.613192223733575], [-75.57089853494303, 7.624923533692074], [-75.55702826758014, 7.624013160876968], [-75.55297853202362, 7.627342118158145], [-75.55168402915649, 7.632667152635943], [-75.55811827256612, 7.642795319487147], [-75.54832293580856, 7.645489036694102], [-75.55179746481731, 7.653826503365073], [-75.55102694656046, 7.668399468705807], [-75.54022850424425, 7.677890601566277], [-75.53398861583791, 7.688839560729926], [-75.53790646703264, 7.694760852758927], [-75.53419898959936, 7.702426990858932], [-75.5379306155441, 7.713833248112342], [-75.53373584429002, 7.723015406423989], [-75.52008115642568, 7.72559915344728], [-75.49949358740545, 7.719101119547036], [-75.48113677778086, 7.742090748998057], [-75.46627688497853, 7.740226142189988], [-75.45571991789554, 7.744018835557092], [-75.45521919336288, 7.747276300574934], [-75.44839673402006, 7.74339277535757], [-75.44948211807221, 7.735767903800867], [-75.4444876485859, 7.72977810804103], [-75.44591664182748, 7.720082467109263], [-75.4420004031087, 7.713776424848424], [-75.45050002786675, 7.695653052699228], [-75.4478435218237, 7.692950467661315], [-75.44838942802188, 7.684447933122245], [-75.4388522805517, 7.669743465960375], [-75.4391361733343, 7.633984154794473], [-75.43465030211408, 7.63867189160843], [-75.42247256584939, 7.635189221552169], [-75.41883074358529, 7.646864097586535], [-75.41455866870773, 7.64910848483571], [-75.41041816108668, 7.648543519118359], [-75.41062712179819, 7.645587120718517], [-75.40152574347907, 7.648855668950756], [-75.39552007371508, 7.643546532818841], [-75.38355516810415, 7.644065065413995], [-75.37938467112566, 7.638551806488083], [-75.38401023935572, 7.630665281783958], [-75.3758607931668, 7.631065788833432], [-75.37566344228202, 7.626921411402008], [-75.37208209639947, 7.62522071048176], [-75.37371895081465, 7.621099549201134], [-75.36600541301561, 7.617971980965677], [-75.36590716337469, 7.583638758515041], [-75.35604546267719, 7.584181138787982], [-75.35819246585066, 7.578833561419251], [-75.3560508759251, 7.568510903232004], [-75.34757892915927, 7.556989058301504], [-75.33574830102205, 7.548332104964266], [-75.33223517769375, 7.536109490846926], [-75.27414431189911, 7.534055206611932], [-75.27504851833487, 7.530137056987888], [-75.25803939363885, 7.5166939699005], [-75.2583357541393, 7.508828283308678], [-75.26337387546022, 7.504446040526622], [-75.25730578086882, 7.503187727539547], [-75.2578450592968, 7.498781193819214], [-75.25310815656537, 7.494797334262318], [-75.25848150489581, 7.491678266354544], [-75.25423529610856, 7.484235258315024], [-75.25885559841441, 7.484361573805523], [-75.25981269585748, 7.478789032765429], [-75.2499396045222, 7.467935634349415], [-75.25304271609356, 7.462362536359358], [-75.25034852213109, 7.456870927753464], [-75.24288607962367, 7.452940511469974], [-75.23978644453246, 7.454534055824507], [-75.23720883931745, 7.450019989071551], [-75.2271858173646, 7.450483841086106], [-75.22525892838523, 7.444829802728298], [-75.2172489429492, 7.447025713694003], [-75.21358798926448, 7.441665973494123], [-75.2148393092176, 7.438365975689885], [-75.20611237386173, 7.427531070159024], [-75.20991260144979, 7.425602716675543], [-75.20906002837994, 7.40761177323676], [-75.21454679979479, 7.400869408093247], [-75.21473971210374, 7.395653369349731], [-75.20950048583846, 7.392864491929279], [-75.20623042416817, 7.39466399183726], [-75.20275388113657, 7.391010221377006], [-75.19902257319544, 7.393250904995487], [-75.19424687851507, 7.389044877430561], [-75.19108523361811, 7.384743898951021], [-75.19190768887144, 7.379459065315911], [-75.18298263277461, 7.371486419650823], [-75.18610155110171, 7.361771842656872], [-75.1815246446106, 7.35720027830104], [-75.17562326745445, 7.358652924688036], [-75.17576835435601, 7.351855214427784], [-75.17292002566046, 7.353428914335799], [-75.1718875083611, 7.351228585309347], [-75.16552313411765, 7.35606153377499]]]}}, {"type": "Feature", "properties": {"code": "05792", "name": "Tarso", "subregion": "Suroeste", "zona": "Cartama", "circuits_count": 0, "circuits_ids": [], "circuits_names": [], "km_intervencion": 0}, "geometry": {"type": "Polygon", "coordinates": [[[-75.77545829386509, 5.881137942036751], [-75.7599488238909, 5.873741522380008], [-75.75853748703621, 5.870080136908779], [-75.7668991108037, 5.85485045043242], [-75.76724241097268, 5.844987532206732], [-75.77419191635117, 5.839578238085869], [-75.78386926658268, 5.822088494564926], [-75.79094866924959, 5.820937974995634], [-75.79685899542257, 5.814039503605724], [-75.81227502353924, 5.809571961814364], [-75.8150963237245, 5.830503189806921], [-75.82053304460499, 5.821384334779306], [-75.82714252597036, 5.8232928354204], [-75.84663905245043, 5.819023618074143], [-75.86266335499877, 5.844627945431992], [-75.86648250469997, 5.845852772023941], [-75.86992552530013, 5.842371173052357], [-75.87440709808173, 5.852957956774613], [-75.88397848034738, 5.858897048980229], [-75.8860520489413, 5.865048622990718], [-75.88289453270137, 5.887771315798119], [-75.88730172946902, 5.898697917188879], [-75.88201464815194, 5.914267154380424], [-75.87734109371603, 5.918544827774843], [-75.86533803755329, 5.919552576771597], [-75.86307594581889, 5.930980346251968], [-75.85589193613379, 5.938181905010413], [-75.83528049079163, 5.929512886449296], [-75.82879334289998, 5.923794836653048], [-75.8282025892096, 5.917642076350933], [-75.8183492590139, 5.914666016967975], [-75.80809466305892, 5.906373166358826], [-75.80431606690291, 5.897768223835147], [-75.78638166937942, 5.891069297349676], [-75.77545829386509, 5.881137942036751]]]}}, {"type": "Feature", "properties": {"code": "05809", "name": "Titiribí", "subregion": "Suroeste", "zona": "Sinifaná", "circuits_count": 1, "circuits_ids": [20], "circuits_names": ["Titiribi - Armenia"], "km_intervencion": 10.0}, "geometry": {"type": "Polygon", "coordinates": [[[-75.74728934539384, 6.068788272381796], [-75.74591475232924, 6.064868824971216], [-75.73911986497744, 6.063823371377444], [-75.7381910860254, 6.047518658557514], [-75.7339808915962, 6.044235081479537], [-75.73904710413437, 6.038716878067989], [-75.73849835746327, 6.033733261410586], [-75.74293998306251, 6.035838491451424], [-75.75040323674864, 6.032428842287916], [-75.76078079140477, 6.01727942769326], [-75.76709289268184, 6.000016756106413], [-75.77338020764361, 5.99601297478917], [-75.78640292621398, 5.996569002117974], [-75.79634311361616, 6.00430459448853], [-75.81288245445288, 5.997724950398217], [-75.82217394323557, 6.000870888527634], [-75.83053872458126, 6.010586713832216], [-75.84076180134787, 6.008830842223545], [-75.84796435495541, 6.02881621670873], [-75.86359270707598, 6.043785006288847], [-75.86580995850464, 6.053622307753729], [-75.85943886845611, 6.067557314791185], [-75.86095445749446, 6.073170612650113], [-75.85552359452794, 6.086796888117654], [-75.85492016471056, 6.099637301790635], [-75.82960579451431, 6.100050800826355], [-75.82080234874738, 6.104958710231693], [-75.80374604183771, 6.103964103584036], [-75.79429987484119, 6.119759946242127], [-75.76654415409558, 6.135336184595669], [-75.76803549940105, 6.123664619560889], [-75.76267180167169, 6.121728114290616], [-75.76230493420123, 6.101903332008726], [-75.75081129736476, 6.091194512456815], [-75.74728934539384, 6.068788272381796]]]}}, {"type": "Feature", "properties": {"code": "05819", "name": "Toledo", "subregion": "Norte", "zona": "Río Cauca", "circuits_count": 0, "circuits_ids": [], "circuits_names": [], "km_intervencion": 0}, "geometry": {"type": "Polygon", "coordinates": [[[-75.6874624996857, 7.084326233387398], [-75.68270424669491, 7.063456240038851], [-75.67074596166759, 7.056237333734736], [-75.67128728915276, 7.045993752487086], [-75.6578280136088, 7.025998306656033], [-75.66417151819158, 7.022659536767125], [-75.66866662768618, 7.012553990683921], [-75.67915666219567, 7.001033727309289], [-75.68056008399438, 6.992530983913134], [-75.68720999493742, 6.981912334048824], [-75.68941312484984, 6.962366254858572], [-75.70680824394532, 6.935982189990302], [-75.73701126298576, 6.926911291265336], [-75.73848391435016, 6.940363167217728], [-75.7352327271823, 6.942844792545952], [-75.73871428460981, 6.945915507238984], [-75.73697727882023, 6.960108993168089], [-75.74203363414482, 6.973921764746461], [-75.742342963623, 6.991851004878595], [-75.74801202926014, 7.008055131191103], [-75.75351373965816, 7.014243713306739], [-75.75411038989009, 7.022184568127264], [-75.75885146619434, 7.025010179006617], [-75.75599285448374, 7.048977620275747], [-75.76155584166222, 7.052444228313221], [-75.76567335600525, 7.061771406384912], [-75.75436829800478, 7.063539636955746], [-75.74400336647503, 7.076512460274381], [-75.73753123122839, 7.074637444878871], [-75.73025959987048, 7.081985223166379], [-75.72189341535632, 7.08045284679396], [-75.69712419228179, 7.08837894888509], [-75.6874624996857, 7.084326233387398]]]}}, {"type": "Feature", "properties": {"code": "05837", "name": "Turbo", "subregion": "Urabá", "zona": "Urabá Centro", "circuits_count": 1, "circuits_ids": [27], "circuits_names": ["San Pedro - El Tres - Turbo"], "km_intervencion": 22.0}, "geometry": {"type": "Polygon", "coordinates": [[[-76.40265167125537, 8.463466088549396], [-76.40678049179458, 8.457022493441054], [-76.4020149525685, 8.4448084214019], [-76.40970023835183, 8.43909771997699], [-76.41995427645303, 8.439211836964116], [-76.425523875232, 8.424428126958462], [-76.42018700299369, 8.421752276527435], [-76.4225355306247, 8.41728764842685], [-76.41927962370835, 8.411318752318907], [-76.40647209027607, 8.411526470345425], [-76.39461337541316, 8.38802915259339], [-76.39295542047029, 8.379490362285571], [-76.40398257385782, 8.37473584710991], [-76.40097812066084, 8.36195659419099], [-76.40497221187373, 8.35455374720299], [-76.40111417410388, 8.34846266948901], [-76.40059126118373, 8.33834296244428], [-76.39625402790536, 8.335967261602596], [-76.40007712660054, 8.327321223797], [-76.39258846945651, 8.324491549606513], [-76.38943961117928, 8.319035638014668], [-76.39622983357981, 8.3125849140871], [-76.39438494820945, 8.306589384169666], [-76.39760790671782, 8.292345355117108], [-76.39427762917741, 8.28638382743007], [-76.40304569300024, 8.277739692873304], [-76.40383593826074, 8.266589033358176], [-76.40021197719942, 8.254025290974559], [-76.40914311489072, 8.23162665099873], [-76.40135908629136, 8.22232179712359], [-76.39559199918537, 8.222435684843944], [-76.39455278853883, 8.216807054354398], [-76.39823185405629, 8.196447401037041], [-76.4067350199732, 8.194607614249145], [-76.41150348231719, 8.187785683937786], [-76.41259856008956, 8.164407761180447], [-76.40877272422772, 8.154396012531087], [-76.39978942046955, 8.147082700261615], [-76.40240630002877, 8.121893301549026], [-76.39936484253029, 8.117229367994943], [-76.40163139080681, 8.101046499354652], [-76.40852664243373, 8.099717149428642], [-76.40626513190931, 8.088491972266779], [-76.40872379838409, 8.073925121065706], [-76.41424863231582, 8.071003894675677], [-76.41874127503667, 8.074768392889265], [-76.42497153799474, 8.074293809284733], [-76.53331302082093, 7.963673686148496], [-76.54122164485187, 7.962552415238857], [-76.55136937991561, 7.952117374830875], [-76.57127199970135, 7.953556014895843], [-76.57733068623676, 7.950108392692921], [-76.57881487466436, 7.942931342477026], [-76.58570027087428, 7.940119455187191], [-76.59005187899383, 7.945066909613766], [-76.59275393770663, 7.942282281292756], [-76.59487633871937, 7.947545283548613], [-76.6059217171274, 7.935883418016664], [-76.61481852210686, 7.937249228207275], [-76.61731090325254, 7.927371224669495], [-76.62395374984419, 7.930090849299133], [-76.62572028235883, 7.923347219045868], [-76.64233757001274, 7.923292590822321], [-76.65297381072462, 7.91560896885642], [-76.66301044215402, 7.916117728422863], [-76.68002673271106, 7.931690682635788], [-76.68859461505767, 7.92504417814496], [-76.72116375074236, 7.914886490701973], [-76.73992317359921, 7.91669274733048], [-76.73746273744335, 7.906646432766629], [-76.74684990219369, 7.904373511995946], [-76.75389125761504, 7.877252134172527], [-76.76288014080946, 7.875132961774657], [-76.7789896719187, 7.883930103824876], [-76.78852331416262, 7.877942624433357], [-76.79146516197083, 7.87122513868418], [-76.80137528455708, 7.865919415665741], [-76.80365978835948, 7.869216467157791], [-76.80812576189616, 7.858187779870765], [-76.80374816371882, 7.853000500136502], [-76.8054943440024, 7.849267805382855], [-76.80986660349201, 7.845420219493576], [-76.81199384193258, 7.848532550794647], [-76.81554161777296, 7.842222219597429], [-76.82018513613903, 7.840962294576614], [-76.81878244377232, 7.826135874185536], [-76.82295126000292, 7.823944390506155], [-76.82091682022616, 7.822912894660636], [-76.82386854231594, 7.817823228179601], [-76.82029221262594, 7.810024542928742], [-76.82167229888852, 7.802870697554889], [-76.8155903971912, 7.792577145386003], [-76.81740830435695, 7.782654792591955], [-76.8093800040689, 7.771442773030758], [-76.81910166100685, 7.767122159255337], [-76.81605799185616, 7.757756286894229], [-76.81970191258476, 7.741836836721603], [-76.81638766368394, 7.731678010037423], [-76.81946373596529, 7.727467691746682], [-76.80779102357016, 7.714492710939163], [-76.81198991359983, 7.711743824447377], [-76.80663583143728, 7.710330746778297], [-76.81605623385313, 7.702965263269554], [-76.81319789433206, 7.699524117438118], [-76.81656878380817, 7.700103657680869], [-76.81572035556503, 7.695381407732782], [-76.82181654856021, 7.694102739950839], [-76.81591892097207, 7.69087209741678], [-76.82092722900533, 7.686510058502732], [-76.81468851200215, 7.68439169526261], [-76.81881745830547, 7.684113953785905], [-76.81522686875864, 7.681063027619798], [-76.81663357479803, 7.677649964641781], [-76.82069313522882, 7.679401830636035], [-76.82306114552175, 7.676982920892446], [-76.82056595803911, 7.678544030920005], [-76.82064406206149, 7.67606431027072], [-76.81574114437733, 7.675339505289674], [-76.81939450190802, 7.673048783173046], [-76.81326613754757, 7.67176272029899], [-76.81518953387712, 7.666655139057514], [-76.8173788665651, 7.668798830149508], [-76.82026241550797, 7.665043352012498], [-76.8132808205109, 7.664468548348981], [-76.81387816603886, 7.658246372364283], [-76.81098206852975, 7.660959924842444], [-76.81105654874827, 7.668446871747125], [-76.80041707769465, 7.665552605702994], [-76.79656031104093, 7.658031203031582], [-76.7964934179933, 7.661055647801724], [-76.7941510105843, 7.658209102505558], [-76.78828570258345, 7.658557862501733], [-76.78778483971027, 7.65601912978445], [-76.79343270869998, 7.654728530089926], [-76.78792015833142, 7.651861167008622], [-76.78918122410705, 7.643979199074487], [-76.79279130080732, 7.650402099244412], [-76.79236074996975, 7.645618596527624], [-76.79749144088407, 7.641050875276305], [-76.78987716602563, 7.637041484033061], [-76.78478511973653, 7.639385253064221], [-76.78345262082783, 7.636999843388699], [-76.7872895023744, 7.634780997234794], [-76.7809303922585, 7.631378369016982], [-76.78670653438257, 7.628314810353446], [-76.78121592716147, 7.61910629925092], [-76.77887810655028, 7.619504856492816], [-76.78193571396095, 7.623942553306854], [-76.77849739334637, 7.626530214622111], [-76.77262012517583, 7.623900913167844], [-76.7696874383869, 7.617952258008104], [-76.76251336317051, 7.620742178018477], [-76.7613652740166, 7.616732785181907], [-76.76602306930748, 7.613930970985002], [-76.7653330248287, 7.605341115545618], [-76.75779013369602, 7.606322642484407], [-76.75617804852817, 7.6100227043139], [-76.75637435467227, 7.605406549320046], [-76.7540900718554, 7.606786638943133], [-76.7522876300856, 7.603027090670941], [-76.74428669248111, 7.60835113274535], [-76.7451016575816, 7.605793211818438], [-76.7362679089452, 7.600082509004762], [-76.72571500045066, 7.597453202061945], [-76.72203873228698, 7.60084393473717], [-76.71892758708202, 7.595412813978623], [-76.71345482669065, 7.593729345381304], [-76.71102182777854, 7.587156085136814], [-76.7141984080654, 7.586251888509508], [-76.71385933536816, 7.574027407758809], [-76.7078274015602, 7.564699921078144], [-76.70317555491314, 7.563730291536859], [-76.70616772724186, 7.560512071001867], [-76.69635839922375, 7.546961038829093], [-76.69516866866485, 7.538299800662263], [-76.68079077591135, 7.529466055130223], [-76.67776291261806, 7.530399992738431], [-76.67484212311675, 7.525557788621327], [-76.6676739965442, 7.524225289999436], [-76.66904813595957, 7.520882146885793], [-76.66262954030388, 7.520667995325362], [-76.66462828731946, 7.514517088081871], [-76.65866773723724, 7.515129800196417], [-76.66176103651078, 7.509728423920001], [-76.65873912096299, 7.505683340184945], [-76.66185026616795, 7.503351467757295], [-76.65301651663323, 7.497854915370738], [-76.65426573363027, 7.493542140023963], [-76.64890373102185, 7.490126612070837], [-76.65065710681085, 7.486036441856493], [-76.64619799730126, 7.48785434801956], [-76.64773037046237, 7.480844456349704], [-76.65247501667153, 7.4804161546859], [-76.64862028919352, 7.479088412937633], [-76.65166745279068, 7.478164960612249], [-76.64774004262303, 7.475105379004529], [-76.64773269620063, 7.468631231393729], [-76.64410618392391, 7.468331140404494], [-76.74885562462747, 7.466436393430975], [-76.75363214665619, 7.49439450974925], [-76.77279875517007, 7.532880813458906], [-76.8040937851345, 7.572748181021905], [-76.82299008159623, 7.584719994843987], [-76.86226609668438, 7.592128973217654], [-76.90250007429317, 7.589152624085657], [-76.94920885873826, 7.615882101024655], [-76.97343091527827, 7.611891506233619], [-76.99479074259204, 7.623024983274936], [-77.00170696988084, 7.632451215385808], [-76.99659123501769, 7.652624687224147], [-77.02531912334354, 7.677228646048392], [-77.03534046904005, 7.697882423549271], [-77.05458346040425, 7.713383732293591], [-77.0746361392666, 7.751541579180075], [-77.11332977925099, 7.779117537493227], [-77.1144638142623, 7.783880109963034], [-77.12272312171554, 7.789390373169414], [-77.12777115145404, 7.82467792463972], [-77.12601954624448, 7.830236840433383], [-77.12167702278741, 7.832681789759657], [-77.1055841464435, 7.823923761397406], [-77.09520831655273, 7.825067170482949], [-77.08061160228085, 7.84517414411642], [-77.05837723988517, 7.851543487430724], [-77.03139415292893, 7.880097018046502], [-77.01231087483575, 7.933825247653688], [-77.01323886506697, 7.939345596914995], [-77.0214242106296, 7.948792057025162], [-77.00524387610628, 7.952194685985283], [-77.00008044519312, 7.958428873628755], [-77.00548182185875, 7.971087607150309], [-77.00555320558448, 7.982318662453896], [-76.9956546479092, 8.02115146612687], [-76.98715997376668, 8.03102622965596], [-76.96988508608712, 8.032073191832799], [-76.9599151437878, 8.036903498736114], [-76.9390710662281, 8.062839622897304], [-76.94197400800134, 8.090155835568172], [-76.95089698629492, 8.097603547834076], [-76.95559982131749, 8.122733718750833], [-76.949332585499, 8.172336840374417], [-76.96651136691786, 8.191789281825447], [-76.97829164628004, 8.227691014184739], [-76.9801897523394, 8.255281794244395], [-76.96228386374976, 8.256126838131278], [-76.94178951739818, 8.248512859454467], [-76.94582529313519, 8.24456688311141], [-76.94323024084075, 8.248979844818672], [-76.95046973047778, 8.251960638298764], [-76.95584210054288, 8.235491205488103], [-76.9585784443568, 8.239654657478631], [-76.96380187734106, 8.238436088985122], [-76.9649527476791, 8.244823901943736], [-76.96851931537691, 8.243317730090066], [-76.96740538286505, 8.233413224223238], [-76.97025141456842, 8.23194271979535], [-76.96513826056506, 8.225661483857232], [-76.96597681183165, 8.205939124610861], [-76.95735867143985, 8.184764905273882], [-76.94626602547821, 8.185048605763454], [-76.94136411570382, 8.179949083008085], [-76.9347334152331, 8.188838595481435], [-76.93364044221344, 8.196926597798438], [-76.93932390065807, 8.200569836462888], [-76.94369579363504, 8.21062518715986], [-76.92781125457186, 8.201444214679057], [-76.92715547004141, 8.205160325090455], [-76.93232887494918, 8.207419134057403], [-76.9265725505586, 8.207783458344291], [-76.92569817358017, 8.201735674249832], [-76.92999719971289, 8.195032109644353], [-76.92620822711704, 8.192336109261712], [-76.91957752574801, 8.196197945882794], [-76.91025082570114, 8.190805946207176], [-76.91586141819982, 8.193939135401566], [-76.92489665985275, 8.192117514772757], [-76.9203061744278, 8.186288326801714], [-76.92693687669512, 8.189858705137398], [-76.9281027129658, 8.181333515031216], [-76.92220066117488, 8.185122489104073], [-76.91914033636048, 8.18162497688044], [-76.91083374338733, 8.18082346472938], [-76.90944931107542, 8.177617409788656], [-76.9238036868331, 8.177107357399523], [-76.92176347088905, 8.171423897004244], [-76.9316817582629, 8.173635923260571], [-76.93360574568392, 8.17002539725676], [-76.92620556540884, 8.162824290154145], [-76.92977315988102, 8.162825607969397], [-76.93245042509196, 8.158471980655788], [-76.93557159819044, 8.159717257434036], [-76.93583700633944, 8.16584933069442], [-76.9432395545736, 8.166651676775414], [-76.9436001940242, 8.155009914385854], [-76.95033640342163, 8.144764711115812], [-76.95274287328681, 8.126583757492542], [-76.9351029578865, 8.11090820843569], [-76.9349856208424, 8.103252709178907], [-76.94098760481877, 8.10181936248073], [-76.9346266271054, 8.100142553906636], [-76.93186905160975, 8.091529184939517], [-76.92602510195309, 8.090802762951828], [-76.90277093701259, 8.101105554929529], [-76.89669319720998, 8.109696812082067], [-76.8886299587456, 8.114379745387525], [-76.88900408999345, 8.124884585892259], [-76.89356208515122, 8.132302874980974], [-76.87663793030129, 8.129782925893817], [-76.82933623441248, 8.141120292412607], [-76.83592339982955, 8.135040576817754], [-76.82205784323205, 8.138276706002157], [-76.81270599574711, 8.131658560394348], [-76.82093391157275, 8.131796080920369], [-76.83128943055496, 8.124991958868499], [-76.83520343516363, 8.126448986657843], [-76.83763071629899, 8.122475048855817], [-76.84316730738118, 8.124073268426905], [-76.85405158911266, 8.119979843551516], [-76.8525276762849, 8.116011695212178], [-76.85717432887299, 8.112377541340495], [-76.84729497897511, 8.099202327855398], [-76.85249666913624, 8.098719270760949], [-76.85466802114546, 8.09126909332503], [-76.84919750115243, 8.088242330678707], [-76.83727541284118, 8.092447134174085], [-76.83733141651095, 8.089369432424247], [-76.83743523660495, 8.097036832967476], [-76.83239854899522, 8.093470146796642], [-76.82157241341545, 8.094375313201718], [-76.83061338093, 8.088879469082285], [-76.83451896293458, 8.08116047345283], [-76.83977328359155, 8.082945407800672], [-76.84373116641028, 8.078088102031458], [-76.8606921656616, 8.072319925104063], [-76.86637995129094, 8.074050753892584], [-76.87315523380998, 8.068060688181564], [-76.86985151585924, 8.06589920467613], [-76.86714107047497, 8.068975567148035], [-76.86492393942055, 8.061037079541796], [-76.86140146822342, 8.062925080720188], [-76.8395422144426, 8.05951911608445], [-76.82997045129129, 8.050386741336068], [-76.83081272337976, 8.046786799593583], [-76.83450661828594, 8.050975568741565], [-76.83232513507694, 8.046369050637644], [-76.8374519838968, 8.042436704873563], [-76.83963174862865, 8.050057529727685], [-76.84156595438603, 8.046625655960128], [-76.85340559172722, 8.056847521470997], [-76.8716378562259, 8.053172893459386], [-76.87004481174883, 8.046975958804929], [-76.86533699287303, 8.053337144027374], [-76.86466936854714, 8.044796185398845], [-76.85786534802385, 8.043536630914485], [-76.85854015348211, 8.038429370869556], [-76.86156392854255, 8.039352017074384], [-76.8597179517191, 8.035248200127352], [-76.84728710075008, 8.031473511717584], [-76.84745742132795, 8.027370764378208], [-76.83581141135467, 8.024942688750839], [-76.83418913210497, 8.019827308257243], [-76.8435156057764, 8.016148520882291], [-76.85174412167665, 8.02293536714736], [-76.86426216941537, 8.020178895578832], [-76.8627476888981, 8.024783344835386], [-76.86661111925457, 8.026292510269819], [-76.87451002351413, 8.02135631429587], [-76.87425418511785, 8.029059500629591], [-76.87954198418885, 8.038440025167302], [-76.8904792072333, 8.045473662302484], [-76.90462722559715, 8.04509810153843], [-76.91196753765014, 8.04171989713354], [-76.91818790207208, 8.03209319764017], [-76.9176018223161, 8.027069062765536], [-76.9208774499479, 8.028577493869534], [-76.92482717875879, 8.024643582731061], [-76.92483211140802, 8.011413941546481], [-76.92895027613132, 8.00572167509507], [-76.92046878476559, 7.998936248065867], [-76.92803245662574, 7.988723746396549], [-76.93275213326328, 7.943677535143236], [-76.93132809243387, 7.933043041757758], [-76.92224800059373, 7.917593946807635], [-76.91179560729128, 7.912035071730995], [-76.86702415923233, 7.903716352618722], [-76.86248647049156, 7.900559465085662], [-76.85732604534132, 7.904328334285349], [-76.81535761315837, 7.903192352677868], [-76.76818461261212, 7.910304692762723], [-76.74836664466886, 7.922084051406491], [-76.74707478284867, 7.929160002120552], [-76.75344358937973, 7.936794234161693], [-76.7425797281513, 7.941484558220064], [-76.7390539763067, 7.947165185942932], [-76.74552609179041, 7.961636767607296], [-76.73241010383902, 7.971983124359091], [-76.72659446369023, 7.981590276392061], [-76.73097613932065, 7.997998638219452], [-76.73563794199602, 8.000300244877867], [-76.73616986861173, 8.005270176658225], [-76.74185233531627, 8.005114530063699], [-76.73959106374373, 8.016975343526894], [-76.74452174026847, 8.018582416758747], [-76.7391057605896, 8.020394807302438], [-76.73829883630921, 8.023760573075945], [-76.73508455552648, 8.021032708064707], [-76.72791474640938, 8.028769177994368], [-76.73533794691194, 8.037004501456005], [-76.72570739711011, 8.035350396962391], [-76.72019997791845, 8.039185707012798], [-76.71476101394471, 8.061643606391149], [-76.72202530427012, 8.080618856465305], [-76.73473412992067, 8.092415215570675], [-76.73305326075152, 8.071532664492153], [-76.73469686780268, 8.066935634879881], [-76.74290928229979, 8.06587738254586], [-76.73909016403962, 8.112150928556389], [-76.74227718275012, 8.116666680036106], [-76.74593384787765, 8.113387407118154], [-76.74172366692318, 8.101485727375408], [-76.75586000539172, 8.121447187696488], [-76.74378435637087, 8.137678837808584], [-76.73821255312617, 8.170276193702275], [-76.74730033544347, 8.19658586841686], [-76.74736924251395, 8.211271529438806], [-76.75316447204118, 8.220763610029584], [-76.75335094073458, 8.235439526694538], [-76.76093130059778, 8.253161325308172], [-76.77168654113534, 8.258967293691127], [-76.77432177597075, 8.266530890400773], [-76.7722925212698, 8.269796106809519], [-76.75514771952484, 8.270662113582448], [-76.75560457483058, 8.267878145259022], [-76.75104671801337, 8.271133249128292], [-76.75088253472552, 8.266222039355002], [-76.74719555954196, 8.269848341162534], [-76.74704188115305, 8.263056574445011], [-76.74189887972608, 8.266511143448918], [-76.74232004406727, 8.263273888774437], [-76.7369391651598, 8.262417545111214], [-76.73218626343316, 8.268365963130183], [-76.73366972332704, 8.272739800232271], [-76.73056794395724, 8.271456807012962], [-76.73021439221424, 8.276300831549628], [-76.72714906198708, 8.275735875918457], [-76.72918654076446, 8.27819251458573], [-76.7260410242201, 8.282755882183434], [-76.72247270301084, 8.279030831557861], [-76.71788746464549, 8.280007655165987], [-76.71376512545105, 8.285897754637125], [-76.70519240747329, 8.282577285066058], [-76.7018081196247, 8.287185163256579], [-76.70042542555288, 8.28220928633424], [-76.69237669038876, 8.282400315527646], [-76.68997153116558, 8.274020462853377], [-76.68570337294268, 8.27522850111377], [-76.67910336431198, 8.29612189361396], [-76.68314231739015, 8.299301736516114], [-76.68370360184765, 8.306660871461775], [-76.6671674149959, 8.306075538929699], [-76.6531950819488, 8.31245706412932], [-76.64929444516984, 8.32210096432571], [-76.63313223864895, 8.322379435717323], [-76.62837451925746, 8.330498136520452], [-76.62147247996026, 8.330476480006626], [-76.61682940536194, 8.340910839666288], [-76.617156459499, 8.348786457787442], [-76.61428768155433, 8.353519736544454], [-76.61046664000115, 8.353687230636783], [-76.6137966956577, 8.363406037205863], [-76.60730327842367, 8.364441106824568], [-76.60970589810954, 8.371469750851693], [-76.60683864819916, 8.372956913936425], [-76.60812950480455, 8.368447835492095], [-76.60406062704763, 8.365741199273387], [-76.59783833753603, 8.37320081085961], [-76.59143758601515, 8.3717552863202], [-76.5967973221741, 8.377186407804613], [-76.58659323669089, 8.37713770358514], [-76.59082391899679, 8.384456925224846], [-76.58358083969186, 8.388758993593129], [-76.58456593582568, 8.398662307722976], [-76.58084445904701, 8.39320382392686], [-76.56591096188355, 8.400080466656568], [-76.55364722001525, 8.398605200155584], [-76.55069192891881, 8.401484348285665], [-76.54782229847294, 8.3944887320463], [-76.54000933873155, 8.396010401022762], [-76.53768936495014, 8.394630312061807], [-76.53936093655611, 8.392060496063113], [-76.52203845972605, 8.3921973117743], [-76.52094985701024, 8.389008836697952], [-76.52070001307185, 8.391423987018348], [-76.51611955104883, 8.391560808285965], [-76.51131178651283, 8.386033682002374], [-76.50493483136383, 8.389769436496584], [-76.50397828907961, 8.386143140005661], [-76.49993796337569, 8.38876054704802], [-76.50059945400481, 8.382431181646915], [-76.49872919841422, 8.38453462104059], [-76.4946270075333, 8.381017778704948], [-76.50290753049862, 8.378823915443487], [-76.49674948580117, 8.379709074872611], [-76.49563113896801, 8.371971067738018], [-76.48959682642118, 8.378286157979728], [-76.48495211868567, 8.375768686999663], [-76.48053423825436, 8.371578950773765], [-76.47788678722938, 8.3614404042407], [-76.47529972904265, 8.365792580964769], [-76.46812370088884, 8.366596399197823], [-76.47027241175965, 8.371034150662485], [-76.45872695111441, 8.37127283008466], [-76.45422584446698, 8.374427050250224], [-76.44375068426196, 8.371965966355756], [-76.44436910606314, 8.369005448765794], [-76.43734788458221, 8.361672643320457], [-76.43176052341512, 8.361987397020803], [-76.42545349402613, 8.369349848749655], [-76.4272213326912, 8.378933285715004], [-76.44469087810631, 8.391449937890382], [-76.4415590644633, 8.396863499294387], [-76.44410176473961, 8.40184202472369], [-76.44091299431432, 8.402629315539187], [-76.43980670377057, 8.4075687556358], [-76.44226869850344, 8.41161234789166], [-76.43853798973862, 8.420979847811154], [-76.44020584770918, 8.42892267043703], [-76.4361833975811, 8.438259045057826], [-76.43941285989213, 8.444849993407106], [-76.43513712887136, 8.449525100910948], [-76.4300979232839, 8.448693096905188], [-76.42749653517174, 8.454195846704108], [-76.41273985969387, 8.464210975764818], [-76.40604967727664, 8.476600576411299], [-76.39361535162409, 8.469010394003051], [-76.40265167125537, 8.463466088549396]]]}}, {"type": "Feature", "properties": {"code": "05789", "name": "Támesis", "subregion": "Suroeste", "zona": "Cartama", "circuits_count": 1, "circuits_ids": [22], "circuits_names": ["Valparaíso - Támesis"], "km_intervencion": 22.51}, "geometry": {"type": "Polygon", "coordinates": [[[-75.64008015035573, 5.762452429648709], [-75.64427100765013, 5.750081791968682], [-75.65809553100209, 5.734170547567992], [-75.66146906332175, 5.724154290230244], [-75.65889544123674, 5.707373576795274], [-75.66174729132818, 5.698991916883243], [-75.65927800676678, 5.688714818467154], [-75.66246970210663, 5.66380874825269], [-75.65782350047282, 5.638094561346625], [-75.66701438962178, 5.627685504642285], [-75.67440146078191, 5.608585322913574], [-75.67323795833433, 5.603915692181337], [-75.67892539002746, 5.594337525157611], [-75.67934212297935, 5.58356759156109], [-75.68959114219304, 5.572654402653376], [-75.69299011839482, 5.556584148789973], [-75.69827741351092, 5.548991801028876], [-75.71434736125552, 5.547925579052754], [-75.72699266074412, 5.557817199897376], [-75.74241247256475, 5.589470542871365], [-75.75255179760079, 5.593940846328561], [-75.76035678120076, 5.593649458059378], [-75.75881659808658, 5.605866860627121], [-75.75226041017375, 5.613151511759042], [-75.75069941399275, 5.621768213871762], [-75.75783837316636, 5.639043244584583], [-75.76535197113594, 5.643663795665401], [-75.76753671612775, 5.639366503338653], [-75.77531390944608, 5.637596202635263], [-75.78651381874424, 5.654092767921258], [-75.80670174166758, 5.653730051482165], [-75.79998951728824, 5.662536451423046], [-75.80304187584267, 5.675858416357425], [-75.78974337178511, 5.684316609427948], [-75.7709690629457, 5.689801469999816], [-75.76171320494043, 5.706594382338621], [-75.75468981762138, 5.707878547004101], [-75.75095771736618, 5.718411774889741], [-75.74380035620396, 5.716545005352784], [-75.74475003266447, 5.734321620154192], [-75.73533722280939, 5.734971383142575], [-75.7315136650751, 5.741866750166952], [-75.71286859505898, 5.757103846915881], [-75.70781590486077, 5.770108473520112], [-75.68730385810483, 5.775087078810536], [-75.67564438058879, 5.797756213938287], [-75.66552321679286, 5.800682222724857], [-75.6598080298524, 5.797437075337145], [-75.65219754498617, 5.798602770007077], [-75.6507638805051, 5.788875280512733], [-75.64273803531272, 5.78315401862012], [-75.64527039598013, 5.772662808020721], [-75.64008015035573, 5.762452429648709]]]}}, {"type": "Feature", "properties": {"code": "05842", "name": "Uramita", "subregion": "Occidente", "zona": "Cuenca del Río Sucio", "circuits_count": 0, "circuits_ids": [], "circuits_names": [], "km_intervencion": 0}, "geometry": {"type": "Polygon", "coordinates": [[[-75.96496186012894, 6.98063999927724], [-75.97509322070167, 6.969504910901136], [-75.9870964116117, 6.937898766091901], [-75.99278639452022, 6.938768819312142], [-75.99936798409432, 6.931366319038728], [-76.01240029128206, 6.935780215928613], [-76.01707593250437, 6.930462121247307], [-76.03151688249925, 6.924922739175306], [-76.03511294188783, 6.919776507399035], [-76.04314005280645, 6.919369620292582], [-76.0616605282893, 6.904145173897537], [-76.07147342621232, 6.907048117290663], [-76.08420354193514, 6.89887228917453], [-76.09575939429156, 6.898594843056183], [-76.10258249862474, 6.88754422943948], [-76.09835931725148, 6.872452268287157], [-76.0935052158165, 6.868207310841747], [-76.09366701946716, 6.860999130362503], [-76.10194167553536, 6.852952721941649], [-76.11628982596811, 6.854457732228679], [-76.13473470732148, 6.849179009688544], [-76.15567815921284, 6.823730247637205], [-76.16631481494638, 6.827237405072578], [-76.17963781426509, 6.838143268742133], [-76.19484912531166, 6.838761911148657], [-76.19519552287173, 6.850080231031018], [-76.2025718519777, 6.848593069120904], [-76.20641031905076, 6.852366299033937], [-76.22156387830601, 6.848295468682561], [-76.22903538571296, 6.855320827656763], [-76.23603207330514, 6.869072317589688], [-76.24596116741186, 6.876442697530645], [-76.24486091444513, 6.886550971318872], [-76.23115909736772, 6.898772204758227], [-76.22616817802341, 6.915821041515972], [-76.22214094077317, 6.918265937206215], [-76.2321930079541, 6.927041826828097], [-76.2393730030682, 6.939822498582222], [-76.24052829760902, 6.949286684387164], [-76.2343023636323, 6.963019778372967], [-76.20275974989073, 6.958456877563377], [-76.17090726229192, 6.959313972941557], [-76.15530553443973, 6.97759162504192], [-76.126332769859, 6.96774636883954], [-76.12166902592432, 6.960170167034167], [-76.10111048326756, 6.95710541912203], [-76.07317023149463, 6.939930015814363], [-76.06463803651933, 6.946867591064817], [-76.05570078040262, 6.942841540413396], [-76.04737742486626, 6.944997331969675], [-76.03270538775611, 6.954577816031499], [-76.02951690928329, 6.961868486766803], [-76.01642670208224, 6.967417387527319], [-76.00728957261147, 6.990926462344958], [-75.99973939165024, 7.000453225172127], [-75.98235199087965, 7.001197785774196], [-75.97873199049045, 6.987278489509404], [-75.96496186012894, 6.98063999927724]]]}}, {"type": "Feature", "properties": {"code": "05847", "name": "Urrao", "subregion": "Suroeste", "zona": "Penderisco", "circuits_count": 0, "circuits_ids": [], "circuits_names": [], "km_intervencion": 0}, "geometry": {"type": "Polygon", "coordinates": [[[-76.16220434159854, 6.592717984247455], [-76.15444491426156, 6.583241455153797], [-76.13987635768227, 6.576365097180831], [-76.1363099741391, 6.577740370857103], [-76.13170813041569, 6.573588696020194], [-76.13248827861239, 6.568304677756933], [-76.12256613746595, 6.564925505988055], [-76.1146164002394, 6.553719533280146], [-76.0978658609878, 6.551790041045944], [-76.09190496774914, 6.54002618267678], [-76.07693533765001, 6.541313714673066], [-76.07047341894311, 6.513687155635484], [-76.0667442804334, 6.509196722772983], [-76.05768286816127, 6.506415479471702], [-76.0608087466352, 6.498930551764967], [-76.08307325828845, 6.479681335192629], [-76.08659629722085, 6.462605063457801], [-76.08069932630119, 6.460672067611535], [-76.07785328202141, 6.453358757108551], [-76.06788098972929, 6.452641680193855], [-76.06213990525751, 6.457068858945195], [-76.05850106540014, 6.447421701970207], [-76.04325089682766, 6.435449606255887], [-76.03761374833257, 6.404605409676235], [-76.03981496573175, 6.391271409388376], [-76.04397194396351, 6.387589515196392], [-76.04378982940428, 6.378745051818782], [-76.0316593723713, 6.37564117335768], [-76.01593411987936, 6.364112491727616], [-76.01009059692245, 6.367643941036887], [-76.0048726005423, 6.355473893154224], [-75.99520168943474, 6.352008758706847], [-75.98815858140027, 6.344852815894548], [-75.98967096524967, 6.317132167163689], [-75.9981935509464, 6.307613511196733], [-75.99601280615255, 6.30123630721789], [-76.00194207420162, 6.286542806271847], [-76.01154324280547, 6.281656756484529], [-76.01368346639349, 6.275632449484869], [-76.02101695664017, 6.27434168676627], [-76.02838826685866, 6.26421976486424], [-76.04792975132375, 6.26088799159028], [-76.049445958403, 6.254770118876539], [-76.0457504806653, 6.242746553372692], [-76.04829664664197, 6.238807951721216], [-76.04694841643602, 6.227363464336901], [-76.03850871379899, 6.223930632776431], [-76.03826902980647, 6.2170245051757], [-76.033984159326, 6.210883056948544], [-76.03992521596656, 6.196808416386398], [-76.0304706299592, 6.186522572085248], [-76.03148525461472, 6.178074642735576], [-76.0163968600485, 6.169642426828491], [-76.01874656267591, 6.140086462689147], [-76.01493418896692, 6.125488244960118], [-76.00845678869442, 6.121191591918534], [-76.01150753836619, 6.108791143929808], [-76.00505305860814, 6.098134964355131], [-76.00838508067686, 6.09321027907311], [-75.99656583688922, 6.078823914005945], [-75.9982213690758, 6.070284301326556], [-76.0078964627393, 6.0676700443992], [-76.01432899934989, 6.060869416242275], [-76.01312271373861, 6.057355824184038], [-76.02778782573623, 6.048634003570245], [-76.05785554502012, 6.051437222493765], [-76.05915002722601, 6.044955860990989], [-76.05528023500068, 6.037039030938012], [-76.06703137301504, 6.030519007337953], [-76.07690036713433, 6.032891918761187], [-76.08474452626385, 6.024267577280954], [-76.08320621523872, 6.016932154831836], [-76.0969647833842, 6.003516128824519], [-76.10435655902148, 6.017905803658067], [-76.11353283168243, 6.021253907640004], [-76.12373213184011, 6.018215812779547], [-76.13185437614393, 5.999801274745207], [-76.14382072624586, 5.997631205250184], [-76.1492148849482, 6.003025374244229], [-76.15919717998099, 6.003583391143758], [-76.16545936187772, 6.007594906238792], [-76.17265157946957, 6.017391195791149], [-76.17017150165003, 6.026753473054134], [-76.17474143002804, 6.043577749245276], [-76.18323649224274, 6.048207793374305], [-76.19135030046773, 6.058597753311576], [-76.19695652445917, 6.080175258457975], [-76.19592172184572, 6.105451162232449], [-76.20205828962133, 6.121826305635586], [-76.20331866189758, 6.135158747427749], [-76.20050310733686, 6.140160771973334], [-76.2057883650739, 6.147345670153315], [-76.20120759313212, 6.160302317421824], [-76.21344725296429, 6.167252215399969], [-76.21465226835778, 6.17412275299553], [-76.2102209203837, 6.177174163341307], [-76.20946804593736, 6.184548607599439], [-76.21421608328674, 6.188015425640083], [-76.22427739772517, 6.188250943624074], [-76.2260013869263, 6.194487454930337], [-76.23767364297723, 6.208345311432988], [-76.2486699059971, 6.20412651971629], [-76.26155036915573, 6.209162358483243], [-76.28518559315155, 6.193406707436475], [-76.29562423773858, 6.200685761584272], [-76.32640514928949, 6.202591713063748], [-76.33278932240181, 6.196162548578397], [-76.38981234644518, 6.191494803476585], [-76.40517388814659, 6.185585769214934], [-76.40913604245449, 6.172380083093272], [-76.41987194316229, 6.165732956288415], [-76.44524959158547, 6.16844155383604], [-76.45047202833808, 6.175250442094983], [-76.45008360399575, 6.195243951049885], [-76.45713394975648, 6.204965097663245], [-76.46799673300657, 6.210710323734895], [-76.4824012814695, 6.215332411947953], [-76.48593363413478, 6.212838703109361], [-76.49359185098363, 6.21769209807184], [-76.49253183805007, 6.212178994066639], [-76.4992038879733, 6.213293320614788], [-76.50267561423834, 6.208221878946044], [-76.50114640494367, 6.200947680789571], [-76.51136582377043, 6.19613512604699], [-76.52380718951987, 6.221278594805549], [-76.51978140304882, 6.242234743086148], [-76.52463440584421, 6.288503719079203], [-76.53061793932295, 6.305309998054855], [-76.52377961573224, 6.330926136180197], [-76.52508937558615, 6.341404209269699], [-76.52204246082233, 6.354901627658595], [-76.52317299060739, 6.368785074586325], [-76.52656457726764, 6.374217132645066], [-76.52492393196195, 6.382916689460342], [-76.52987344346325, 6.387811054476052], [-76.53207935455977, 6.396165939983567], [-76.53796637753598, 6.397889307867668], [-76.54292967638025, 6.411221279453838], [-76.53476780738927, 6.420734271928496], [-76.5490235050096, 6.436368662260504], [-76.54400505859005, 6.486387685952746], [-76.54601795227474, 6.492398789196995], [-76.55941885888478, 6.50375923090099], [-76.5607148304974, 6.513547957855675], [-76.56755315408815, 6.523571064050818], [-76.57761762161326, 6.528451640908353], [-76.58216731094788, 6.535041797637811], [-76.57007616419173, 6.542142075291181], [-76.56378876209341, 6.566365876032203], [-76.55230144221001, 6.570619979182215], [-76.5465530158074, 6.584839900847374], [-76.53526710000733, 6.58972049898297], [-76.5288767312145, 6.585400461069985], [-76.52396623624094, 6.58693265357993], [-76.516798558826, 6.574555518971359], [-76.51747122898885, 6.563673202817331], [-76.5135697397087, 6.556311197670279], [-76.52262089501691, 6.544778639725759], [-76.51184446501844, 6.528416552655862], [-76.50012505100834, 6.522327636648355], [-76.49215888898514, 6.524321981694799], [-76.4915908563832, 6.519695501229582], [-76.48466982400595, 6.514119811730792], [-76.4836823060141, 6.496655604379417], [-76.47049351589716, 6.48964186717016], [-76.45690058990354, 6.497919866655693], [-76.45177168573831, 6.527311412903472], [-76.44714769854316, 6.529955589017265], [-76.44907436024877, 6.537290192053873], [-76.43294464669003, 6.555996707818374], [-76.4333034041701, 6.560062629988135], [-76.42731414572803, 6.560052665073453], [-76.41809606816868, 6.567257713091291], [-76.41909261692408, 6.571144252947282], [-76.41246556720671, 6.572858315473093], [-76.4137012879149, 6.578179885778921], [-76.4046924854774, 6.579535191472216], [-76.40458286585991, 6.587477685733543], [-76.39067439135138, 6.587322831122496], [-76.37859832191899, 6.593668122719988], [-76.36970412385047, 6.584938356356155], [-76.36171429301616, 6.582262624098009], [-76.3643526566837, 6.574706289444995], [-76.36088466651192, 6.57127567246693], [-76.36414338066356, 6.565520600487318], [-76.35675148016045, 6.561051078746371], [-76.35434481536088, 6.556618930661703], [-76.35610123194711, 6.553674128351454], [-76.35332833478596, 6.552538061366158], [-76.35014436046598, 6.556260172387358], [-76.35093661705439, 6.551424419041099], [-76.34293931313523, 6.548487089820728], [-76.34604854492862, 6.539562995241023], [-76.34023368272088, 6.534375957420159], [-76.34500964330253, 6.527694098243837], [-76.33774603839169, 6.514701456732614], [-76.31784163455181, 6.506210860819283], [-76.31063990919098, 6.509266942129128], [-76.30792929582174, 6.507353568042782], [-76.29675798439067, 6.515262843677976], [-76.29533001163526, 6.525615742666201], [-76.28930587520397, 6.527289942217937], [-76.28301266909057, 6.536782071307663], [-76.27609163761164, 6.53754443117435], [-76.27245921621697, 6.541722460032871], [-76.26355476028625, 6.536245430074126], [-76.2477473945908, 6.538543488726728], [-76.24434955206291, 6.547165114099673], [-76.22808961243238, 6.564907419210708], [-76.22604045825126, 6.571757449741186], [-76.21408187139002, 6.574288683642281], [-76.20594006806752, 6.571777379994127], [-76.19740961043398, 6.578524013408307], [-76.19529692649763, 6.585888510623743], [-76.18271051427085, 6.585190925594919], [-76.16220434159854, 6.592717984247455]]]}}, {"type": "Feature", "properties": {"code": "05854", "name": "Valdivia", "subregion": "Norte", "zona": "Vertiente Chorros Blancos", "circuits_count": 0, "circuits_ids": [], "circuits_names": [], "km_intervencion": 0}, "geometry": {"type": "Polygon", "coordinates": [[[-75.2961734236254, 7.229404160703335], [-75.30503971822456, 7.227754887105028], [-75.3096189711152, 7.239676014567198], [-75.32228343975366, 7.242147949413686], [-75.32611916427015, 7.239940704046862], [-75.32655607338332, 7.235565936527945], [-75.3235944051467, 7.235382710072459], [-75.32893165018588, 7.232154827413048], [-75.32960255695579, 7.227335026616584], [-75.33746513604024, 7.226924520441888], [-75.33555327677388, 7.214090805786789], [-75.3434292218914, 7.202350658244536], [-75.3713447735873, 7.193816513564449], [-75.37461885611681, 7.187163482066796], [-75.37235845770674, 7.180335683795444], [-75.3878574299685, 7.170599364183339], [-75.39072431516288, 7.155164355420686], [-75.40421384237234, 7.135211858129143], [-75.40306398623227, 7.126114517915949], [-75.41573763475459, 7.111098087209652], [-75.41662863415904, 7.101111591366522], [-75.42473495223119, 7.095467202040342], [-75.42416382223817, 7.08702226156069], [-75.43366287036052, 7.083231492229134], [-75.44328015923212, 7.084177392980254], [-75.46032420323986, 7.074665620868786], [-75.46025391006889, 7.058641733097236], [-75.47125120525301, 7.049802238699265], [-75.48540296689667, 7.055903757650341], [-75.49196829337087, 7.063996234965196], [-75.4946074897767, 7.084453463045345], [-75.49277697385763, 7.093003679831222], [-75.49453998587467, 7.100965803275713], [-75.50113488309141, 7.109414246912515], [-75.5004462822053, 7.124642838216002], [-75.49465184319553, 7.13758965604198], [-75.48106490896488, 7.14813244271819], [-75.47429674289951, 7.17340687542436], [-75.46725855314122, 7.179862877977599], [-75.46907678190384, 7.202697840115664], [-75.46457146844591, 7.216674614721698], [-75.43734512489725, 7.244897970774232], [-75.43882560507933, 7.251633777658085], [-75.4445688913219, 7.249622450038036], [-75.44853883851486, 7.258316169160733], [-75.45888297584244, 7.262390379236522], [-75.4616269580312, 7.271432726184947], [-75.46420743965176, 7.269783489744073], [-75.47048957852084, 7.27408410805717], [-75.47520841972516, 7.286877968711773], [-75.4855934447712, 7.292785983161328], [-75.48377200902303, 7.299167844804222], [-75.48779374858373, 7.303856718621293], [-75.49384370618952, 7.299989540146194], [-75.49952382110467, 7.301676304345921], [-75.51047919101617, 7.294147678433401], [-75.51541028346088, 7.297393746645573], [-75.52143299516412, 7.294948760672701], [-75.52959555406127, 7.299506619973564], [-75.5289920433955, 7.308306661561172], [-75.52024320262144, 7.325281377343078], [-75.52069842389167, 7.341444313902758], [-75.51536365011785, 7.3469912145828], [-75.51325290025432, 7.377465437179739], [-75.50627989674462, 7.385894026218812], [-75.49519563745447, 7.38549362819264], [-75.48728090218465, 7.380239501227715], [-75.48608698817145, 7.373443909164613], [-75.48022150050755, 7.371992711729217], [-75.47934831200024, 7.368863518810906], [-75.47485315489492, 7.371134922988848], [-75.47233444772152, 7.364788179581431], [-75.46227660078006, 7.362586270286361], [-75.46094323140385, 7.359793340155115], [-75.44607585743181, 7.363146619446169], [-75.4443603905478, 7.361247605746343], [-75.43537075636183, 7.371071766792397], [-75.43319460645067, 7.368805827048076], [-75.4297349517464, 7.371816517743476], [-75.42596894727575, 7.366703625919807], [-75.42039124389623, 7.370728443738747], [-75.41579597853568, 7.368193124329902], [-75.41131691385036, 7.374156405182798], [-75.40676918553798, 7.371309453060998], [-75.40431309363481, 7.374832490513595], [-75.39507502406882, 7.368922027517868], [-75.39045466876235, 7.374396073796516], [-75.38370834343651, 7.374526801347685], [-75.36699590263441, 7.386516540420994], [-75.35879373791472, 7.381114949885426], [-75.35093005120756, 7.384827544849568], [-75.34786058334019, 7.382376146779309], [-75.33878163685205, 7.390122900316798], [-75.33205386263512, 7.388164288194593], [-75.32950520293521, 7.407159256176033], [-75.32163777384656, 7.41287356223342], [-75.32282727982665, 7.432593703698923], [-75.31356779442429, 7.434395456114502], [-75.30752988592138, 7.431681168558345], [-75.30529815904023, 7.434320339782905], [-75.30028570528192, 7.419708199126822], [-75.28229585924751, 7.414704857892083], [-75.28575186409678, 7.405799220377059], [-75.28453076077489, 7.396353120839243], [-75.28722672352013, 7.393797371577916], [-75.27480888285136, 7.388262842829554], [-75.27574099724805, 7.38162809510571], [-75.28336123602163, 7.382836659840772], [-75.28917380752542, 7.379076332871032], [-75.28120064133795, 7.370523181201776], [-75.286943105622, 7.362607374131676], [-75.28652245871042, 7.357406651746245], [-75.28002155581514, 7.352607455616314], [-75.28090109002162, 7.344277378931763], [-75.27838995564605, 7.342276119364302], [-75.28559174388894, 7.321846590696423], [-75.28064872271558, 7.308907815435856], [-75.28552742720956, 7.29908116574409], [-75.28164400304978, 7.288937668900655], [-75.27763473749513, 7.287516664065801], [-75.28580833758542, 7.284987612002428], [-75.29653565848395, 7.276128179525006], [-75.30058426395985, 7.262038430382288], [-75.30548007147851, 7.257478049021869], [-75.3009042285927, 7.235464760250827], [-75.2961734236254, 7.229404160703335]]]}}, {"type": "Feature", "properties": {"code": "05856", "name": "Valparaiso", "subregion": "Suroeste", "zona": "Cartama", "circuits_count": 1, "circuits_ids": [22], "circuits_names": ["Valparaíso - Támesis"], "km_intervencion": 22.51}, "geometry": {"type": "Polygon", "coordinates": [[[-75.59949873583608, 5.681200392061357], [-75.5887772611734, 5.673830711243494], [-75.5752143344187, 5.670618439196169], [-75.5726587927254, 5.666506729376088], [-75.57594244949921, 5.659839480680577], [-75.58445140146483, 5.655585003959446], [-75.58964814460369, 5.64437774281209], [-75.58266680652477, 5.625960715254132], [-75.58433718696467, 5.619022207276313], [-75.58015459866246, 5.605637348917353], [-75.58664797098074, 5.607644198097282], [-75.59542972962005, 5.603606559857307], [-75.61791963306966, 5.58255956371779], [-75.62637008854064, 5.582803092524689], [-75.64653429055059, 5.572745349206447], [-75.65502574602944, 5.572424408537193], [-75.6680819825397, 5.580342772538064], [-75.6726254734989, 5.598143988216337], [-75.67646296859482, 5.597934195799621], [-75.66701438962178, 5.627685504642285], [-75.66086890966022, 5.63215210913603], [-75.65740963673994, 5.640234153617762], [-75.66247751116138, 5.6641289073359], [-75.65927800676678, 5.688714818467154], [-75.66174729132818, 5.698991916883243], [-75.65889544123674, 5.707373576795274], [-75.66160817822329, 5.723006592117949], [-75.65877371592248, 5.733005460610442], [-75.65004426797877, 5.740900220918721], [-75.63932510827459, 5.759373246427391], [-75.62230360659058, 5.747155991121009], [-75.61642360664327, 5.739960616987681], [-75.61618188167841, 5.733836886155768], [-75.62296633060662, 5.719752302921896], [-75.61804601884361, 5.704146878250108], [-75.62426151439672, 5.693715799662618], [-75.62281746988256, 5.678512537905084], [-75.61467881605346, 5.669699406328315], [-75.59949873583608, 5.681200392061357]]]}}, {"type": "Feature", "properties": {"code": "05858", "name": "Vegachí", "subregion": "Nordeste", "zona": "Meseta", "circuits_count": 0, "circuits_ids": [], "circuits_names": [], "km_intervencion": 0}, "geometry": {"type": "Polygon", "coordinates": [[[-74.57895856097151, 6.781889271343943], [-74.59637726263985, 6.784610016592616], [-74.60058371917917, 6.788046414147762], [-74.59812915171705, 6.792435759105494], [-74.60033344943933, 6.79422614854775], [-74.60396943085745, 6.791067514421981], [-74.61176937221374, 6.791361347763826], [-74.61339516567283, 6.788300600929062], [-74.62028991603982, 6.792652648642958], [-74.62716474357042, 6.792727852192948], [-74.62698578928436, 6.796387948052348], [-74.63734065159812, 6.796375323536604], [-74.64150355242256, 6.799259198357624], [-74.64470285200129, 6.795269608949964], [-74.64092816531343, 6.792961121563066], [-74.64755899783644, 6.787384012525554], [-74.64274098531969, 6.782569464894945], [-74.65226955747217, 6.779013147697271], [-74.6541343719671, 6.784600655686039], [-74.65839432767315, 6.785356287388261], [-74.66206849467738, 6.781571202004027], [-74.6659644988444, 6.791820743598025], [-74.67474784031526, 6.795349331878703], [-74.67991593797633, 6.786243634724845], [-74.68768368371285, 6.790579847283376], [-74.70072351429107, 6.780964615694808], [-74.70726422602817, 6.781162189008701], [-74.70887254096678, 6.776891835647032], [-74.72480606606072, 6.794809180791261], [-74.72857266611442, 6.793672269090354], [-74.72778699507535, 6.795876770414167], [-74.75594794494731, 6.789676814716365], [-74.75929014941975, 6.791733554840804], [-74.75968334920614, 6.783113389614852], [-74.77119202384047, 6.774049616438388], [-74.7721498192745, 6.769174938808201], [-74.79370022776904, 6.765983967483022], [-74.80006222237532, 6.772797845796673], [-74.80208193247638, 6.764270510738227], [-74.81593092324174, 6.758219914364598], [-74.81580417365008, 6.75207592932355], [-74.83297532208401, 6.733403806598762], [-74.84791168487324, 6.727766811267223], [-74.85364207220661, 6.731776082577219], [-74.8700193704408, 6.727453275829675], [-74.88294776410973, 6.735131592924266], [-74.88842465225981, 6.729227761194533], [-74.8929969899194, 6.73710908877723], [-74.89918342317645, 6.736692026986962], [-74.90425768911115, 6.740257912942263], [-74.9085534372914, 6.737039578057682], [-74.91355819248771, 6.741008625344375], [-74.91505266752361, 6.751553367206727], [-74.92059858132181, 6.750578263910208], [-74.92139873949147, 6.766805777105878], [-74.91109084110079, 6.768112851978707], [-74.91300595676006, 6.777392932896638], [-74.90587573100764, 6.778524279268029], [-74.90336888968085, 6.783501853119413], [-74.90527223201998, 6.788644487937585], [-74.90244818209162, 6.793983363857869], [-74.91204133682483, 6.799040004201925], [-74.90827959126692, 6.803459396265947], [-74.90675434533927, 6.814190858418719], [-74.89863825449514, 6.820016421767665], [-74.89556135666207, 6.829908755442197], [-74.88237390054331, 6.837160062139803], [-74.87393719558439, 6.850286110689717], [-74.87404194273978, 6.866265961706175], [-74.87953538055234, 6.869059235681147], [-74.88420365199606, 6.879119724391863], [-74.88287814018365, 6.883264961306932], [-74.87786529475987, 6.882469652887432], [-74.86873131388415, 6.893507553253889], [-74.8689723157052, 6.900954518424096], [-74.87907030566176, 6.906642168095952], [-74.87579267658352, 6.914474740068505], [-74.8796449444743, 6.923401608229219], [-74.87861677951248, 6.937576066685148], [-74.8553102418926, 6.945190432100691], [-74.85319107750979, 6.959617444047271], [-74.83798315940008, 6.991837640162292], [-74.83541316291553, 6.990733551354363], [-74.83829275298298, 6.989778660572506], [-74.84152296628558, 6.967749051907265], [-74.83884106936104, 6.962985795179802], [-74.84401463147398, 6.95697670294395], [-74.83684175910177, 6.946257397911639], [-74.83903247429694, 6.94269383543129], [-74.82732779535243, 6.927146014477644], [-74.82857128648787, 6.921032877521847], [-74.82354307448283, 6.912190731536702], [-74.82036337344866, 6.895495352805356], [-74.81552834234884, 6.892605038140054], [-74.81719687854745, 6.887325202453234], [-74.8219151151856, 6.885944347846735], [-74.82157089424345, 6.868951852177417], [-74.73107359742497, 6.88978009292351], [-74.72679810715272, 6.89507624919302], [-74.71413904727058, 6.900490946063142], [-74.70400047861601, 6.896170757879488], [-74.70304802546298, 6.901142568440322], [-74.69821590759963, 6.902990331740732], [-74.69450701172653, 6.916143222525235], [-74.69007395156355, 6.917851046897185], [-74.67790522989273, 6.915035203195217], [-74.66023569973244, 6.91849746235762], [-74.65597089492047, 6.917320400090317], [-74.65408616567402, 6.911782215735767], [-74.65000455429794, 6.911938557543589], [-74.64290157534641, 6.913645743437954], [-74.64292467103238, 6.916914387484439], [-74.63349465125307, 6.925076762510598], [-74.628260508554, 6.924374144668841], [-74.62963857899709, 6.919094195365744], [-74.62349991455359, 6.920372858004461], [-74.62043328266759, 6.916696635062254], [-74.61719322472777, 6.918635246802991], [-74.61385826965967, 6.914568227329006], [-74.61120115096561, 6.917645605872151], [-74.60233505130088, 6.917645605872151], [-74.60183345180917, 6.911843325427909], [-74.59441792112253, 6.91281941000636], [-74.58879187849928, 6.903031451904678], [-74.5928860114921, 6.886654926200811], [-74.58591785169841, 6.880310377030921], [-74.58218975253948, 6.880540838041048], [-74.58475197410523, 6.871362933892068], [-74.57622479172922, 6.870237727974607], [-74.57196797922833, 6.863988074698994], [-74.57446686866824, 6.837708468443951], [-74.58438289677918, 6.825375075587918], [-74.58134912796122, 6.81999897772755], [-74.58586226125368, 6.821419381834874], [-74.58678954361244, 6.817002730308662], [-74.59125979582484, 6.815727046350215], [-74.59119011530488, 6.808608945427474], [-74.58445793754642, 6.796731153141699], [-74.57837432006691, 6.793204262680455], [-74.58089888695092, 6.788401689726804], [-74.57895856097151, 6.781889271343943]]]}}, {"type": "Feature", "properties": {"code": "05861", "name": "Venecia", "subregion": "Suroeste", "zona": "Sinifaná", "circuits_count": 0, "circuits_ids": [], "circuits_names": [], "km_intervencion": 0}, "geometry": {"type": "Polygon", "coordinates": [[[-75.76709289268184, 6.000016756106413], [-75.76180310294419, 5.998139260858442], [-75.75750229994384, 6.001538282909737], [-75.74297841838026, 6.001642334444047], [-75.7361890466843, 6.00536218250391], [-75.71471930959721, 5.983495344209681], [-75.69684388198053, 5.980094415826983], [-75.69375163912578, 5.975118500058295], [-75.68716307054024, 5.979131633257537], [-75.68310396465698, 5.97118945494551], [-75.69178074976547, 5.959399430895438], [-75.697439376979, 5.959862176247013], [-75.69642272752083, 5.957193744019771], [-75.70447809943826, 5.951405011284006], [-75.70245904061579, 5.93810762876522], [-75.70892007627876, 5.934211972650717], [-75.73077611858244, 5.930481137587122], [-75.75014931356053, 5.9390044684113], [-75.76139013842491, 5.925967491863015], [-75.77600084844892, 5.919482435934039], [-75.78024550045578, 5.912823913254762], [-75.777916271332, 5.905359723793256], [-75.76703171291942, 5.899654799933357], [-75.77545829386509, 5.881137942036751], [-75.78638166937942, 5.891069297349676], [-75.80431606690291, 5.897768223835147], [-75.80839561305216, 5.906662970208664], [-75.8183492590139, 5.914666016967975], [-75.8282025892096, 5.917642076350933], [-75.82879334289998, 5.923794836653048], [-75.83406554362439, 5.928610035905709], [-75.85471339409173, 5.937117397601047], [-75.85605332386446, 5.940951643227271], [-75.83426470820771, 5.980547058706999], [-75.83243746754617, 5.999572919478167], [-75.84076180134787, 6.008830842223545], [-75.83053872458126, 6.010586713832216], [-75.82217394323557, 6.000870888527634], [-75.81288245445288, 5.997724950398217], [-75.79634311361616, 6.00430459448853], [-75.78607613887655, 5.996476331531467], [-75.77338020764361, 5.99601297478917], [-75.76709289268184, 6.000016756106413]]]}}, {"type": "Feature", "properties": {"code": "05873", "name": "Vigía Del Fuerte", "subregion": "Urabá", "zona": "Atrato Medio", "circuits_count": 0, "circuits_ids": [], "circuits_names": [], "km_intervencion": 0}, "geometry": {"type": "Polygon", "coordinates": [[[-76.8998876000721, 6.829041597665284], [-76.90560019357633, 6.827778158278147], [-76.90918929820799, 6.823060044274553], [-76.91150412104956, 6.815667163259162], [-76.90538572888708, 6.805796025309757], [-76.91155683868202, 6.798405848598577], [-76.91474518061091, 6.786180934522211], [-76.92184555714307, 6.784225230018255], [-76.91679521963259, 6.78285094705338], [-76.9137293279584, 6.777323576937866], [-76.90103060835479, 6.777322694712153], [-76.90265364847751, 6.771225350817614], [-76.89736444084815, 6.757226230981215], [-76.88758360289928, 6.75741073530156], [-76.88687290884708, 6.751982903609306], [-76.87946918741318, 6.748726201953744], [-76.87535413984392, 6.736772524127081], [-76.8708117457277, 6.732796832457596], [-76.87108411402352, 6.723439681224912], [-76.85976766808021, 6.72094004491197], [-76.86657686469616, 6.711521386594472], [-76.86232441171936, 6.700415808488685], [-76.86633524932577, 6.697402188635245], [-76.87034608513555, 6.681771786525868], [-76.86455035883998, 6.671451230684639], [-76.85005155195091, 6.659739624849184], [-76.83876957256841, 6.65660116828701], [-76.8340628451457, 6.659752846265817], [-76.83091489147196, 6.656994462735266], [-76.79968531904737, 6.655589554647508], [-76.79007749123231, 6.653284787330968], [-76.78580880300338, 6.648559478043181], [-76.77596586092565, 6.647906621164829], [-76.77251070498431, 6.644029461816411], [-76.74999987797511, 6.639948553280279], [-76.73440027104532, 6.642778861402575], [-76.71521341091169, 6.652882406641218], [-76.70728196428261, 6.66321632050381], [-76.70063403142984, 6.664170728148441], [-76.68980645495235, 6.660056907520924], [-76.68786473119435, 6.651236875738815], [-76.68353517671504, 6.647066377292221], [-76.66125958434276, 6.649770531649493], [-76.65602699662745, 6.645842186246028], [-76.64592888539833, 6.644944055709502], [-76.64048543254312, 6.652051002050216], [-76.63253502517335, 6.644405177671085], [-76.6208437068721, 6.64137496557878], [-76.6125028072382, 6.644694140321668], [-76.60202982365114, 6.64351485823507], [-76.57329421250878, 6.633332219722435], [-76.57568095626863, 6.620357725886523], [-76.55779622569888, 6.591537533058601], [-76.56718090660745, 6.557004397598008], [-76.56669836397617, 6.548883886493945], [-76.57120669307851, 6.54098397023607], [-76.58216731094788, 6.535041797637811], [-76.57761762161326, 6.528451640908353], [-76.56755315408815, 6.523571064050818], [-76.5607148304974, 6.513547957855675], [-76.55941885888478, 6.50375923090099], [-76.54601795227474, 6.492398789196995], [-76.54400505859005, 6.486387685952746], [-76.5490235050096, 6.436368662260504], [-76.53476780738927, 6.420734271928496], [-76.54303997332748, 6.411690035474054], [-76.53796637753598, 6.397889307867668], [-76.53207935455977, 6.396165939983567], [-76.52987344346325, 6.387811054476052], [-76.52517209694909, 6.383468166491853], [-76.52656457726764, 6.374217132645066], [-76.52281452957135, 6.367172002989642], [-76.52387612443815, 6.33005755952868], [-76.53061793932295, 6.305309998054855], [-76.52463440584421, 6.288503719079203], [-76.51978140304882, 6.242234743086148], [-76.52336600801922, 6.219555227144074], [-76.51228711795952, 6.202346326054096], [-76.51136582377043, 6.19613512604699], [-76.50114640494367, 6.200947680789571], [-76.50267561423834, 6.208221878946044], [-76.4992038879733, 6.213293320614788], [-76.49253183805007, 6.212178994066639], [-76.49359185098363, 6.21769209807184], [-76.48593363413478, 6.212838703109361], [-76.48207580657072, 6.215270187050739], [-76.45713394975648, 6.204965097663245], [-76.44971702757944, 6.194548881197531], [-76.45047202833808, 6.175250442094983], [-76.44524959158547, 6.16844155383604], [-76.46867794165621, 6.176573803597741], [-76.47559119731805, 6.171098250545535], [-76.4747656204191, 6.16048747800925], [-76.48228665554095, 6.160549692387978], [-76.48952944379171, 6.169375655908373], [-76.49896741815283, 6.174172849916872], [-76.50819789515806, 6.173904111087889], [-76.51940948075827, 6.179978710097433], [-76.55286367618677, 6.178513393054379], [-76.5711224104436, 6.186490638086776], [-76.58015101803818, 6.187226844105992], [-76.58351411283255, 6.193451433381619], [-76.58900219938096, 6.187863372278845], [-76.59694513905576, 6.187008778293495], [-76.60193280110887, 6.192569998179946], [-76.61803217406887, 6.186897413513345], [-76.6209298238668, 6.182636075899509], [-76.62660480491009, 6.183238260491251], [-76.63962751988721, 6.174734703538721], [-76.64388869101383, 6.168326266163138], [-76.65507740820186, 6.1732313631678], [-76.66869723604329, 6.169690450366956], [-76.67220229339866, 6.174353500842398], [-76.67343064432826, 6.170476844009476], [-76.67848924274608, 6.173125060294413], [-76.68433391913979, 6.171142781892956], [-76.68094361078221, 6.169162356430651], [-76.68674419786177, 6.161523798967237], [-76.6896386514539, 6.165970403497218], [-76.69439757368959, 6.163248301812482], [-76.71809754286117, 6.172696825419959], [-76.7196499700127, 6.182711868901128], [-76.71378104090296, 6.191420602301948], [-76.72144851219586, 6.199864288777197], [-76.717813562942, 6.217016704539934], [-76.72674253928673, 6.223770408816697], [-76.72306865076024, 6.236981177061662], [-76.73249131693059, 6.237171535667462], [-76.75647628471093, 6.252152619939517], [-76.75935067173624, 6.261442035645579], [-76.74964247245954, 6.273891375302688], [-76.74897622255604, 6.27960208214843], [-76.7556577497055, 6.285065324402555], [-76.77528354285664, 6.285369896169199], [-76.7819079632052, 6.288815355318373], [-76.78476331582796, 6.296810343373036], [-76.78306913991449, 6.309240648786012], [-76.79024540702017, 6.320236733076506], [-76.7883125532273, 6.325698509030898], [-76.7776525664492, 6.327880290624967], [-76.78143041880016, 6.335113853199026], [-76.79078719264612, 6.338657419762656], [-76.7890007660412, 6.349873833548225], [-76.77138543303863, 6.363242742567849], [-76.7732743592141, 6.368807020690731], [-76.78550112732363, 6.372614161007359], [-76.78737541095997, 6.377900221946618], [-76.78151827583157, 6.382483433041278], [-76.76917436471405, 6.379789147979546], [-76.76507437021402, 6.389292349604189], [-76.76984793498882, 6.397463054136489], [-76.79204611773642, 6.40923454564466], [-76.79526314916055, 6.419970675035484], [-76.78808669430698, 6.42469152578324], [-76.77089746817629, 6.420770172863564], [-76.76512965523153, 6.424672488624072], [-76.76177937400637, 6.432153514186547], [-76.76876547046133, 6.440167539819584], [-76.78380366537286, 6.432819763468175], [-76.78938112081732, 6.433010119480215], [-76.79556771936437, 6.437483508971058], [-76.79583421986477, 6.443651070085537], [-76.79324536594578, 6.451265346804591], [-76.7817668459589, 6.462648687836098], [-76.78228080986219, 6.474565026958667], [-76.77790260083044, 6.473860708403564], [-76.77632263941717, 6.466227397720012], [-76.77057386087496, 6.464856826430809], [-76.76701418774695, 6.470358141693325], [-76.76798500785428, 6.47799145421317], [-76.77721731652437, 6.48891793601964], [-76.7919857132201, 6.496167223106792], [-76.80036517663078, 6.507960544543256], [-76.80515344233523, 6.506120608202338], [-76.81489212953433, 6.488960732505608], [-76.81998877968928, 6.487249712810494], [-76.82332429800107, 6.507352792436192], [-76.81935671966548, 6.525476530348364], [-76.82746521615219, 6.525438010242045], [-76.83853976465412, 6.519563683464422], [-76.84110135650087, 6.521451173038929], [-76.85128271909895, 6.560720080991957], [-76.86392214899548, 6.571496095004833], [-76.87300809335969, 6.571264975105132], [-76.88298963380765, 6.559968933366147], [-76.8945167939739, 6.570152703452413], [-76.89914911753492, 6.586821639031172], [-76.88970741606367, 6.605267221619698], [-76.88203603440432, 6.609359895286805], [-76.86307648756342, 6.609036286245166], [-76.85799395982306, 6.618439917218751], [-76.86212470455361, 6.625806727801194], [-76.87244204693286, 6.629918438189216], [-76.90162375695374, 6.62495012395939], [-76.90902863901101, 6.629385438298862], [-76.91235988493531, 6.639855066291617], [-76.89610340741189, 6.659119181501473], [-76.89808311912661, 6.668218244156944], [-76.90303239796424, 6.672272844956707], [-76.90935224541401, 6.670159882169159], [-76.91753759187496, 6.660013859870066], [-76.92079269479915, 6.648954124478186], [-76.92484729652956, 6.646898270525824], [-76.93748699322576, 6.654588691587326], [-76.93896789741267, 6.686344163040468], [-76.9522845025232, 6.675123777876309], [-76.95940596790496, 6.676013924867616], [-76.96442828606341, 6.681975200494357], [-76.96265955626959, 6.688416866717598], [-76.95130475136531, 6.691779638600453], [-76.94300700859434, 6.705121533622269], [-76.93364812101251, 6.710918794186319], [-76.94017684293551, 6.723164526338744], [-76.95732243609622, 6.724780306771308], [-76.96716388697057, 6.743130710427859], [-76.96210039363277, 6.762794573653963], [-76.96526735745454, 6.780394155937], [-76.95785012985031, 6.792514986546422], [-76.97172437944482, 6.797482999765832], [-76.97203053068355, 6.809770823028455], [-76.95794754226141, 6.816742738644853], [-76.93300716407414, 6.812123008583296], [-76.92184367068097, 6.839954308492654], [-76.91353696811335, 6.846882323398349], [-76.91544478585925, 6.841976139090336], [-76.90034103728817, 6.836642771895461], [-76.90212256358323, 6.832272992954976], [-76.8998876000721, 6.829041597665284]]]}}, {"type": "Feature", "properties": {"code": "05885", "name": "Yalí", "subregion": "Nordeste", "zona": "Meseta", "circuits_count": 0, "circuits_ids": [], "circuits_names": [], "km_intervencion": 0}, "geometry": {"type": "Polygon", "coordinates": [[[-74.57895856097151, 6.781889271343943], [-74.5819708896986, 6.759050248450674], [-74.58011096473373, 6.749268222712098], [-74.58292497239555, 6.747445818738833], [-74.58376649528908, 6.739298593283306], [-74.57989656382487, 6.731178171264565], [-74.58273737182488, 6.727050959801996], [-74.57962856313796, 6.720115103690748], [-74.583026813501, 6.716931251606792], [-74.57988877543137, 6.700836697608496], [-74.60000421329444, 6.706793338769643], [-74.60891349946645, 6.696915653078301], [-74.61738062138089, 6.695531790310253], [-74.62325338899187, 6.685318585322417], [-74.6273770514047, 6.685022418836867], [-74.63011898812955, 6.689032924357865], [-74.63631677699011, 6.687883295106974], [-74.63910409300988, 6.699133436896186], [-74.64497073141564, 6.696054113784671], [-74.65019495851062, 6.698522879819927], [-74.65103911706119, 6.690670612582903], [-74.6551324909776, 6.688870800808399], [-74.65228146464126, 6.684676555275871], [-74.658976332671, 6.685287109143581], [-74.66106283880166, 6.681209663038216], [-74.66671710828774, 6.679553200299341], [-74.66924958573614, 6.673256517927548], [-74.68210840578463, 6.669248094941132], [-74.68327642406312, 6.674111299519089], [-74.69254093374288, 6.678958573409018], [-74.69133044221942, 6.681719343095585], [-74.69924111261258, 6.69165280854661], [-74.70673235690465, 6.684596918534486], [-74.70683323142283, 6.678719660352744], [-74.71165394966522, 6.679225233446851], [-74.7107651780827, 6.676486371614316], [-74.71421747827974, 6.674092130900096], [-74.72028771984465, 6.67648637250652], [-74.72300844644735, 6.669757106676474], [-74.73555401676974, 6.671208159728244], [-74.74079594965896, 6.667828413457601], [-74.74052992257073, 6.656256257224005], [-74.76733304014463, 6.656100363293567], [-74.7658606969024, 6.663414326239266], [-74.77111337993061, 6.662538880247479], [-74.77379543226368, 6.666939990568436], [-74.77872181214643, 6.664616077239016], [-74.7797962241757, 6.658750580145439], [-74.7899434525896, 6.658678952537605], [-74.7992691770661, 6.643262826516336], [-74.8178492656495, 6.640284101396508], [-74.82425002525524, 6.646669303239153], [-74.8349438821128, 6.649990233036585], [-74.86606106002401, 6.640571860985588], [-74.90179798418393, 6.637834236097015], [-74.90548444822608, 6.639778572949276], [-74.91217296965834, 6.636963171210513], [-74.9159294286308, 6.643667246808854], [-74.91067194051413, 6.647415931966345], [-74.91285737451376, 6.658941963580285], [-74.93369289651868, 6.661967355357787], [-74.94797211113485, 6.66884252956537], [-74.94414565453714, 6.676192124307947], [-74.94537447618396, 6.687974810095121], [-74.94217020802338, 6.691964591564436], [-74.94993157841631, 6.706885085743413], [-74.93861655630272, 6.710119825543172], [-74.93178393072584, 6.716377339839289], [-74.92436204984844, 6.716321256586729], [-74.9216389867277, 6.723472640348762], [-74.91339903168061, 6.727380513697035], [-74.90436890593323, 6.740230109549885], [-74.89163458429826, 6.73621240535099], [-74.88842465225981, 6.729227761194533], [-74.88294776410973, 6.735131592924266], [-74.8700193704408, 6.727453275829675], [-74.86365523964079, 6.727219788388088], [-74.85613702433064, 6.731555938014508], [-74.84812515692411, 6.727760139030831], [-74.83711133992527, 6.731042274116922], [-74.81580417365008, 6.75207592932355], [-74.81593092324174, 6.758219914364598], [-74.80208193247638, 6.764270510738227], [-74.80006222237532, 6.772797845796673], [-74.79370022776904, 6.765983967483022], [-74.7721498192745, 6.769174938808201], [-74.77119202384047, 6.774049616438388], [-74.75968334920614, 6.783113389614852], [-74.75929014941975, 6.791733554840804], [-74.75594794494731, 6.789676814716365], [-74.72778699507535, 6.795876770414167], [-74.72857266611442, 6.793672269090354], [-74.72480606606072, 6.794809180791261], [-74.70887254096678, 6.776891835647032], [-74.70726422602817, 6.781162189008701], [-74.70072351429107, 6.780964615694808], [-74.68768368371285, 6.790579847283376], [-74.67991593797633, 6.786243634724845], [-74.67474784031526, 6.795349331878703], [-74.6659644988444, 6.791820743598025], [-74.66206849467738, 6.781571202004027], [-74.65839432767315, 6.785356287388261], [-74.6541343719671, 6.784600655686039], [-74.65226955747217, 6.779013147697271], [-74.64274098531969, 6.782569464894945], [-74.64755899783644, 6.787384012525554], [-74.64092816531343, 6.792961121563066], [-74.64470285200129, 6.795269608949964], [-74.64150355242256, 6.799259198357624], [-74.63734065159812, 6.796375323536604], [-74.62698578928436, 6.796387948052348], [-74.62716474357042, 6.792727852192948], [-74.62028991603982, 6.792652648642958], [-74.61339516567283, 6.788300600929062], [-74.61176937221374, 6.791361347763826], [-74.60396943085745, 6.791067514421981], [-74.60033344943933, 6.79422614854775], [-74.59812915171705, 6.792435759105494], [-74.60058371917917, 6.788046414147762], [-74.59637726263985, 6.784610016592616], [-74.57895856097151, 6.781889271343943]]]}}, {"type": "Feature", "properties": {"code": "05887", "name": "Yarumal", "subregion": "Norte", "zona": "Vertiente Chorros Blancos", "circuits_count": 0, "circuits_ids": [], "circuits_names": [], "km_intervencion": 0}, "geometry": {"type": "Polygon", "coordinates": [[[-75.30196734879884, 7.227252590863209], [-75.30988926160778, 7.222722305933828], [-75.31722852173357, 7.213292619534347], [-75.31911402712441, 7.193219005405293], [-75.32288759990135, 7.184864796104198], [-75.32825349041832, 7.182210934217026], [-75.33223939887729, 7.166482326278786], [-75.32879624442815, 7.14362114969384], [-75.33279036798038, 7.139717506301002], [-75.33052670868581, 7.132464427039297], [-75.33259863336276, 7.12578439838673], [-75.3257397832678, 7.109717617257871], [-75.33100509391397, 7.10198021625813], [-75.3286479891686, 7.085509940054957], [-75.33389556257949, 7.075558860190401], [-75.31946956683915, 7.064635818212573], [-75.3170951066425, 7.05310259308086], [-75.31048752970553, 7.042219623408077], [-75.31341936399326, 7.011300332796655], [-75.31730937549901, 7.003665338459109], [-75.33249621104733, 6.990163063774516], [-75.35337275372137, 6.989516203915353], [-75.35861427697883, 6.978669952717667], [-75.35840757912355, 6.968374595038666], [-75.3625219808041, 6.957989655839827], [-75.3579794061265, 6.945828415386888], [-75.33813918421873, 6.946092576507163], [-75.3357131445551, 6.941939498563486], [-75.34068004025377, 6.941286734911324], [-75.33910483631823, 6.935198704678889], [-75.34315630652158, 6.930369369263532], [-75.35537741254987, 6.930961583022469], [-75.35809310319708, 6.915178302770491], [-75.36569947467763, 6.914978855133834], [-75.37546391567761, 6.901435892570528], [-75.39117552365873, 6.900506817572857], [-75.39616195052831, 6.907364529014041], [-75.4059319098791, 6.906022053372702], [-75.41096097797859, 6.911561736538117], [-75.41112103171106, 6.902112449410423], [-75.42088453936148, 6.889924716242488], [-75.43558115617444, 6.891039069251814], [-75.43940187972399, 6.880755700565444], [-75.44543066044531, 6.876219901799311], [-75.44847664365618, 6.86051275991327], [-75.45836126127487, 6.86290623143294], [-75.47205490008993, 6.851642987526002], [-75.46911849607237, 6.836742315496828], [-75.47361941766685, 6.82439272130874], [-75.49027167044657, 6.809878589115222], [-75.49116987523793, 6.799193870242667], [-75.48464648032456, 6.786587935316496], [-75.48370333371786, 6.777386933049064], [-75.48956244873315, 6.772810666288648], [-75.54260127470985, 6.825884614504321], [-75.54967391935087, 6.827338350093823], [-75.55175998800198, 6.8356538574234], [-75.56158666787809, 6.840741889870937], [-75.56643783092377, 6.851171210618385], [-75.57405317208244, 6.853055008293255], [-75.57321602667928, 6.865730643489083], [-75.57852762212215, 6.872641670068681], [-75.57584491491723, 6.876500438791184], [-75.57500531711334, 6.900878094099911], [-75.57976162525155, 6.914448354919611], [-75.58706890804815, 6.924108386704774], [-75.58820341287833, 6.933646575927084], [-75.60220918930517, 6.948610507304457], [-75.60272876498404, 6.975833603751112], [-75.6063045925158, 6.982509778334485], [-75.61274431025878, 6.984439161121538], [-75.61402133819868, 6.991381627502891], [-75.6230692263342, 7.003272948604863], [-75.63215344144149, 7.010112746236416], [-75.64606258339828, 7.009010116534508], [-75.65349522519445, 7.025313073387059], [-75.65895114666581, 7.028088847245392], [-75.63292966849198, 7.035530913057428], [-75.62789829801041, 7.044237361355644], [-75.61669945141925, 7.049664623052321], [-75.60153760251055, 7.065484479067453], [-75.59433098761963, 7.058298136418339], [-75.59371089854531, 7.039202196308159], [-75.58637660340811, 7.022805628606375], [-75.57051391047432, 7.023770419536856], [-75.56561608533954, 7.018647230371763], [-75.55854908571176, 7.01709225319605], [-75.56017965730985, 7.006948201754654], [-75.55161842878455, 7.001143535329241], [-75.5550305751867, 6.991156938784848], [-75.5410707736378, 6.996709458273315], [-75.53593526236365, 6.990585677780713], [-75.51872700093209, 7.002264072999298], [-75.50990395931555, 7.001378912401027], [-75.50462377705988, 7.006337077595719], [-75.5042145100063, 7.013703887836806], [-75.49504882668589, 7.033986411059488], [-75.49977176600456, 7.047721260376361], [-75.4890730780074, 7.050348089030668], [-75.47284526752132, 7.048784903632648], [-75.46025391006889, 7.058641733097236], [-75.46032420323986, 7.074665620868786], [-75.44328015923212, 7.084177392980254], [-75.43366287036052, 7.083231492229134], [-75.42416382223817, 7.08702226156069], [-75.42473495223119, 7.095467202040342], [-75.41662863415904, 7.101111591366522], [-75.41573763475459, 7.111098087209652], [-75.40306398623227, 7.126114517915949], [-75.40421384237234, 7.135211858129143], [-75.39072431516288, 7.155164355420686], [-75.3878574299685, 7.170599364183339], [-75.37202056270083, 7.180953212542667], [-75.37461885611681, 7.187163482066796], [-75.3718224868756, 7.193385405294672], [-75.3434292218914, 7.202350658244536], [-75.33564114907665, 7.213729553393684], [-75.33742552392945, 7.227003748903205], [-75.32968766873572, 7.227245659279519], [-75.32893165018588, 7.232154827413048], [-75.3235944051467, 7.235382710072459], [-75.32648798467805, 7.235463801360582], [-75.3269816340795, 7.23881154927761], [-75.32283950589768, 7.2420571609536], [-75.30828789064633, 7.238897456643141], [-75.30724144317186, 7.229638490364201], [-75.30196734879884, 7.227252590863209]]]}}, {"type": "Feature", "properties": {"code": "05890", "name": "Yolombó", "subregion": "Nordeste", "zona": "Meseta", "circuits_count": 0, "circuits_ids": [], "circuits_names": [], "km_intervencion": 0}, "geometry": {"type": "Polygon", "coordinates": [[[-74.92059858132181, 6.750578263910208], [-74.91505266752361, 6.751553367206727], [-74.91355819248771, 6.741008625344375], [-74.90921378616179, 6.739625368867069], [-74.90774290088525, 6.735221968721432], [-74.91339903168061, 6.727380513697035], [-74.9216389867277, 6.723472640348762], [-74.92436204984844, 6.716321256586729], [-74.93178393072584, 6.716377339839289], [-74.93861655630272, 6.710119825543172], [-74.94993157841631, 6.706885085743413], [-74.94217020802338, 6.691964591564436], [-74.94537447618396, 6.687974810095121], [-74.94414565453714, 6.676192124307947], [-74.94797211113485, 6.66884252956537], [-74.93369289651868, 6.661967355357787], [-74.91285737451376, 6.658941963580285], [-74.91067194051413, 6.647415931966345], [-74.9159294286308, 6.643667246808854], [-74.91217296965834, 6.636963171210513], [-74.90548444822608, 6.639778572949276], [-74.90179798418393, 6.637834236097015], [-74.86606106002401, 6.640571860985588], [-74.8349438821128, 6.649990233036585], [-74.82425002525524, 6.646669303239153], [-74.81819146987384, 6.640291876803858], [-74.80139239374913, 6.642088445893883], [-74.7899434525896, 6.658678952537605], [-74.7797962241757, 6.658750580145439], [-74.77872181214643, 6.664616077239016], [-74.77379543226368, 6.666939990568436], [-74.77111337993061, 6.662538880247479], [-74.7658606969024, 6.663414326239266], [-74.76733304014463, 6.656100363293567], [-74.74052992257073, 6.656256257224005], [-74.74079594965896, 6.667828413457601], [-74.73555401676974, 6.671208159728244], [-74.72300844644735, 6.669757106676474], [-74.72028771984465, 6.67648637250652], [-74.71421747827974, 6.674092130900096], [-74.7107651780827, 6.676486371614316], [-74.71165394966522, 6.679225233446851], [-74.70683323142283, 6.678719660352744], [-74.70673235690465, 6.684596918534486], [-74.70116303301015, 6.691190914187641], [-74.69600251533342, 6.689969801706842], [-74.69254093374288, 6.678958573409018], [-74.68327642406312, 6.674111299519089], [-74.68190665674821, 6.669264020470111], [-74.66924958573614, 6.673256517927548], [-74.66671710828774, 6.679553200299341], [-74.66106283880166, 6.681209663038216], [-74.658976332671, 6.685287109143581], [-74.65228146464126, 6.684676555275871], [-74.6551324909776, 6.688870800808399], [-74.65103911706119, 6.690670612582903], [-74.65019495851062, 6.698522879819927], [-74.64497073141564, 6.696054113784671], [-74.63910409300988, 6.699133436896186], [-74.63631677699011, 6.687883295106974], [-74.63011898812955, 6.689032924357865], [-74.6273770514047, 6.685022418836867], [-74.62325338899187, 6.685318585322417], [-74.61738062138089, 6.695531790310253], [-74.60891349946645, 6.696915653078301], [-74.60000421329444, 6.706793338769643], [-74.58016983492759, 6.700555639779481], [-74.57839457527994, 6.708674001963788], [-74.55538644631935, 6.716722693805234], [-74.53209504890526, 6.709387052318167], [-74.52261536846045, 6.709919399558271], [-74.51652023996888, 6.70284749060122], [-74.50149243048035, 6.704205216934852], [-74.49689398688032, 6.700009208166482], [-74.52273384995821, 6.667913591054246], [-74.5374375940046, 6.654845710600587], [-74.54506528071023, 6.654441501157323], [-74.54887912316471, 6.647978890104876], [-74.55941236753769, 6.641002695210167], [-74.5581712048355, 6.637987764103783], [-74.56725947224302, 6.638896909293861], [-74.57354731541417, 6.64391711096612], [-74.5745549341088, 6.637909358286475], [-74.58609544324017, 6.648723678759054], [-74.60097478367011, 6.652175850817744], [-74.60334638093596, 6.656049284951218], [-74.61225597073854, 6.653042560378625], [-74.62397046108256, 6.653961120568383], [-74.62457167565444, 6.638171683561584], [-74.62783366596193, 6.637413084062005], [-74.6284974041759, 6.629914198834327], [-74.63300007568857, 6.623722165893845], [-74.63780906372997, 6.624635028025492], [-74.64481378136247, 6.618992164841783], [-74.64941669408107, 6.619250962997129], [-74.65264822790715, 6.623466204982152], [-74.6658252797383, 6.622370558466476], [-74.66525109098173, 6.618644189053886], [-74.67071001552108, 6.62011728344987], [-74.66821991609622, 6.617547542241373], [-74.67050295025484, 6.615089301851337], [-74.66739714822917, 6.614800644871563], [-74.67093156432466, 6.611034905329269], [-74.67220653602088, 6.613423462718437], [-74.67248627768858, 6.608958370186829], [-74.6822771983282, 6.601980992555273], [-74.68798498225239, 6.60162056084808], [-74.6877536579819, 6.605359398941348], [-74.69116434192678, 6.605687557812773], [-74.6950673475631, 6.61239894997655], [-74.69747554488856, 6.610253591441183], [-74.70261161401648, 6.61310933386198], [-74.71543402714315, 6.604996756659244], [-74.7234400114829, 6.606455073363033], [-74.73099086618058, 6.597338794958233], [-74.73461526472143, 6.603865433890284], [-74.86476299354014, 6.531278503632714], [-74.8534183225306, 6.530060896283159], [-74.8410413111898, 6.517084995369845], [-74.83919487981885, 6.509727740623666], [-74.84791776646772, 6.50854227700898], [-74.85390995790918, 6.502343659991633], [-74.87237015733479, 6.510901407661705], [-74.88728576095609, 6.511709410222305], [-74.90027375964077, 6.51803483351287], [-74.91102353213319, 6.516139661721639], [-74.914499317885, 6.524546030655942], [-74.92647583871258, 6.525112223379116], [-74.93684814990239, 6.532378344878826], [-74.94814052369104, 6.528336367756443], [-74.95231618328746, 6.530357357274075], [-74.95247477007109, 6.53406774573906], [-74.95740273278537, 6.533553981238532], [-74.9679296979345, 6.539173952091096], [-74.97733337461808, 6.534973961240779], [-74.98944013768711, 6.549398574092486], [-74.99155893196402, 6.544639027564185], [-74.99956080920627, 6.540330663734486], [-75.0068682168687, 6.545660826862837], [-75.02293968456273, 6.538332205712471], [-75.02853808153311, 6.540821531250281], [-75.03046882518336, 6.537672633256729], [-75.03436060547192, 6.53813698533637], [-75.0328842844896, 6.545272529203381], [-75.05738890161064, 6.569917557239855], [-75.0549650376666, 6.573896272869487], [-75.05737600270147, 6.579422974992673], [-75.0609863929138, 6.577001761312651], [-75.06848571934847, 6.582197721180791], [-75.07590469507421, 6.579969351310718], [-75.0874905942803, 6.585207756043536], [-75.09282393434292, 6.583025373960925], [-75.09145651522417, 6.573618921034527], [-75.09402659615036, 6.569656741448791], [-75.1211840838325, 6.567088263771425], [-75.12970231180176, 6.551592647462989], [-75.14351318884624, 6.542586745258773], [-75.15766603116317, 6.542131208628148], [-75.16944155933582, 6.546625284556916], [-75.17177497281219, 6.550324277908261], [-75.20757221884344, 6.555463485654739], [-75.20300337383368, 6.569786630867569], [-75.19431652669569, 6.57755152428301], [-75.1818343747374, 6.585177660238288], [-75.16182112832274, 6.585548567150918], [-75.15983578506952, 6.592906018344088], [-75.16301817386304, 6.602024972435479], [-75.15396734374497, 6.616185142991419], [-75.15709134024837, 6.63498751426399], [-75.15185548356375, 6.648281531009903], [-75.13321855677566, 6.654403004450163], [-75.12978313412619, 6.658217979998659], [-75.12264952262346, 6.658140122576786], [-75.12278577189923, 6.667512111923972], [-75.12872233876, 6.670626378009556], [-75.1225602058297, 6.681087610728951], [-75.12756132823903, 6.686171672061673], [-75.12520590693651, 6.689290115336201], [-75.1268812415852, 6.692516376427614], [-75.10700115963162, 6.716692614975595], [-75.11590033706175, 6.722266003441169], [-75.12799260132209, 6.739765783026654], [-75.1239648376591, 6.75061835164488], [-75.12037230056475, 6.750515709838061], [-75.12215092619975, 6.754151547373414], [-75.11461621961762, 6.763071947796644], [-75.11827290989798, 6.769134356630849], [-75.11640607239703, 6.773849563001926], [-75.11148878705822, 6.775023552853991], [-75.10986252198362, 6.782259950562099], [-75.10399659863681, 6.77993587851493], [-75.09648912538081, 6.784312370182067], [-75.0931241818536, 6.782316799565795], [-75.0931585882273, 6.778194916309214], [-75.08567051768313, 6.779752008118987], [-75.08412739078975, 6.775060697497028], [-75.07855871817382, 6.772371837210579], [-75.06802306811252, 6.771722102541694], [-75.06548049000709, 6.768261670840253], [-75.06008751079271, 6.771341768602228], [-75.05638795380531, 6.764106749491335], [-75.02612146968836, 6.748561258774947], [-75.01940618385053, 6.760583430340717], [-75.0226176286519, 6.764953892380732], [-75.03272706134855, 6.76373553268365], [-75.0366777980692, 6.779267284831564], [-75.04843033206551, 6.796372285375002], [-75.0410577570191, 6.808023764201518], [-75.04235705868649, 6.819983041097411], [-75.03782132557811, 6.822425136394459], [-75.03647265250271, 6.828944803210655], [-75.02660863774506, 6.834656681618801], [-75.01230851394233, 6.815098512568381], [-74.99837114691933, 6.811674944183881], [-74.98261599400314, 6.793231998798237], [-74.96770481278796, 6.787041764149513], [-74.96237457550632, 6.780489730066864], [-74.96240966459963, 6.774508689805982], [-74.95447153091159, 6.771727402201666], [-74.95389496970436, 6.766922974722438], [-74.94206350523562, 6.762967821561261], [-74.93554286276027, 6.751247147984804], [-74.92237367747607, 6.747791345968602], [-74.92059858132181, 6.750578263910208]]]}}, {"type": "Feature", "properties": {"code": "05893", "name": "Yondó", "subregion": "Magdalena Medio", "zona": "Ribereña", "circuits_count": 1, "circuits_ids": [2], "circuits_names": ["La Ye - Yondó"], "km_intervencion": 30.0}, "geometry": {"type": "Polygon", "coordinates": [[[-74.35968254177618, 6.632512113451281], [-74.3701977803176, 6.636450233295806], [-74.38041032523583, 6.645272588881912], [-74.38180051395209, 6.651100691341096], [-74.38716521869287, 6.647072707103967], [-74.39122884939019, 6.648641124686677], [-74.38588196722466, 6.656002000495616], [-74.39351018573292, 6.654576164212384], [-74.39026641056446, 6.670527697812766], [-74.39753816948317, 6.673718000064269], [-74.39042681733487, 6.681667031707341], [-74.39671495784836, 6.685672473827188], [-74.39092524846856, 6.689848424302922], [-74.40614269950008, 6.716348019316175], [-74.41149357916865, 6.720085141941726], [-74.41743900072316, 6.734665582556031], [-74.42536623155858, 6.739818285329623], [-74.43584149866312, 6.737652449991455], [-74.44209834816033, 6.739931529419838], [-74.45237291276578, 6.754898470985904], [-74.4500527422533, 6.765827333479455], [-74.44650278081184, 6.768262322040335], [-74.4468744380994, 6.777207711876705], [-74.4435167143321, 6.778297049126228], [-74.45065508061762, 6.785396967214729], [-74.45701168892546, 6.7785405500025], [-74.46612368083963, 6.78542259949992], [-74.47923418457624, 6.784064133782463], [-74.49221653016279, 6.793035150288972], [-74.4898456174132, 6.798533103842427], [-74.4939052191665, 6.802916491799073], [-74.48926343904053, 6.813944616734405], [-74.4778926342427, 6.819022535040181], [-74.46694770904301, 6.814819807263919], [-74.44522295102658, 6.786944301128715], [-74.43971619119833, 6.786260883746287], [-74.43417000341395, 6.793489325384893], [-74.4261004309285, 6.797011553046727], [-74.41950283427434, 6.806369098781537], [-74.4109469857593, 6.835204018694939], [-74.40244370755298, 6.839554227033482], [-74.39800150074377, 6.846795815375915], [-74.39811978281554, 6.84987118770291], [-74.40299569714225, 6.850331181191456], [-74.40475680922246, 6.853997971046426], [-74.3943347071114, 6.859163022903147], [-74.39005021212672, 6.868073722248748], [-74.3890908006235, 6.87527588074012], [-74.3956095422637, 6.883805444927924], [-74.39471584252351, 6.890179616685711], [-74.38053495121012, 6.897986339003304], [-74.38217777942195, 6.905963911723293], [-74.37941782788236, 6.912508936766269], [-74.3728070879773, 6.916031159823062], [-74.37088826497084, 6.912022660145556], [-74.35678622777311, 6.911891233102377], [-74.35505140129642, 6.915084890540259], [-74.35167374660791, 6.914270048455571], [-74.35145032302034, 6.919658524192922], [-74.3466664069585, 6.918646544686966], [-74.3477966735372, 6.923601312703054], [-74.3432756099174, 6.925638418711046], [-74.3423424840177, 6.920447081854482], [-74.33762428151555, 6.927018394992759], [-74.32569077741368, 6.921367067100655], [-74.3237325273494, 6.917516276958708], [-74.32624276790126, 6.916096874111097], [-74.32122228589924, 6.917437420762354], [-74.31516353558344, 6.925874985825305], [-74.31591266495337, 6.933129714564137], [-74.31274529329647, 6.936520513300479], [-74.315452673629, 6.936704508679424], [-74.3161623750428, 6.94168556504176], [-74.31246929850184, 6.943617529634494], [-74.3151109652747, 6.945391783268324], [-74.31157559876164, 6.946522050129333], [-74.31081500329542, 6.955140114727314], [-74.30058217801134, 6.955559386121329], [-74.30174992230367, 6.958337009190868], [-74.28979887590094, 6.964212943479684], [-74.28773234111569, 6.962345589917023], [-74.28128375430593, 6.966030497969282], [-74.27682701095877, 6.963595472605334], [-74.25932868711523, 6.968863892410479], [-74.25723725282694, 6.98011779154599], [-74.2610267311743, 6.985909069065986], [-74.25475243190269, 6.986123194303397], [-74.24918025585714, 6.995604356501613], [-74.2458040860838, 6.993971046705572], [-74.24284620155116, 6.996490724614178], [-74.24103362588663, 7.001032123289597], [-74.24415386204225, 7.004174272307111], [-73.91585233515269, 7.295583789458413], [-73.92454779803256, 7.267565293747242], [-73.91978070741602, 7.239377143822529], [-73.92239732107393, 7.218552695960089], [-73.92496713969204, 7.207416817967332], [-73.93876801309752, 7.182289711492456], [-73.93876801219922, 7.176769359198936], [-73.93134409394274, 7.159351705029494], [-73.93327030918566, 7.126889457485468], [-73.93110023997066, 7.119065792850603], [-73.9123120162275, 7.095137932307727], [-73.8928575425808, 7.079719022717171], [-73.88871728109815, 7.072485464917062], [-73.8812821015613, 7.019807044692397], [-73.8822100917925, 7.010241612739009], [-73.88870602071607, 6.997535291932492], [-73.90505291726609, 6.978547191617751], [-73.91561772394658, 6.969124524683495], [-73.92546869247137, 6.966126405720953], [-73.93403475303457, 6.955847133571591], [-73.94548947844622, 6.953424374323665], [-73.96300035175427, 6.944100041801069], [-73.98911927467856, 6.928582800963357], [-73.999558313626, 6.917700630220239], [-74.01064647789268, 6.913279396905758], [-74.02296036911004, 6.891313162071706], [-74.05842535975871, 6.862528487622093], [-74.07723499933829, 6.841886664551119], [-74.08123923432734, 6.821495271251996], [-74.11366955424953, 6.772828477780116], [-74.11514600908083, 6.765573500594581], [-74.13296341361499, 6.7552466396933], [-74.14261450698905, 6.756588656351538], [-74.15766606523874, 6.737450361759307], [-74.17034561838744, 6.732707300154655], [-74.17731080385923, 6.724945429326967], [-74.19280772975878, 6.720203233188663], [-74.20808387042277, 6.721809367829088], [-74.23099807872377, 6.710316573063768], [-74.2432423846426, 6.697088865609237], [-74.25650054625906, 6.675080917131738], [-74.27670836866257, 6.663532131396303], [-74.31222182431915, 6.654311719639873], [-74.33022578917489, 6.629572729432893], [-74.3404049553921, 6.634062706446175], [-74.35968254177618, 6.632512113451281]]]}}, {"type": "Feature", "properties": {"code": "05895", "name": "Zaragoza", "subregion": "Bajo Cauca", "zona": "Bajo Cauca", "circuits_count": 1, "circuits_ids": [1], "circuits_names": ["Cáceres - La Chilona"], "km_intervencion": 25.0}, "geometry": {"type": "Polygon", "coordinates": [[[-74.60787941730186, 7.386502785533662], [-74.69910899109554, 7.31269040011772], [-74.91527801440421, 7.263734391881419], [-74.91949763575401, 7.274539177159435], [-74.91775336708537, 7.283454910117198], [-74.90533281260612, 7.293669087788424], [-74.90299322950037, 7.303904703055497], [-74.90580774650694, 7.314446179075826], [-74.89587732648684, 7.323772463962153], [-74.89286442822787, 7.335659457942049], [-74.89690220091977, 7.352585061230485], [-74.9050979139391, 7.353711616999871], [-74.90752511871766, 7.360441557368365], [-74.89349872685338, 7.379702710593396], [-74.89030240159654, 7.391330126927203], [-74.89211956765217, 7.405178792951322], [-74.89702982187724, 7.406870562165409], [-74.9046716633368, 7.427303822028641], [-74.90228668296983, 7.437718514297101], [-74.90752703931574, 7.449866236228424], [-74.91251156624848, 7.448067185713463], [-74.91166155607215, 7.438659302330923], [-74.92160585326675, 7.426090702584291], [-74.92648309710007, 7.412432766487457], [-74.9411395879659, 7.410980321753714], [-74.94319032228361, 7.418500789220285], [-74.94764627331666, 7.420645885682378], [-74.96090565125203, 7.401426554317069], [-74.98633967075594, 7.388263461084354], [-74.99206082071323, 7.391662466732821], [-74.997333036709, 7.402699228539262], [-74.99431064595244, 7.406644136283858], [-74.99558687349344, 7.417547867231375], [-75.0019235356087, 7.418640283390955], [-75.006660891091, 7.424979628776349], [-75.01152324714513, 7.424622521809728], [-75.03014399258, 7.489159953531199], [-75.03632492365593, 7.490606699909167], [-75.04228915233922, 7.482118806200512], [-75.05268310035096, 7.475486471817487], [-75.0610055423007, 7.477227873637278], [-75.12902228443673, 7.54016021573169], [-75.12467372879252, 7.544895504279122], [-75.11217419173855, 7.536891227321527], [-75.10601964597915, 7.523837431367672], [-75.10057239684353, 7.521252042357883], [-75.10069984981604, 7.516936841560756], [-75.09584384485099, 7.512395679137887], [-75.09264736867719, 7.516089378676084], [-75.08190301572087, 7.514333640404907], [-75.07892172288857, 7.52185273809665], [-75.06900062109291, 7.526438913705969], [-75.07132731966253, 7.527702745004113], [-75.07089993808127, 7.535075795439523], [-75.06278392000068, 7.536077136055701], [-75.06611010302004, 7.554917557118655], [-75.06152465175394, 7.554938047920694], [-75.062857465073, 7.559903512307823], [-75.0569575009668, 7.55910756840718], [-75.05589219785452, 7.562243712932141], [-75.05346801321194, 7.557718054786117], [-75.04962220959796, 7.559009168082095], [-75.04930013931408, 7.561839066776582], [-75.04521492389709, 7.562370134834815], [-75.04857110076547, 7.567762158755605], [-75.04257769210679, 7.573719029831465], [-75.02695849202235, 7.575059115033387], [-75.0227513806112, 7.576941899796816], [-75.02277328962265, 7.581031079207837], [-75.0192130667257, 7.578870111563077], [-75.01386863426595, 7.581628787181788], [-75.01647972418314, 7.577951306291988], [-75.01429526485562, 7.576595515027934], [-75.00958059632578, 7.58021176576702], [-75.00380137298029, 7.578150810644569], [-75.00307768749245, 7.588231339497753], [-74.9976945403389, 7.586244108625488], [-74.99380130028801, 7.592307402295798], [-74.99074727176546, 7.591850958050646], [-74.99197206267159, 7.597393270819952], [-74.98772178900768, 7.597552903424677], [-74.98984576386881, 7.599193174064109], [-74.9878641594038, 7.607208003004046], [-74.98105376982512, 7.60461963466279], [-74.97342494944562, 7.607815225975181], [-74.97641788713898, 7.613995025117362], [-74.97305448871403, 7.621797992288038], [-74.96914686933039, 7.618746068268631], [-74.96648777524102, 7.621198666319954], [-74.96423205076536, 7.615801163575425], [-74.95626805817358, 7.621275732267989], [-74.95623516725777, 7.615720861850371], [-74.9512024394218, 7.619881097700573], [-74.94729118635286, 7.614829563067438], [-74.94562024087264, 7.620257061668955], [-74.94156949111817, 7.620067791342685], [-74.94113921696169, 7.622864570387939], [-74.93898384957464, 7.620177510480977], [-74.93507580618619, 7.62439362739681], [-74.93636360043477, 7.628144328524057], [-74.9323791490432, 7.637391835463359], [-74.9257610483427, 7.633475792947754], [-74.924454810783, 7.642454553392476], [-74.92110925739118, 7.640016214959708], [-74.91890478629405, 7.648693039061681], [-74.90830681291496, 7.654916113061513], [-74.91519588503105, 7.657377451050917], [-74.91411460717806, 7.663587155168495], [-74.90986991744194, 7.663311914288133], [-74.9061343119605, 7.669620027007599], [-74.90307796398787, 7.668237261147439], [-74.90062398312564, 7.671474949631842], [-74.90419027863392, 7.675506292342464], [-74.90488670474444, 7.68409873142325], [-74.9020787894569, 7.681032614724416], [-74.89548617845257, 7.686937079687895], [-74.89588047957349, 7.680587564368082], [-74.89004721088558, 7.680512936864822], [-74.88703175152973, 7.685676112134587], [-74.8826153748782, 7.686545592577248], [-74.88499643859049, 7.689779144408087], [-74.88175160430833, 7.68933742113563], [-74.87733407421996, 7.694740474586914], [-74.87554474066678, 7.688876316016944], [-74.8639382862104, 7.68878865420257], [-74.86150370536505, 7.68453313251731], [-74.8576568408407, 7.686354359307786], [-74.85747339048666, 7.683593171335266], [-74.85152649030516, 7.681514126754928], [-74.85366729420485, 7.673381263976677], [-74.84233174468869, 7.667971459378061], [-74.84038504426402, 7.671420327685722], [-74.8359476380517, 7.671165792564953], [-74.8357991384504, 7.675999562141955], [-74.8315872992059, 7.679482817450229], [-74.8286501585698, 7.678325356210286], [-74.82343302906388, 7.682925053481028], [-74.81401867500485, 7.680809940486707], [-74.8062989046944, 7.684949828826464], [-74.80399388786248, 7.68322656809644], [-74.79864266234254, 7.690738155380715], [-74.79395060261177, 7.691995938667103], [-74.79012099562236, 7.696356131828579], [-74.79122288082796, 7.712832059771906], [-74.78320224855918, 7.724764263039976], [-74.78129670175431, 7.721820600421514], [-74.77846155942883, 7.724366018947459], [-74.76172318246786, 7.725238637890227], [-74.75794644223124, 7.716070988875039], [-74.76612938030891, 7.709209047005797], [-74.76939910600929, 7.702034963446115], [-74.76341380554437, 7.677769549100065], [-74.77062650023313, 7.663944559937591], [-74.77099560540697, 7.648549741586388], [-74.77820856150548, 7.64152133889941], [-74.78964901358556, 7.616783536480572], [-74.79665036702731, 7.615476187555823], [-74.81048511949543, 7.606098727221821], [-74.81611252126967, 7.59489254311832], [-74.82703915766851, 7.588839746878275], [-74.81933136279909, 7.587966670531818], [-74.81743372655863, 7.579066855931481], [-74.80597661162834, 7.569526521032325], [-74.80124093150403, 7.554793093063068], [-74.77614039897294, 7.530945711819526], [-74.78253304858828, 7.512668549640172], [-74.77843197521157, 7.502164643911446], [-74.78002080030177, 7.495361205659503], [-74.77064401019466, 7.492876119140113], [-74.76969213016677, 7.4888338535606], [-74.7606829180975, 7.488518560536335], [-74.75786279470525, 7.473098386120836], [-74.7641219501778, 7.472695508611445], [-74.75720885441608, 7.469022929105372], [-74.75814889554684, 7.460469137891608], [-74.75188301259111, 7.455109516732699], [-74.74284681602903, 7.458371204402415], [-74.74361231270343, 7.454601959183933], [-74.73792932677266, 7.45450211183026], [-74.72910946519224, 7.448220042216999], [-74.72940068732926, 7.441397128442606], [-74.72657167600558, 7.439891095534953], [-74.71974044371568, 7.438301856418456], [-74.71820945036684, 7.442869879671692], [-74.71354989976791, 7.440390335356604], [-74.70785859364098, 7.444700419679648], [-74.69823163260868, 7.434258033516107], [-74.69465376410461, 7.437261778406217], [-74.68332107482432, 7.432710397775953], [-74.68073336086742, 7.440340412290741], [-74.67658969117657, 7.439782926980507], [-74.6730656712839, 7.426309709844086], [-74.66780390718647, 7.419213033458723], [-74.65176726358274, 7.419665478449532], [-74.64424327929183, 7.415861592512215], [-74.64204808419832, 7.404927520245778], [-74.6375068821465, 7.403159631324519], [-74.63613279213845, 7.393926411475912], [-74.63045744458253, 7.38673450811253], [-74.62190298216797, 7.389701483746832], [-74.61714554754239, 7.385911844345689], [-74.61104751928909, 7.391196800385821], [-74.60787941730186, 7.386502785533662]]]}}]}