{"type": "FeatureCollection", "features": [{"type": "Feature", "properties": {"codigo": "25ANF", "nombre": "Paso por Caldas", "inicio": "Paso por Caldas", "fin": "Paso por Caldas", "longitud_km": 10.4, "ancho_m": 7.0, "is_prioritized": false, "circuit_id": null, "circuit_name": null, "subregion": null, "km_intervenir": 0}, "geometry": {"type": "LineString", "coordinates": [[-75.63148, 6.15305], [-75.63475, 6.15189], [-75.63634, 6.14879], [-75.63344, 6.1451], [-75.63466, 6.13761], [-75.6327, 6.12812], [-75.63434, 6.12586], [-75.63443, 6.11814], [-75.63731, 6.11474], [-75.6359, 6.10765], [-75.63713, 6.09782], [-75.63442, 6.08098], [-75.63482, 6.06903]]}}, {"type": "Feature", "properties": {"codigo": "25AN01-1", "nombre": "La Fabiana - El Líbano - Támesis", "inicio": "La Fabiana", "fin": "Támesis", "longitud_km": 17.0, "ancho_m": 6.78, "is_prioritized": false, "circuit_id": null, "circuit_name": null, "subregion": null, "km_intervenir": 0}, "geometry": {"type": "MultiLineString", "coordinates": [[[-75.64503, 5.66981], [-75.64964, 5.66998], [-75.65062, 5.67576], [-75.6537, 5.68141], [-75.6606, 5.68517], [-75.66563, 5.69323], [-75.66871, 5.69455], [-75.6722, 5.69384], [-75.67643, 5.69576], [-75.67769, 5.70002], [-75.68305, 5.7002], [-75.68562, 5.70319], [-75.68514, 5.70687], [-75.68664, 5.70878], [-75.68533, 5.71061], [-75.69045, 5.71574], [-75.68985, 5.71668], [-75.69372, 5.70939], [-75.69568, 5.71024], [-75.69995, 5.70882]], [[-75.69995, 5.70882], [-75.7066, 5.70391], [-75.71186, 5.69328], [-75.7079, 5.67594], [-75.7115, 5.66669]]]}}, {"type": "Feature", "properties": {"codigo": "25AN01-2-1", "nombre": "Támesis - Puente Lata", "inicio": "Támesis", "fin": "Puente Lata", "longitud_km": 21.0, "ancho_m": 3.5, "is_prioritized": false, "circuit_id": null, "circuit_name": null, "subregion": null, "km_intervenir": 0}, "geometry": {"type": "MultiLineString", "coordinates": [[[-75.72439, 5.69117], [-75.72323, 5.69185]], [[-75.72343, 5.69231], [-75.72323, 5.69185]], [[-75.72343, 5.69231], [-75.72914, 5.69447]], [[-75.72985, 5.69609], [-75.72914, 5.69447]], [[-75.72985, 5.69609], [-75.7319, 5.69925]], [[-75.73241, 5.70065], [-75.73322, 5.69925], [-75.7319, 5.69925]], [[-75.73241, 5.70065], [-75.73237, 5.70147]], [[-75.73223, 5.7021], [-75.73264, 5.70469], [-75.73441, 5.70349], [-75.73775, 5.70778], [-75.74218, 5.7166], [-75.74608, 5.71947], [-75.75327, 5.72016]], [[-75.75443, 5.7211], [-75.75327, 5.72016]], [[-75.73223, 5.7021], [-75.73237, 5.70147]], [[-75.75443, 5.7211], [-75.75762, 5.72151], [-75.75839, 5.72557]], [[-75.75839, 5.72557], [-75.7627, 5.72985], [-75.77112, 5.73343]], [[-75.77308, 5.73474], [-75.77853, 5.7366], [-75.78332, 5.73612], [-75.78819, 5.74406], [-75.79065, 5.74525], [-75.78798, 5.75349], [-75.79187, 5.75645], [-75.79029, 5.76184], [-75.78618, 5.76524], [-75.78666, 5.76703], [-75.79209, 5.76565]], [[-75.77308, 5.73474], [-75.77112, 5.73343]], [[-75.71714, 5.66857], [-75.71686, 5.67506], [-75.72083, 5.68258], [-75.72047, 5.68584], [-75.7212, 5.68787], [-75.72432, 5.6886], [-75.72458, 5.69067]], [[-75.72439, 5.69117], [-75.72458, 5.69067]]]}}, {"type": "Feature", "properties": {"codigo": "25AN02", "nombre": "Santa Bárbara (Ruta 25 ) - Ye a Fredonia - Fredonia", "inicio": "Santa Bárbara (Ruta 25 )", "fin": "Fredonia", "longitud_km": 27.0, "ancho_m": 3.583933, "is_prioritized": false, "circuit_id": null, "circuit_name": null, "subregion": null, "km_intervenir": 0}, "geometry": {"type": "MultiLineString", "coordinates": [[[-75.61963, 5.92615], [-75.62185, 5.92819], [-75.62016, 5.93123], [-75.62496, 5.92905], [-75.62831, 5.93353], [-75.62952, 5.93089], [-75.63314, 5.93515], [-75.6327, 5.93001], [-75.63935, 5.94058], [-75.6404, 5.9353], [-75.64268, 5.93861], [-75.64762, 5.94008], [-75.64685, 5.93492], [-75.65892, 5.93937], [-75.66053, 5.93782], [-75.66421, 5.93887], [-75.66483, 5.93689], [-75.66806, 5.9361], [-75.66706, 5.93217], [-75.66861, 5.92767], [-75.66726, 5.92591], [-75.66843, 5.92548]], [[-75.57864, 5.91781], [-75.58038, 5.92101], [-75.57975, 5.92377], [-75.5823, 5.92609], [-75.58124, 5.92838], [-75.586, 5.93159], [-75.58741, 5.93629], [-75.58894, 5.93685], [-75.58862, 5.94128], [-75.59032, 5.94498], [-75.593, 5.94178], [-75.59479, 5.93359], [-75.5974, 5.93309], [-75.5956, 5.93019], [-75.59634, 5.92711], [-75.59832, 5.92529], [-75.60138, 5.9274], [-75.6026, 5.92591], [-75.60355, 5.92673], [-75.60562, 5.92292], [-75.60702, 5.9231], [-75.60566, 5.91716], [-75.60716, 5.91458], [-75.6089, 5.91896], [-75.61277, 5.91847], [-75.61082, 5.92104], [-75.61301, 5.92135], [-75.61315, 5.92395], [-75.61652, 5.91907], [-75.61679, 5.92203], [-75.61897, 5.92301], [-75.6195, 5.92537]], [[-75.61963, 5.92615], [-75.6195, 5.92537]]]}}, {"type": "Feature", "properties": {"codigo": "25AN03-1", "nombre": "La Granja (Montebello) - El Retiro", "inicio": "La Granja (Montebello)", "fin": "El Retiro", "longitud_km": 25.6, "ancho_m": 4.22944, "is_prioritized": false, "circuit_id": null, "circuit_name": null, "subregion": null, "km_intervenir": 0}, "geometry": {"type": "MultiLineString", "coordinates": [[[-75.49582, 6.00673], [-75.49808, 6.01348], [-75.4994, 6.01204], [-75.50072, 6.0128], [-75.50067, 6.0177], [-75.50457, 6.02097], [-75.50191, 6.0269], [-75.50301, 6.02705], [-75.50271, 6.03063], [-75.50628, 6.03247], [-75.5068, 6.03831], [-75.51078, 6.04312], [-75.50471, 6.04608], [-75.50369, 6.05452]], [[-75.54077, 5.95592], [-75.53977, 5.95742], [-75.5414, 5.9586], [-75.53982, 5.95936], [-75.54085, 5.9612], [-75.5395, 5.96279], [-75.53466, 5.96304], [-75.53553, 5.96528]], [[-75.53505, 5.96645], [-75.53553, 5.96528]], [[-75.53505, 5.96645], [-75.53452, 5.97022], [-75.53744, 5.96962], [-75.53435, 5.97166], [-75.53264, 5.96912]], [[-75.53264, 5.96912], [-75.52984, 5.96371], [-75.52547, 5.96453]], [[-75.52531, 5.96479], [-75.5245, 5.96506]], [[-75.52547, 5.96453], [-75.52531, 5.96479]], [[-75.5245, 5.96506], [-75.5232, 5.9646], [-75.52336, 5.96647], [-75.51842, 5.96481], [-75.5178, 5.9669]], [[-75.5178, 5.9669], [-75.51666, 5.96777], [-75.51773, 5.96908]], [[-75.51773, 5.96908], [-75.51778, 5.96967]], [[-75.51778, 5.96967], [-75.51741, 5.97001]], [[-75.51743, 5.97004], [-75.51538, 5.96911]], [[-75.51538, 5.96911], [-75.51533, 5.96929]], [[-75.51507, 5.97394], [-75.51479, 5.97509]], [[-75.51353, 5.97525], [-75.51015, 5.97624]], [[-75.51533, 5.96923], [-75.50784, 5.97012], [-75.51554, 5.97198], [-75.51507, 5.97393]], [[-75.51479, 5.97506], [-75.51353, 5.97522]], [[-75.51014, 5.97621], [-75.50919, 5.98305], [-75.51234, 5.98584], [-75.51004, 5.98659], [-75.50743, 5.99116]], [[-75.50731, 5.99153], [-75.50743, 5.99116]], [[-75.5066, 5.99309], [-75.50674, 5.99259]], [[-75.50731, 5.99153], [-75.50674, 5.99259]], [[-75.5066, 5.99309], [-75.50495, 5.99425]], [[-75.50495, 5.99425], [-75.50463, 5.99477]], [[-75.49585, 6.00625], [-75.49582, 6.00673]], [[-75.50463, 5.99477], [-75.50042, 6.0015], [-75.50119, 6.00344], [-75.49914, 6.00298], [-75.49585, 6.00625]]]}}, {"type": "Feature", "properties": {"codigo": "25AN03-2", "nombre": "Montebello - El Cairo", "inicio": "Montebello", "fin": "El Cairo", "longitud_km": 23.7, "ancho_m": 4.085791, "is_prioritized": false, "circuit_id": null, "circuit_name": null, "subregion": null, "km_intervenir": 0}, "geometry": {"type": "LineString", "coordinates": [[-75.52233, 5.94214], [-75.51522, 5.93647], [-75.51676, 5.93521], [-75.51626, 5.92983], [-75.51925, 5.9276], [-75.51913, 5.92373], [-75.52047, 5.92269], [-75.51289, 5.91397], [-75.51291, 5.91042], [-75.51129, 5.90855], [-75.51212, 5.9045], [-75.51582, 5.90009], [-75.50801, 5.89828], [-75.50648, 5.89677], [-75.50722, 5.89312], [-75.50568, 5.89685], [-75.50403, 5.89731], [-75.50752, 5.88864], [-75.50634, 5.88798], [-75.50497, 5.8917], [-75.50434, 5.88443], [-75.50612, 5.88449], [-75.50359, 5.8829], [-75.50332, 5.88442], [-75.50153, 5.88081], [-75.5028, 5.87995], [-75.49957, 5.87966], [-75.5029, 5.87848], [-75.50547, 5.8813], [-75.50982, 5.88046], [-75.51131, 5.88236], [-75.51033, 5.87922], [-75.50677, 5.87899], [-75.50721, 5.87245], [-75.50579, 5.87082], [-75.50793, 5.87118], [-75.50627, 5.86818], [-75.50383, 5.87081], [-75.5064, 5.86694], [-75.51166, 5.86947], [-75.51161, 5.872], [-75.51302, 5.86905], [-75.51184, 5.86817], [-75.51329, 5.86864], [-75.5106, 5.8648], [-75.51675, 5.86736]]}}, {"type": "Feature", "properties": {"codigo": "25AN05", "nombre": "Caldas - Angelópolis", "inicio": "Caldas", "fin": "Angelópolis", "longitud_km": 14.2, "ancho_m": 6.0, "is_prioritized": false, "circuit_id": null, "circuit_name": null, "subregion": null, "km_intervenir": 0}, "geometry": {"type": "LineString", "coordinates": [[-75.64225, 6.08726], [-75.64537, 6.0831], [-75.64681, 6.0828], [-75.6467, 6.08439], [-75.64861, 6.08263], [-75.65063, 6.08317], [-75.65226, 6.079], [-75.65512, 6.08237], [-75.65683, 6.08072], [-75.65988, 6.08122], [-75.66047, 6.07798], [-75.66251, 6.08048], [-75.6696, 6.0838], [-75.67369, 6.08869], [-75.67871, 6.09939], [-75.68089, 6.09905], [-75.68128, 6.10262], [-75.68365, 6.10297], [-75.68428, 6.10635], [-75.68629, 6.10677], [-75.68549, 6.10949], [-75.68848, 6.10783], [-75.69106, 6.11147], [-75.69199, 6.10915], [-75.69465, 6.11406], [-75.69604, 6.11078], [-75.69903, 6.11434], [-75.70017, 6.11328], [-75.70355, 6.11444], [-75.70694, 6.11129]]}}, {"type": "Feature", "properties": {"codigo": "25AN06", "nombre": "Variante Don Matías (Ruta 25) - Río Chico - Entrerríos", "inicio": "Variante Don Matías (Ruta 25)", "fin": "Entrerríos.", "longitud_km": 24.9, "ancho_m": 6.954706, "is_prioritized": false, "circuit_id": null, "circuit_name": null, "subregion": null, "km_intervenir": 0}, "geometry": {"type": "LineString", "coordinates": [[-75.39243, 6.49528], [-75.39395, 6.49554], [-75.39529, 6.49292], [-75.39501, 6.48892], [-75.39848, 6.49105], [-75.4034, 6.48965], [-75.40847, 6.49237], [-75.40835, 6.48984], [-75.41045, 6.48901], [-75.41311, 6.4925], [-75.41543, 6.49131], [-75.41744, 6.49534], [-75.4201, 6.49355], [-75.4257, 6.49742], [-75.42915, 6.49586], [-75.43237, 6.49788], [-75.43846, 6.49783], [-75.43971, 6.4996], [-75.44444, 6.49834], [-75.44553, 6.50074], [-75.44364, 6.50168], [-75.44185, 6.50638], [-75.44296, 6.51087], [-75.44078, 6.51073], [-75.43673, 6.51594], [-75.43858, 6.52266], [-75.44297, 6.5223], [-75.44565, 6.52652], [-75.44842, 6.52693], [-75.44917, 6.53001], [-75.4573, 6.53427], [-75.45931, 6.53634], [-75.45777, 6.53813], [-75.46127, 6.54419], [-75.46681, 6.542], [-75.4695, 6.54391], [-75.47392, 6.54182], [-75.47724, 6.54373], [-75.48546, 6.54457], [-75.48868, 6.54667], [-75.48889, 6.54943], [-75.49875, 6.5535], [-75.50105, 6.55744], [-75.50485, 6.55577], [-75.50837, 6.55659], [-75.51201, 6.55936], [-75.51102, 6.56132], [-75.51287, 6.56459]]}}, {"type": "Feature", "properties": {"codigo": "25AN07", "nombre": "La Cabaña (Ruta 25) - Puente Gavino.", "inicio": "La Cabaña (Ruta 25)", "fin": "Puente Gavino.", "longitud_km": 37.5, "ancho_m": 5.0, "is_prioritized": true, "circuit_id": 8, "circuit_name": "Carolina del Príncipe - Angostura", "subregion": "Norte", "km_intervenir": 13.62}, "geometry": {"type": "LineString", "coordinates": [[-75.40484, 6.58405], [-75.40333, 6.58253], [-75.4, 6.58394], [-75.39875, 6.58202], [-75.39613, 6.58413], [-75.3925, 6.58419], [-75.39167, 6.58673], [-75.38484, 6.58584], [-75.37865, 6.58942], [-75.37048, 6.5895], [-75.36896, 6.59204], [-75.36075, 6.58861], [-75.35938, 6.58557], [-75.35629, 6.58599], [-75.35152, 6.5809], [-75.3494, 6.57582], [-75.35079, 6.57492], [-75.34952, 6.5741], [-75.35039, 6.57138], [-75.34484, 6.57073], [-75.34219, 6.56585], [-75.34117, 6.56744], [-75.3374, 6.5666], [-75.3389, 6.56838], [-75.33337, 6.56575], [-75.32958, 6.5675], [-75.32128, 6.5678], [-75.32009, 6.56455], [-75.31684, 6.56599], [-75.31119, 6.56522], [-75.30799, 6.56671], [-75.30908, 6.56889], [-75.30753, 6.5675], [-75.30259, 6.56838], [-75.30074, 6.57063], [-75.30095, 6.5727], [-75.30601, 6.57065], [-75.30649, 6.57468], [-75.31092, 6.57726], [-75.30851, 6.57959], [-75.30439, 6.57833], [-75.30453, 6.57982], [-75.29968, 6.58014], [-75.29865, 6.58179], [-75.29702, 6.57878], [-75.293, 6.57985], [-75.2918, 6.57852], [-75.2918, 6.58005], [-75.28923, 6.5804], [-75.28855, 6.57564], [-75.28728, 6.57519], [-75.28789, 6.57694], [-75.28467, 6.57465], [-75.28525, 6.57216], [-75.28368, 6.57124], [-75.28127, 6.57191], [-75.28155, 6.57345], [-75.27819, 6.5717], [-75.26905, 6.57538], [-75.26653, 6.57392], [-75.26328, 6.57626], [-75.25933, 6.57552], [-75.25572, 6.57769], [-75.2481, 6.57696], [-75.24305, 6.57267], [-75.23635, 6.56949], [-75.23266, 6.56958], [-75.2313, 6.56735], [-75.22725, 6.56632], [-75.22274, 6.56106], [-75.21741, 6.56093], [-75.21439, 6.55755], [-75.21026, 6.55692], [-75.20815, 6.55833], [-75.20832, 6.56095], [-75.206, 6.55975]]}}, {"type": "Feature", "properties": {"codigo": "25AN09", "nombre": "El Roble (Ruta 25) - La Ye (Partidas Angostura) - La Herradura", "inicio": "El Roble (Ruta 25)", "fin": "La Herradura", "longitud_km": 38.8, "ancho_m": 6.199884, "is_prioritized": false, "circuit_id": null, "circuit_name": null, "subregion": null, "km_intervenir": 0}, "geometry": {"type": "LineString", "coordinates": [[-75.46535, 6.69524], [-75.4589, 6.69882], [-75.45713, 6.69671], [-75.45271, 6.69886], [-75.44658, 6.69972], [-75.4444, 6.69811], [-75.44332, 6.69992], [-75.44056, 6.69909], [-75.43768, 6.70058], [-75.43547, 6.70635], [-75.43195, 6.70854], [-75.4273, 6.72105], [-75.42977, 6.72537], [-75.43018, 6.7312], [-75.42793, 6.73605], [-75.40788, 6.74845], [-75.40728, 6.75121], [-75.40873, 6.75304], [-75.40753, 6.75305], [-75.4073, 6.75624], [-75.40431, 6.75805], [-75.40432, 6.76032], [-75.40077, 6.76033], [-75.39906, 6.7626], [-75.39375, 6.76451], [-75.38302, 6.76344], [-75.37966, 6.76518], [-75.37801, 6.76848], [-75.37337, 6.76984], [-75.37136, 6.77258], [-75.37204, 6.77384], [-75.36854, 6.77591], [-75.36876, 6.7782], [-75.36672, 6.77662], [-75.36418, 6.77739], [-75.36392, 6.77918], [-75.3558, 6.78032], [-75.35524, 6.78435], [-75.35263, 6.78596], [-75.35072, 6.78566], [-75.34848, 6.7819], [-75.34624, 6.78455], [-75.34387, 6.78323], [-75.3424, 6.78532], [-75.34135, 6.78446], [-75.33688, 6.78618], [-75.33552, 6.78483], [-75.33248, 6.78518], [-75.32874, 6.77952], [-75.3243, 6.78226], [-75.32419, 6.7794], [-75.32242, 6.77952], [-75.32137, 6.78122], [-75.31914, 6.78118], [-75.31974, 6.78393], [-75.31844, 6.78584], [-75.31392, 6.78533], [-75.31119, 6.79534], [-75.31145, 6.80172], [-75.30268, 6.80225], [-75.30212, 6.80557], [-75.30009, 6.8069], [-75.29936, 6.80533], [-75.30098, 6.80204], [-75.29989, 6.80022], [-75.30294, 6.79935], [-75.30213, 6.79432], [-75.2966, 6.78883], [-75.28638, 6.78419]]}}, {"type": "Feature", "properties": {"codigo": "25AN09-1", "nombre": "La Ese - Angostura - La Ye (Partidas Angostura)", "inicio": "La Ese", "fin": "La Ye (Partidas Angostura)", "longitud_km": 32.4, "ancho_m": 6.25, "is_prioritized": false, "circuit_id": null, "circuit_name": null, "subregion": null, "km_intervenir": 0}, "geometry": {"type": "LineString", "coordinates": [[-75.38871, 6.95018], [-75.38376, 6.94726], [-75.38242, 6.93954], [-75.36998, 6.94028], [-75.3672, 6.93829], [-75.36889, 6.93662], [-75.36843, 6.93485], [-75.36257, 6.92965], [-75.35782, 6.9184], [-75.35591, 6.9171], [-75.3555, 6.91897], [-75.35382, 6.91911], [-75.35331, 6.91462], [-75.35125, 6.91346], [-75.34824, 6.90718], [-75.34815, 6.9018], [-75.34515, 6.89335], [-75.34324, 6.89296], [-75.34447, 6.89071], [-75.33979, 6.89008], [-75.33142, 6.89487], [-75.33445, 6.89136], [-75.33568, 6.88348], [-75.33528, 6.88101], [-75.33114, 6.8809], [-75.33318, 6.87632], [-75.33245, 6.87367], [-75.33547, 6.86891], [-75.33565, 6.8619], [-75.33873, 6.86129], [-75.33859, 6.86008], [-75.33493, 6.85824], [-75.33263, 6.85992], [-75.32965, 6.85667], [-75.32899, 6.85189], [-75.32522, 6.85184], [-75.32523, 6.84871], [-75.3215, 6.84868], [-75.31802, 6.85083], [-75.3215, 6.84566], [-75.322, 6.84092], [-75.31655, 6.83996], [-75.31655, 6.83795], [-75.31281, 6.83605], [-75.31289, 6.83261], [-75.30897, 6.83178], [-75.30657, 6.82797], [-75.30426, 6.82683], [-75.29929, 6.82768], [-75.29991, 6.82313], [-75.29702, 6.82349], [-75.2939, 6.81948], [-75.29561, 6.81544], [-75.29399, 6.81461], [-75.29492, 6.81254], [-75.29372, 6.81171], [-75.29674, 6.80713], [-75.3002, 6.80687]]}}, {"type": "Feature", "properties": {"codigo": "25AN12", "nombre": "Yarumal - La Ese - Campamento", "inicio": "Yarumal", "fin": "Campamento.", "longitud_km": 19.1, "ancho_m": 6.076923, "is_prioritized": false, "circuit_id": null, "circuit_name": null, "subregion": null, "km_intervenir": 0}, "geometry": {"type": "LineString", "coordinates": [[-75.41341, 6.9575], [-75.40736, 6.9557], [-75.40521, 6.95178], [-75.40201, 6.95487], [-75.39684, 6.95117], [-75.39051, 6.95466], [-75.38962, 6.95086], [-75.38584, 6.94957], [-75.38263, 6.95338], [-75.37706, 6.95227], [-75.37396, 6.95394], [-75.37384, 6.9559], [-75.36891, 6.95945], [-75.37035, 6.96445], [-75.36606, 6.96552], [-75.35953, 6.96295], [-75.3582, 6.95995], [-75.35126, 6.96069], [-75.34786, 6.96272], [-75.34555, 6.95974], [-75.34118, 6.96142], [-75.34018, 6.95935], [-75.33721, 6.96052], [-75.3312, 6.9596], [-75.32605, 6.96334], [-75.32247, 6.9638], [-75.31708, 6.96969], [-75.31195, 6.97192], [-75.30765, 6.9782], [-75.29706, 6.97985]]}}, {"type": "Feature", "properties": {"codigo": "25AN12-1", "nombre": "Campamento - Ye de Anorí", "inicio": "Campamento", "fin": "Ye de Anorí", "longitud_km": 37.0, "ancho_m": 3.11726, "is_prioritized": false, "circuit_id": null, "circuit_name": null, "subregion": null, "km_intervenir": 0}, "geometry": {"type": "LineString", "coordinates": [[-75.29706, 6.97985], [-75.2994, 6.98124], [-75.29531, 6.9866], [-75.29726, 6.98721], [-75.29725, 6.9887], [-75.29407, 6.98989], [-75.29214, 6.98717], [-75.28875, 6.98946], [-75.28657, 6.98755], [-75.28498, 6.9886], [-75.2843, 6.99088], [-75.28064, 6.99315], [-75.27919, 7.00177], [-75.27608, 7.00705], [-75.27242, 7.00974], [-75.27026, 7.01608], [-75.26381, 7.01387], [-75.2582, 7.01618], [-75.25001, 7.01528], [-75.24488, 7.01851], [-75.23417, 7.01169], [-75.2307, 7.01736], [-75.22628, 7.01825], [-75.22401, 7.02588], [-75.22154, 7.0284], [-75.22532, 7.03634], [-75.23049, 7.03406], [-75.23455, 7.03418], [-75.22995, 7.03808], [-75.2217, 7.04032], [-75.2193, 7.0431], [-75.21586, 7.03787], [-75.21169, 7.04185], [-75.20195, 7.03945], [-75.19971, 7.04245], [-75.19875, 7.0387], [-75.1955, 7.03736], [-75.19438, 7.0407], [-75.18788, 7.04514], [-75.1867, 7.04963], [-75.1866, 7.04546], [-75.18368, 7.05124], [-75.18347, 7.04614], [-75.18079, 7.05127], [-75.18136, 7.04641], [-75.17578, 7.04837], [-75.17858, 7.049], [-75.17659, 7.05002], [-75.16791, 7.04713], [-75.16891, 7.04871], [-75.16691, 7.04899], [-75.1721, 7.0511], [-75.1687, 7.05802], [-75.16214, 7.05837], [-75.15303, 7.06257]]}}, {"type": "Feature", "properties": {"codigo": "25AN12-1-1", "nombre": "Anorí - El Mango", "inicio": "Anorí", "fin": "El Mango", "longitud_km": 55.5, "ancho_m": 6.378378, "is_prioritized": false, "circuit_id": null, "circuit_name": null, "subregion": null, "km_intervenir": 0}, "geometry": {"type": "MultiLineString", "coordinates": [[[-75.15301, 7.07187], [-75.15088, 7.07023], [-75.15415, 7.06542], [-75.15099, 7.0542], [-75.15463, 7.05138], [-75.15387, 7.04947], [-75.15547, 7.04708], [-75.15233, 7.04291], [-75.15287, 7.0412], [-75.15067, 7.04192], [-75.15124, 7.03859], [-75.15241, 7.03876], [-75.14908, 7.03479], [-75.14978, 7.03249], [-75.14745, 7.03009], [-75.14715, 7.02518], [-75.14334, 7.02233], [-75.14111, 7.02274], [-75.13983, 7.02005], [-75.13823, 7.02137], [-75.13846, 7.01903], [-75.13378, 7.01749], [-75.12825, 7.01078], [-75.12419, 7.01143], [-75.12503, 7.00789], [-75.1228, 7.00762], [-75.12308, 7.00486], [-75.12161, 7.00453], [-75.12384, 7.0035], [-75.12117, 7.00179], [-75.12329, 7.00108], [-75.12184, 6.99837], [-75.11049, 6.98933], [-75.1128, 6.98713], [-75.11022, 6.98638], [-75.11178, 6.98347], [-75.10762, 6.98597], [-75.10636, 6.98522], [-75.10799, 6.98328], [-75.10749, 6.97828], [-75.11128, 6.97669], [-75.11299, 6.97154], [-75.11576, 6.97246], [-75.12098, 6.96928], [-75.12413, 6.96944], [-75.12421, 6.96772], [-75.12861, 6.96988], [-75.13215, 6.96636], [-75.13221, 6.96359], [-75.13488, 6.96786], [-75.13767, 6.96874], [-75.13793, 6.97066], [-75.14168, 6.96926], [-75.14366, 6.95963], [-75.1459, 6.95949], [-75.14713, 6.95458], [-75.14437, 6.95346], [-75.145, 6.95082], [-75.14294, 6.94788], [-75.14542, 6.94669], [-75.14672, 6.94363], [-75.14779, 6.93787], [-75.14674, 6.93533], [-75.14854, 6.92945], [-75.15458, 6.92222], [-75.15805, 6.92216], [-75.16033, 6.92462], [-75.16091, 6.91946], [-75.15961, 6.9178], [-75.16488, 6.91721], [-75.16768, 6.91857], [-75.16756, 6.91636], [-75.17342, 6.91104], [-75.17338, 6.90807], [-75.1763, 6.90834], [-75.17369, 6.90558], [-75.17429, 6.89825], [-75.17667, 6.89654], [-75.17654, 6.89326], [-75.17809, 6.89228], [-75.18064, 6.89411], [-75.18216, 6.88981], [-75.18477, 6.88896], [-75.18315, 6.88643], [-75.18465, 6.88282], [-75.18309, 6.88158], [-75.18367, 6.87815], [-75.18164, 6.87716], [-75.18381, 6.87264], [-75.18128, 6.87144], [-75.1811, 6.86684], [-75.18305, 6.86357], [-75.17765, 6.85632], [-75.17911, 6.85094], [-75.17107, 6.84178], [-75.17134, 6.838], [-75.17292, 6.83702], [-75.17051, 6.82702], [-75.15832, 6.82229], [-75.15797, 6.82099], [-75.16115, 6.81991], [-75.15561, 6.81365], [-75.15047, 6.81562], [-75.14781, 6.81408], [-75.14699, 6.81132], [-75.145, 6.81204], [-75.14289, 6.8106]], [[-75.14289, 6.8106], [-75.14287, 6.81056]], [[-75.14289, 6.8106], [-75.14287, 6.81056]], [[-75.14287, 6.81056], [-75.14284, 6.81051]], [[-75.14287, 6.81056], [-75.14225, 6.81015]]]}}, {"type": "Feature", "properties": {"codigo": "25AN13", "nombre": "San Fermín (Ruta 25) - Briceño", "inicio": "San Fermín (Ruta 25)", "fin": "Briceño", "longitud_km": 28.6, "ancho_m": 6.140351, "is_prioritized": false, "circuit_id": null, "circuit_name": null, "subregion": null, "km_intervenir": 0}, "geometry": {"type": "LineString", "coordinates": [[-75.47135, 7.08621], [-75.4833, 7.08729], [-75.48487, 7.08958], [-75.48838, 7.08741], [-75.48848, 7.08941], [-75.49278, 7.08479], [-75.49227, 7.08788], [-75.49447, 7.08237], [-75.49517, 7.08408], [-75.49612, 7.08344], [-75.495, 7.07967], [-75.49797, 7.0746], [-75.49694, 7.08084], [-75.49964, 7.08354], [-75.49953, 7.08978], [-75.50253, 7.09192], [-75.50208, 7.09463], [-75.50459, 7.09899], [-75.50756, 7.09985], [-75.51227, 7.10567], [-75.51782, 7.10656], [-75.52288, 7.11389], [-75.5188, 7.11804], [-75.51966, 7.12257], [-75.5168, 7.12397], [-75.52046, 7.12463], [-75.52172, 7.12228], [-75.52103, 7.11885], [-75.52747, 7.11698], [-75.52944, 7.10836], [-75.531, 7.11075], [-75.53053, 7.11988], [-75.53249, 7.12267], [-75.53167, 7.11951], [-75.53844, 7.10315], [-75.54561, 7.0986], [-75.54742, 7.09582], [-75.54982, 7.09649], [-75.5479, 7.09643], [-75.54674, 7.10005], [-75.54346, 7.10239], [-75.54303, 7.10665], [-75.54437, 7.1076], [-75.5425, 7.10966], [-75.54414, 7.11629], [-75.54565, 7.11437], [-75.54727, 7.11517]]}}, {"type": "Feature", "properties": {"codigo": "25AN14", "nombre": "Paso por Valdivia", "inicio": "Paso por Valdivia", "fin": "Paso por Valdivia", "longitud_km": 1.8, "ancho_m": 7.0, "is_prioritized": false, "circuit_id": null, "circuit_name": null, "subregion": null, "km_intervenir": 0}, "geometry": {"type": "LineString", "coordinates": [[-75.45265, 7.15184], [-75.44991, 7.15453], [-75.44354, 7.15585], [-75.44296, 7.15856], [-75.44061, 7.16032]]}}, {"type": "Feature", "properties": {"codigo": "25AN15", "nombre": "Paso por Cáceres", "inicio": "Paso por Cáceres", "fin": "Paso por Cáceres", "longitud_km": 3.4, "ancho_m": 6.22, "is_prioritized": false, "circuit_id": null, "circuit_name": null, "subregion": null, "km_intervenir": 0}, "geometry": {"type": "MultiLineString", "coordinates": [[[-75.36042, 7.58939], [-75.3555, 7.58459], [-75.34948, 7.58773]], [[-75.34948, 7.58773], [-75.34813, 7.58259]], [[-75.34948, 7.58773], [-75.34195, 7.59477]]]}}, {"type": "Feature", "properties": {"codigo": "25AN16", "nombre": "Jardín (Ruta 25) - Manizales (Límites con Departamento de Córdoba).", "inicio": "Jardín (Ruta 25)", "fin": "Manizales (Límites con Departamento de Córdoba).", "longitud_km": 20.9, "ancho_m": 5.0, "is_prioritized": false, "circuit_id": null, "circuit_name": null, "subregion": null, "km_intervenir": 0}, "geometry": {"type": "LineString", "coordinates": [[-75.255, 7.75482], [-75.26467, 7.76786], [-75.2773, 7.77553], [-75.28938, 7.77799], [-75.3035, 7.77508], [-75.31252, 7.77715], [-75.31769, 7.77664], [-75.33271, 7.78464], [-75.33648, 7.78364], [-75.34767, 7.78931], [-75.35925, 7.79145], [-75.36118, 7.79515], [-75.36665, 7.79299], [-75.37104, 7.79443], [-75.39356, 7.82417], [-75.41539, 7.8366], [-75.4169, 7.83537]]}}, {"type": "Feature", "properties": {"codigo": "25AN17-1", "nombre": "Partidas de Zaragoza - El Bagre", "inicio": "Partidas de Zaragoza", "fin": "El Bagre", "longitud_km": 18.5, "ancho_m": 4.717778, "is_prioritized": false, "circuit_id": null, "circuit_name": null, "subregion": null, "km_intervenir": 0}, "geometry": {"type": "LineString", "coordinates": [[-74.84492, 7.49067], [-74.83849, 7.48755], [-74.83781, 7.48964], [-74.83085, 7.49244], [-74.82718, 7.49285], [-74.82674, 7.49018], [-74.82229, 7.49196], [-74.81959, 7.5029], [-74.81704, 7.50434], [-74.81778, 7.50902], [-74.81629, 7.50956], [-74.81556, 7.51464], [-74.81383, 7.51553], [-74.81562, 7.52208], [-74.81368, 7.5232], [-74.81205, 7.52993], [-74.81598, 7.53298], [-74.81234, 7.53845], [-74.81375, 7.54807], [-74.80929, 7.55336], [-74.80773, 7.55847], [-74.80944, 7.5621], [-74.80713, 7.56394], [-74.80557, 7.56164], [-74.80193, 7.56301], [-74.79706, 7.57214], [-74.80044, 7.57648], [-74.79893, 7.57982], [-74.79939, 7.58654], [-74.80153, 7.59039]]}}, {"type": "Feature", "properties": {"codigo": "25AN17-2", "nombre": "Zaragoza (incluye variante Segovia) - La Cruzada - Belén - Remedios", "inicio": "Zaragoza (incluye variante Segovia)", "fin": "Remedios", "longitud_km": 69.9, "ancho_m": 6.0, "is_prioritized": false, "circuit_id": null, "circuit_name": null, "subregion": null, "km_intervenir": 0}, "geometry": {"type": "LineString", "coordinates": [[-74.87202, 7.48701], [-74.87257, 7.48121], [-74.86978, 7.47544], [-74.86694, 7.4741], [-74.86886, 7.46739], [-74.86607, 7.46408], [-74.86672, 7.46172], [-74.85983, 7.44117], [-74.85888, 7.43515], [-74.86039, 7.42835], [-74.85568, 7.42058], [-74.8536, 7.4094], [-74.85566, 7.40461], [-74.85361, 7.38535], [-74.85491, 7.38042], [-74.85145, 7.37924], [-74.85259, 7.37392], [-74.85004, 7.37241], [-74.84943, 7.36863], [-74.85218, 7.36824], [-74.85209, 7.36333], [-74.84935, 7.36025], [-74.84885, 7.35666], [-74.84571, 7.357], [-74.84508, 7.34712], [-74.84226, 7.34316], [-74.84317, 7.33657], [-74.84551, 7.33485], [-74.84523, 7.3252], [-74.84351, 7.323], [-74.84016, 7.32313], [-74.83871, 7.32012], [-74.8395, 7.3166], [-74.83165, 7.30919], [-74.83403, 7.3048], [-74.83108, 7.30346], [-74.83067, 7.28298], [-74.83277, 7.27753], [-74.83025, 7.2657], [-74.82442, 7.26022], [-74.82051, 7.25228], [-74.81727, 7.25023], [-74.81152, 7.23894], [-74.80267, 7.22677], [-74.79921, 7.21556], [-74.79942, 7.21106], [-74.79737, 7.20945], [-74.79279, 7.19282], [-74.79105, 7.17312], [-74.78461, 7.15424], [-74.77772, 7.15064], [-74.77563, 7.1511], [-74.77729, 7.15201], [-74.77378, 7.15173], [-74.77405, 7.14851], [-74.77245, 7.14883], [-74.77037, 7.14667], [-74.76893, 7.14744], [-74.76659, 7.14397], [-74.7616, 7.14435], [-74.76225, 7.14232], [-74.75917, 7.13982], [-74.74879, 7.13591], [-74.74497, 7.12936], [-74.74118, 7.12929], [-74.73344, 7.12341], [-74.73265, 7.12009], [-74.73501, 7.1146], [-74.74345, 7.1128], [-74.74317, 7.11047], [-74.74744, 7.10969], [-74.74721, 7.10573], [-74.74587, 7.10603], [-74.7411, 7.10151], [-74.74056, 7.09698], [-74.73584, 7.09672], [-74.73145, 7.09297], [-74.72746, 7.08083], [-74.72419, 7.07996], [-74.71934, 7.07311], [-74.71904, 7.0687], [-74.71365, 7.06487], [-74.71417, 7.05942], [-74.71116, 7.05583], [-74.71208, 7.0469], [-74.70387, 7.04381], [-74.7018, 7.03152]]}}, {"type": "Feature", "properties": {"codigo": "25AN17-2-1", "nombre": "Belén - El Chispero - La Cruzada", "inicio": "Belén", "fin": "La Cruzada", "longitud_km": 14.6, "ancho_m": 5.0, "is_prioritized": false, "circuit_id": null, "circuit_name": null, "subregion": null, "km_intervenir": 0}, "geometry": {"type": "LineString", "coordinates": [[-74.78322, 7.15317], [-74.77164, 7.13834], [-74.77167, 7.12516], [-74.769, 7.11798], [-74.76893, 7.11309], [-74.7619, 7.10283], [-74.762, 7.09907], [-74.75941, 7.09831], [-74.75708, 7.09442], [-74.75314, 7.09198], [-74.74973, 7.09093], [-74.74883, 7.0925], [-74.7444, 7.0907], [-74.72581, 7.07324], [-74.72128, 7.07151], [-74.72055, 7.06917], [-74.717, 7.06751]]}}, {"type": "Feature", "properties": {"codigo": "25AN17-2-2", "nombre": "La Cruzada - Segovia", "inicio": "La Cruzada", "fin": "Segovia", "longitud_km": 3.0, "ancho_m": 6.333333, "is_prioritized": false, "circuit_id": null, "circuit_name": null, "subregion": null, "km_intervenir": 0}, "geometry": {"type": "LineString", "coordinates": [[-74.71626, 7.06767], [-74.71375, 7.07216], [-74.71204, 7.08087], [-74.70981, 7.08024], [-74.71049, 7.07923], [-74.70396, 7.07836]]}}, {"type": "Feature", "properties": {"codigo": "25AN18", "nombre": "Campo Alegre (Ruta 25 - Caucasia) - Nechí", "inicio": "Campo Alegre (Ruta 25 - Caucasia)", "fin": "Nechí.", "longitud_km": 65.8, "ancho_m": 7.019375, "is_prioritized": false, "circuit_id": null, "circuit_name": null, "subregion": null, "km_intervenir": 0}, "geometry": {"type": "LineString", "coordinates": [[-75.24403, 8.00762], [-75.24181, 8.01301], [-75.24118, 8.02159], [-75.23798, 8.02514], [-75.24062, 8.02906], [-75.23891, 8.04197], [-75.23114, 8.04825], [-75.23194, 8.05143], [-75.22981, 8.05366], [-75.22983, 8.05858], [-75.2271, 8.061], [-75.22656, 8.06499], [-75.22348, 8.0679], [-75.21781, 8.06686], [-75.21041, 8.07265], [-75.20434, 8.0722], [-75.20047, 8.07542], [-75.19571, 8.07669], [-75.19211, 8.07702], [-75.18665, 8.07424], [-75.18345, 8.07578], [-75.16846, 8.07375], [-75.16023, 8.0755], [-75.1468, 8.07157], [-75.14489, 8.07282], [-75.13861, 8.06985], [-75.13413, 8.0705], [-75.1261, 8.06656], [-75.1053, 8.06058], [-75.09189, 8.05954], [-75.08863, 8.05786], [-75.08365, 8.06002], [-75.06444, 8.05864], [-75.04005, 8.05387], [-75.02135, 8.05455], [-75.00301, 8.04653], [-74.99229, 8.04656], [-74.97912, 8.05342], [-74.97477, 8.04943], [-74.97221, 8.05049], [-74.96857, 8.05749], [-74.96857, 8.06483], [-74.9611, 8.07294], [-74.95618, 8.07485], [-74.95137, 8.07989], [-74.94654, 8.07906], [-74.94211, 8.0761], [-74.92368, 8.0724], [-74.91087, 8.08093], [-74.9028, 8.0794], [-74.89723, 8.072], [-74.88393, 8.07275], [-74.87908, 8.06665], [-74.87747, 8.06175], [-74.86756, 8.05845], [-74.84938, 8.06565], [-74.84518, 8.07379], [-74.8406, 8.07583], [-74.8294, 8.07374], [-74.82487, 8.07497], [-74.8008, 8.0664], [-74.78647, 8.07178], [-74.77511, 8.08761]]}}, {"type": "Feature", "properties": {"codigo": "25BAN01", "nombre": "Puente Iglesias (Ruta 25B) - Fredonia", "inicio": "Puente Iglesias (Ruta 25B)", "fin": "Fredonia", "longitud_km": 23.3, "ancho_m": 7.659574, "is_prioritized": false, "circuit_id": null, "circuit_name": null, "subregion": null, "km_intervenir": 0}, "geometry": {"type": "LineString", "coordinates": [[-75.7081, 5.82837], [-75.70752, 5.83457], [-75.70922, 5.83618], [-75.70751, 5.83993], [-75.71069, 5.84458], [-75.71284, 5.84238], [-75.71594, 5.84212], [-75.71512, 5.84855], [-75.71807, 5.85381], [-75.71572, 5.85895], [-75.71243, 5.86117], [-75.70903, 5.86886], [-75.70758, 5.86741], [-75.70524, 5.86837], [-75.7044, 5.87142], [-75.69858, 5.86282], [-75.69419, 5.86338], [-75.69153, 5.86159], [-75.69167, 5.86339], [-75.6887, 5.86032], [-75.68709, 5.86208], [-75.68964, 5.86558], [-75.68798, 5.86611], [-75.68863, 5.86784], [-75.68541, 5.86672], [-75.68468, 5.86877], [-75.68254, 5.86916], [-75.68028, 5.86597], [-75.67864, 5.86785], [-75.67628, 5.86675], [-75.66841, 5.86833], [-75.6675, 5.87098], [-75.66486, 5.87205], [-75.66534, 5.8754], [-75.66255, 5.87933], [-75.66397, 5.88102], [-75.66115, 5.88178], [-75.65969, 5.88578], [-75.65805, 5.88636], [-75.6582, 5.90093], [-75.66449, 5.90676], [-75.66897, 5.92084]]}}, {"type": "Feature", "properties": {"codigo": "25BAN02", "nombre": "Jamaica (Ruta 25B) - Canaán - Jericó", "inicio": "Jamaica (Ruta 25B)", "fin": "Jericó", "longitud_km": 22.6, "ancho_m": 6.913043, "is_prioritized": false, "circuit_id": null, "circuit_name": null, "subregion": null, "km_intervenir": 0}, "geometry": {"type": "LineString", "coordinates": [[-75.76591, 5.87332], [-75.76833, 5.87068], [-75.76746, 5.86866], [-75.77098, 5.85995], [-75.7723, 5.86066], [-75.77368, 5.85791], [-75.77578, 5.86045], [-75.77608, 5.85923], [-75.7779, 5.86078], [-75.78097, 5.859], [-75.78193, 5.86034], [-75.78532, 5.85654], [-75.7841, 5.85471], [-75.78607, 5.85527], [-75.78474, 5.85298], [-75.79041, 5.85], [-75.79065, 5.84462], [-75.79442, 5.84165], [-75.79468, 5.83492], [-75.79298, 5.83161], [-75.79517, 5.83028], [-75.79298, 5.82964], [-75.79526, 5.82744], [-75.79251, 5.82729], [-75.79089, 5.82425], [-75.79503, 5.82494], [-75.79355, 5.8208], [-75.7979, 5.81411], [-75.79507, 5.81174], [-75.79273, 5.81357], [-75.78911, 5.81257], [-75.78808, 5.81593], [-75.78767, 5.81209], [-75.7861, 5.81517], [-75.78464, 5.81375], [-75.78331, 5.81454], [-75.78476, 5.8128], [-75.78587, 5.81348], [-75.78484, 5.81218], [-75.78254, 5.81326], [-75.78217, 5.80917], [-75.77981, 5.80761], [-75.78118, 5.80815], [-75.78005, 5.80653], [-75.78131, 5.80677], [-75.77939, 5.8052], [-75.7726, 5.80717], [-75.77276, 5.80492], [-75.77906, 5.8032], [-75.7807, 5.79813], [-75.77944, 5.79753], [-75.78343, 5.79517], [-75.78527, 5.7957]]}}, {"type": "Feature", "properties": {"codigo": "25BAN02-1", "nombre": "Canaan - Tarso", "inicio": "Canaan", "fin": "Tarso", "longitud_km": 6.4, "ancho_m": 7.307692, "is_prioritized": false, "circuit_id": null, "circuit_name": null, "subregion": null, "km_intervenir": 0}, "geometry": {"type": "LineString", "coordinates": [[-75.78968, 5.85076], [-75.79249, 5.85261], [-75.79088, 5.85785], [-75.79421, 5.85931], [-75.79378, 5.86193], [-75.80302, 5.86534], [-75.80671, 5.86269], [-75.80752, 5.86509], [-75.81104, 5.86693], [-75.81773, 5.8621], [-75.81914, 5.86514], [-75.82102, 5.86435], [-75.82109, 5.8654]]}}, {"type": "Feature", "properties": {"codigo": "25BAN03", "nombre": "Pueblorrico - La Bodega - Peñalisa (Ruta 25B)", "inicio": "Pueblorrico", "fin": "Peñalisa (Ruta 25B)", "longitud_km": 27.0, "ancho_m": 4.415254, "is_prioritized": false, "circuit_id": null, "circuit_name": null, "subregion": null, "km_intervenir": 0}, "geometry": {"type": "MultiLineString", "coordinates": [[[-75.84529, 5.78927], [-75.85048, 5.7859], [-75.84968, 5.78287], [-75.85126, 5.78042], [-75.85931, 5.78414], [-75.85917, 5.78833], [-75.86202, 5.79599], [-75.86578, 5.79307], [-75.86846, 5.8059], [-75.86556, 5.81913], [-75.86228, 5.82415], [-75.86268, 5.82738], [-75.86483, 5.82892], [-75.86064, 5.83517], [-75.85737, 5.83511], [-75.85736, 5.83826], [-75.85388, 5.84228], [-75.85422, 5.85031], [-75.84913, 5.85917], [-75.85424, 5.87451], [-75.8525, 5.8756], [-75.85354, 5.87938], [-75.85137, 5.88221], [-75.85239, 5.88419], [-75.85133, 5.88926], [-75.84776, 5.89713]], [[-75.84776, 5.89713], [-75.84776, 5.89713]], [[-75.84776, 5.89713], [-75.84645, 5.903], [-75.85049, 5.90664], [-75.85095, 5.9097], [-75.85386, 5.90938], [-75.85649, 5.91981], [-75.86042, 5.92044], [-75.85917, 5.92413]], [[-75.85917, 5.92413], [-75.85917, 5.92413]], [[-75.85917, 5.92413], [-75.85938, 5.92747], [-75.86124, 5.92911], [-75.85899, 5.93249]]]}}, {"type": "Feature", "properties": {"codigo": "25BAN03-1", "nombre": "La Bodega - Tarso - Pueblorrico", "inicio": "La Bodega", "fin": "Pueblorrico", "longitud_km": 22.1, "ancho_m": 6.192308, "is_prioritized": false, "circuit_id": null, "circuit_name": null, "subregion": null, "km_intervenir": 0}, "geometry": {"type": "LineString", "coordinates": [[-75.85318, 5.87438], [-75.85292, 5.87274], [-75.85132, 5.87652], [-75.84406, 5.88051], [-75.84273, 5.89033], [-75.83992, 5.89413], [-75.83753, 5.87968], [-75.83273, 5.8775], [-75.8307, 5.87414], [-75.82533, 5.87493], [-75.82525, 5.87221], [-75.82266, 5.87128], [-75.82261, 5.86844], [-75.82051, 5.8675], [-75.82574, 5.85803], [-75.82678, 5.8572], [-75.82719, 5.85914], [-75.83145, 5.85675], [-75.83163, 5.85149], [-75.8358, 5.8511], [-75.83676, 5.85305], [-75.83887, 5.85106], [-75.83662, 5.84554], [-75.83077, 5.84135], [-75.8325, 5.83635], [-75.83491, 5.83543], [-75.83395, 5.83021], [-75.83027, 5.82861], [-75.83174, 5.82606], [-75.82958, 5.82576], [-75.8331, 5.82358], [-75.83378, 5.821], [-75.8326, 5.80902], [-75.83478, 5.80794], [-75.83177, 5.8057], [-75.8326, 5.80237], [-75.83619, 5.80138], [-75.83885, 5.79607], [-75.83838, 5.79375]]}}, {"type": "Feature", "properties": {"codigo": "25BAN03-2", "nombre": "Pueblorrico - Jericó", "inicio": "Pueblorrico", "fin": "Jericó", "longitud_km": 11.0, "ancho_m": 4.740702, "is_prioritized": false, "circuit_id": null, "circuit_name": null, "subregion": null, "km_intervenir": 0}, "geometry": {"type": "LineString", "coordinates": [[-75.83777, 5.79142], [-75.82547, 5.8028], [-75.82404, 5.8009], [-75.82538, 5.79769], [-75.82425, 5.79472], [-75.82255, 5.79678], [-75.81833, 5.79459], [-75.8172, 5.79675], [-75.81235, 5.79725], [-75.81386, 5.79223], [-75.81214, 5.78815], [-75.80308, 5.79114], [-75.79677, 5.78691], [-75.79386, 5.78901], [-75.79219, 5.78823], [-75.79107, 5.79144], [-75.78922, 5.79196]]}}, {"type": "Feature", "properties": {"codigo": "25BAN04-1", "nombre": "Altamira - Betulia", "inicio": "Altamira", "fin": "Betulia", "longitud_km": 33.3, "ancho_m": 5.62196, "is_prioritized": false, "circuit_id": null, "circuit_name": null, "subregion": null, "km_intervenir": 0}, "geometry": {"type": "LineString", "coordinates": [[-75.95342, 6.22048], [-75.95484, 6.21702], [-75.95719, 6.21717], [-75.95739, 6.21368], [-75.96146, 6.21484], [-75.96663, 6.21328], [-75.96697, 6.21836], [-75.96559, 6.22029], [-75.96846, 6.22075], [-75.97132, 6.21715], [-75.97424, 6.22104], [-75.97325, 6.22394], [-75.97593, 6.22011], [-75.9745, 6.2148], [-75.97535, 6.20978], [-75.97356, 6.2073], [-75.97788, 6.20579], [-75.98136, 6.20651], [-75.97854, 6.20468], [-75.97984, 6.20212], [-75.9762, 6.2047], [-75.97215, 6.19939], [-75.97735, 6.19545], [-75.96874, 6.19749], [-75.96745, 6.19559], [-75.9703, 6.19254], [-75.96439, 6.19479], [-75.96481, 6.19213], [-75.96291, 6.19138], [-75.96163, 6.19367], [-75.95443, 6.18986], [-75.94972, 6.19096], [-75.94951, 6.18635], [-75.94717, 6.18594], [-75.94303, 6.17876], [-75.94582, 6.18016], [-75.94622, 6.17865], [-75.94966, 6.17702], [-75.95238, 6.17756], [-75.95537, 6.17343], [-75.95695, 6.17374], [-75.95096, 6.16685], [-75.94881, 6.16686], [-75.95128, 6.16445], [-75.9508, 6.16228], [-75.95973, 6.1528], [-75.9684, 6.15116], [-75.977, 6.14494], [-75.97808, 6.14016], [-75.98024, 6.14022], [-75.97903, 6.13958], [-75.98014, 6.13701], [-75.98199, 6.13663], [-75.98001, 6.1327], [-75.982, 6.13226], [-75.98212, 6.12979], [-75.98011, 6.12537], [-75.98406, 6.11872]]}}, {"type": "Feature", "properties": {"codigo": "25BAN04-1-1", "nombre": "Betulia - Urrao", "inicio": "Betulia", "fin": "Urrao", "longitud_km": 36.6, "ancho_m": 6.089189, "is_prioritized": false, "circuit_id": null, "circuit_name": null, "subregion": null, "km_intervenir": 0}, "geometry": {"type": "LineString", "coordinates": [[-75.98628, 6.11546], [-75.98537, 6.11692], [-75.9878, 6.11834], [-75.98686, 6.12096], [-75.99171, 6.11908], [-75.99654, 6.12039], [-75.99313, 6.12348], [-75.99756, 6.12558], [-75.99634, 6.1289], [-76.00134, 6.13081], [-76.00121, 6.13478], [-76.00289, 6.13449], [-76.00453, 6.12998], [-76.00793, 6.12701], [-76.01135, 6.12705], [-76.01657, 6.13564], [-76.01952, 6.13299], [-76.0197, 6.13523], [-76.02356, 6.13785], [-76.02453, 6.13652], [-76.02718, 6.13929], [-76.02987, 6.13948], [-76.02987, 6.13768], [-76.03732, 6.13041], [-76.04906, 6.14626], [-76.05461, 6.1494], [-76.05614, 6.14858], [-76.06173, 6.15445], [-76.05955, 6.15699], [-76.06163, 6.16018], [-76.06061, 6.16189], [-76.06319, 6.16225], [-76.06278, 6.16924], [-76.06527, 6.1688], [-76.06805, 6.17153], [-76.07066, 6.17092], [-76.07519, 6.17308], [-76.09075, 6.18806], [-76.09499, 6.19102], [-76.09658, 6.18977], [-76.09972, 6.19116], [-76.11768, 6.22287], [-76.12131, 6.24343], [-76.12905, 6.25872], [-76.1304, 6.26835], [-76.12941, 6.28464], [-76.13166, 6.28984], [-76.1305, 6.29269], [-76.1316, 6.29845]]}}, {"type": "Feature", "properties": {"codigo": "25BAN04-2", "nombre": "Altamira - San José", "inicio": "Altamira", "fin": "San José", "longitud_km": 30.1, "ancho_m": 3.0, "is_prioritized": false, "circuit_id": null, "circuit_name": null, "subregion": null, "km_intervenir": 0}, "geometry": {"type": "LineString", "coordinates": [[-75.95342, 6.22048], [-75.95248, 6.22262], [-75.95496, 6.22204], [-75.95901, 6.22473], [-75.95874, 6.22589], [-75.96162, 6.22664], [-75.96169, 6.22842], [-75.96549, 6.23064], [-75.96958, 6.2373], [-75.97965, 6.23828], [-75.98139, 6.24937], [-75.98834, 6.25526], [-75.98751, 6.25797], [-75.99146, 6.25805], [-75.99838, 6.26504], [-75.9974, 6.27646], [-76.005, 6.28218], [-76.01185, 6.27586], [-76.01587, 6.27676], [-76.01873, 6.28588], [-76.02222, 6.28663], [-76.03343, 6.29442], [-76.03771, 6.29404], [-76.04354, 6.29609], [-76.05179, 6.29223], [-76.05772, 6.29336], [-76.06283, 6.29157], [-76.06603, 6.29218], [-76.07352, 6.28743], [-76.07766, 6.28963], [-76.07934, 6.28651], [-76.08427, 6.28326], [-76.0918, 6.28044], [-76.09545, 6.28061], [-76.09803, 6.27657], [-76.10358, 6.27603], [-76.10478, 6.27241], [-76.10981, 6.26831], [-76.11322, 6.26276], [-76.11338, 6.25967], [-76.124, 6.25336], [-76.1266, 6.25327]]}}, {"type": "Feature", "properties": {"codigo": "25BAN05", "nombre": "Ramal a Anzá", "inicio": "Ramal a Anzá", "fin": "Ramal a Anzá", "longitud_km": 1.7, "ancho_m": 6.0, "is_prioritized": false, "circuit_id": null, "circuit_name": null, "subregion": null, "km_intervenir": 0}, "geometry": {"type": "LineString", "coordinates": [[-75.84813, 6.30912], [-75.85134, 6.30585], [-75.84972, 6.30624], [-75.84953, 6.3043], [-75.85034, 6.30518], [-75.85183, 6.30329]]}}, {"type": "Feature", "properties": {"codigo": "25BAN06", "nombre": "La Usa (Río Cauca) - Caicedo", "inicio": "La Usa (Río Cauca)", "fin": "Caicedo", "longitud_km": 37.7, "ancho_m": 5.0, "is_prioritized": false, "circuit_id": null, "circuit_name": null, "subregion": null, "km_intervenir": 0}, "geometry": {"type": "LineString", "coordinates": [[-75.82565, 6.4604], [-75.82793, 6.45983], [-75.82678, 6.46136], [-75.82784, 6.46268], [-75.83172, 6.45802], [-75.83172, 6.46166], [-75.83765, 6.46028], [-75.84445, 6.45442], [-75.84415, 6.44884], [-75.84849, 6.44706], [-75.84676, 6.44547], [-75.849, 6.44456], [-75.84929, 6.44133], [-75.85361, 6.43844], [-75.85542, 6.44203], [-75.85665, 6.43798], [-75.86063, 6.43414], [-75.86727, 6.43421], [-75.86888, 6.43205], [-75.8654, 6.43334], [-75.8709, 6.42876], [-75.87328, 6.43052], [-75.87981, 6.43143], [-75.88832, 6.43005], [-75.88793, 6.43277], [-75.89001, 6.43575], [-75.89849, 6.42754], [-75.89927, 6.42635], [-75.89802, 6.42542], [-75.90128, 6.42518], [-75.90303, 6.42152], [-75.90473, 6.4231], [-75.90526, 6.43018], [-75.90754, 6.43402], [-75.90974, 6.42823], [-75.91229, 6.42659], [-75.91419, 6.42808], [-75.91409, 6.42461], [-75.91747, 6.42301], [-75.91704, 6.42649], [-75.91847, 6.42829], [-75.91987, 6.42881], [-75.92027, 6.4271], [-75.92254, 6.42809], [-75.92379, 6.42643], [-75.9272, 6.43063], [-75.92903, 6.42974], [-75.93119, 6.42459], [-75.93315, 6.42521], [-75.93268, 6.42191], [-75.93435, 6.42119], [-75.93257, 6.42037], [-75.93082, 6.4159], [-75.93403, 6.41301], [-75.93478, 6.41423], [-75.93863, 6.41375], [-75.93673, 6.41082], [-75.9382, 6.40695], [-75.94553, 6.40649], [-75.94793, 6.40826], [-75.94879, 6.40693], [-75.95188, 6.41185], [-75.95618, 6.41242], [-75.95921, 6.41072], [-75.96113, 6.41174], [-75.96076, 6.41454], [-75.96354, 6.41313], [-75.96827, 6.41629], [-75.969, 6.41889], [-75.97048, 6.40796], [-75.97424, 6.40751], [-75.97861, 6.41047], [-75.97876, 6.40823], [-75.98153, 6.40662]]}}, {"type": "Feature", "properties": {"codigo": "25BAN06-1", "nombre": "Caicedo - Urrao", "inicio": "Caicedo", "fin": "Urrao", "longitud_km": 31.9, "ancho_m": 3.539514, "is_prioritized": false, "circuit_id": null, "circuit_name": null, "subregion": null, "km_intervenir": 0}, "geometry": {"type": "LineString", "coordinates": [[-75.98471, 6.40766], [-75.98842, 6.41116], [-75.99544, 6.41407], [-76.00329, 6.42124], [-76.00491, 6.42072], [-76.00437, 6.42209], [-76.00806, 6.42037], [-76.00696, 6.42204], [-76.01061, 6.42328], [-76.00936, 6.42152], [-76.01072, 6.42101], [-76.01759, 6.42352], [-76.02078, 6.42243], [-76.01851, 6.42426], [-76.01899, 6.42639], [-76.01709, 6.42866], [-76.01505, 6.42583], [-76.01683, 6.43025], [-76.02107, 6.42885], [-76.02132, 6.42706], [-76.02795, 6.42823], [-76.03084, 6.42727], [-76.03221, 6.42562], [-76.02955, 6.4242], [-76.03408, 6.42055], [-76.03627, 6.42113], [-76.03606, 6.41915], [-76.03868, 6.41895], [-76.03985, 6.41473], [-76.04317, 6.41484], [-76.0443, 6.4179], [-76.04526, 6.4107], [-76.04795, 6.40704], [-76.04634, 6.40473], [-76.04797, 6.39944], [-76.0532, 6.39982], [-76.05196, 6.39806], [-76.05481, 6.39297], [-76.06693, 6.38504], [-76.07541, 6.38289], [-76.07399, 6.37597], [-76.08213, 6.36627], [-76.08374, 6.36193], [-76.08691, 6.36122], [-76.09065, 6.35121], [-76.09148, 6.34219], [-76.11672, 6.333], [-76.12082, 6.33391], [-76.13441, 6.32731]]}}, {"type": "Feature", "properties": {"codigo": "62AN08", "nombre": "El Boton - Frontino", "inicio": "El Boton", "fin": "Frontino", "longitud_km": 47.56, "ancho_m": 7.0, "is_prioritized": false, "circuit_id": null, "circuit_name": null, "subregion": null, "km_intervenir": 0}, "geometry": {"type": "MultiLineString", "coordinates": [[[-76.25206, 6.91859], [-76.25179, 6.9158], [-76.24997, 6.91509], [-76.25092, 6.91136], [-76.24866, 6.90896], [-76.25285, 6.90649], [-76.25562, 6.90736], [-76.25338, 6.90394], [-76.25676, 6.9022], [-76.25469, 6.89606], [-76.25915, 6.89498], [-76.2546, 6.89052], [-76.25969, 6.8859], [-76.25335, 6.88594], [-76.25176, 6.88206], [-76.25451, 6.87845], [-76.24844, 6.87796], [-76.24896, 6.87439], [-76.24703, 6.87258], [-76.24791, 6.86427], [-76.25074, 6.85964], [-76.24362, 6.85455], [-76.2427, 6.86292], [-76.24002, 6.8634], [-76.23822, 6.86132], [-76.23617, 6.85412], [-76.23663, 6.84936], [-76.23865, 6.84766], [-76.23434, 6.84495], [-76.23559, 6.84252], [-76.23739, 6.8423], [-76.23728, 6.83829], [-76.23379, 6.83726], [-76.23076, 6.82589], [-76.2295, 6.8247], [-76.22627, 6.827], [-76.2252, 6.8261], [-76.22396, 6.82046], [-76.22155, 6.82032], [-76.22016, 6.81515], [-76.21249, 6.81557], [-76.20965, 6.81406], [-76.21134, 6.80591], [-76.20763, 6.80028], [-76.20733, 6.79511], [-76.21025, 6.79344], [-76.20806, 6.78321], [-76.20449, 6.77754], [-76.19833, 6.77402], [-76.19898, 6.76964], [-76.19247, 6.76567]], [[-76.19247, 6.76567], [-76.18716, 6.75801], [-76.18755, 6.75405], [-76.18403, 6.75155], [-76.18016, 6.75145], [-76.1796, 6.74674], [-76.17588, 6.7395], [-76.17434, 6.74185], [-76.17619, 6.74504], [-76.17331, 6.74522], [-76.17442, 6.74914], [-76.17209, 6.75147], [-76.17094, 6.749], [-76.16813, 6.74831], [-76.16401, 6.75027], [-76.15564, 6.75005], [-76.15448, 6.74714], [-76.15099, 6.75071], [-76.14659, 6.74117], [-76.14465, 6.75535], [-76.1345, 6.76527]]]}}, {"type": "Feature", "properties": {"codigo": "62AN09", "nombre": "Uramita - Peque", "inicio": "Uramita", "fin": "Peque", "longitud_km": 62.86, "ancho_m": 5.0, "is_prioritized": false, "circuit_id": null, "circuit_name": null, "subregion": null, "km_intervenir": 0}, "geometry": {"type": "LineString", "coordinates": [[-76.1704, 6.90231], [-76.15624, 6.90254], [-76.14174, 6.90867], [-76.13244, 6.91512], [-76.12801, 6.91519], [-76.11999, 6.91205], [-76.1091, 6.9033], [-76.10414, 6.90439], [-76.10309, 6.90261], [-76.09886, 6.90241], [-76.09799, 6.9006], [-76.0945, 6.89959], [-76.08432, 6.89948], [-76.07182, 6.9075], [-76.06631, 6.90803], [-76.06214, 6.90484], [-76.06233, 6.90749], [-76.05531, 6.90857], [-76.0437, 6.91966], [-76.03053, 6.92089], [-76.03085, 6.92367], [-76.02837, 6.92414], [-76.0277, 6.92616], [-76.01596, 6.93008], [-76.01223, 6.93433], [-76.00513, 6.93435], [-76.00117, 6.93212], [-76.00369, 6.93519], [-76.00919, 6.9368], [-76.00931, 6.93862], [-76.01333, 6.93882], [-76.0094, 6.93949], [-76.00646, 6.93709], [-76.00245, 6.93921], [-75.99951, 6.93609], [-75.99277, 6.94375], [-75.9889, 6.94163], [-75.98664, 6.9435], [-75.98817, 6.94791], [-75.98739, 6.94921], [-75.98529, 6.94673], [-75.98683, 6.94828], [-75.98658, 6.95166], [-75.98835, 6.95133], [-75.99019, 6.94583], [-75.99377, 6.94812], [-75.99685, 6.94532], [-75.99998, 6.94621], [-75.99709, 6.9462], [-75.99549, 6.94856], [-75.99221, 6.94948], [-75.99105, 6.95354], [-75.99192, 6.96229], [-75.98951, 6.95931], [-75.98722, 6.9653], [-75.98818, 6.96793], [-75.98263, 6.97001], [-75.98073, 6.97514], [-75.97595, 6.9766], [-75.9738, 6.98491], [-75.96996, 6.98341], [-75.97148, 6.98649], [-75.97072, 6.98825], [-75.97493, 6.99075], [-75.97572, 6.99347], [-75.97468, 6.99723], [-75.97245, 6.99481], [-75.96961, 6.99562], [-75.96952, 6.99935], [-75.96802, 7.00054], [-75.96897, 7.00142], [-75.96418, 7.00524], [-75.96695, 7.00822], [-75.9653, 7.00975], [-75.96598, 7.01208], [-75.96153, 7.01231], [-75.95609, 7.00943], [-75.95067, 7.01302], [-75.94291, 7.01414], [-75.94058, 7.01592], [-75.94289, 7.01498], [-75.9486, 7.01983], [-75.94216, 7.01837], [-75.94595, 7.01934], [-75.94886, 7.02249], [-75.94908, 7.02968], [-75.95091, 7.0326], [-75.9483, 7.03127], [-75.94471, 7.02402], [-75.93722, 7.02543], [-75.93514, 7.02819], [-75.93434, 7.02594], [-75.93155, 7.02585], [-75.93042, 7.02937], [-75.92513, 7.02777], [-75.92027, 7.02879], [-75.91839, 7.02623], [-75.91683, 7.02763], [-75.91825, 7.02309], [-75.91296, 7.02573], [-75.90965, 7.02348]]}}, {"type": "Feature", "properties": {"codigo": "62AN10", "nombre": "Chorodó (Ruta 62) - Frontino", "inicio": "Chorodó (Ruta 62)", "fin": "Frontino", "longitud_km": 10.1, "ancho_m": 7.0, "is_prioritized": true, "circuit_id": 14, "circuit_name": "Frontino - Nutibara", "subregion": "Occidente", "km_intervenir": 25.0}, "geometry": {"type": "LineString", "coordinates": [[-76.11979, 6.83844], [-76.12159, 6.83825], [-76.1228, 6.8419], [-76.12638, 6.84338], [-76.12627, 6.83876], [-76.12357, 6.83563], [-76.12412, 6.83212], [-76.12138, 6.82448], [-76.11905, 6.82384], [-76.1172, 6.82163], [-76.11781, 6.81987], [-76.11636, 6.81957], [-76.1185, 6.81854], [-76.11943, 6.82135], [-76.12354, 6.82091], [-76.12592, 6.81612], [-76.12707, 6.81764], [-76.1283, 6.81702], [-76.12971, 6.81192], [-76.12839, 6.81088], [-76.13234, 6.80726], [-76.12843, 6.79329]]}}, {"type": "Feature", "properties": {"codigo": "62AN10-1", "nombre": "Frontino - La Balsa", "inicio": "Frontino", "fin": "La Balsa", "longitud_km": 0, "ancho_m": 4.334, "is_prioritized": false, "circuit_id": null, "circuit_name": null, "subregion": null, "km_intervenir": 0}, "geometry": {"type": "LineString", "coordinates": [[-76.12398, 6.78193], [-76.12158, 6.78516], [-76.11662, 6.78584], [-76.11646, 6.78998], [-76.11378, 6.79199], [-76.11447, 6.78995], [-76.10866, 6.78984], [-76.10927, 6.78655], [-76.10484, 6.79081], [-76.10345, 6.78703], [-76.10073, 6.78921], [-76.09674, 6.78778], [-76.09433, 6.78426], [-76.09476, 6.78183], [-76.09635, 6.78126], [-76.09395, 6.78006], [-76.08949, 6.78203], [-76.08767, 6.78467], [-76.08911, 6.78726], [-76.08454, 6.78519], [-76.08641, 6.78646], [-76.0859, 6.78956], [-76.0818, 6.78939], [-76.08117, 6.78779], [-76.07753, 6.78706], [-76.07853, 6.78306], [-76.0771, 6.78219], [-76.07581, 6.78295], [-76.07388, 6.78154], [-76.07235, 6.78423], [-76.07019, 6.78205], [-76.06882, 6.78299], [-76.06872, 6.77854], [-76.06505, 6.78048], [-76.06363, 6.7832], [-76.05929, 6.78333]]}}, {"type": "Feature", "properties": {"codigo": "62AN11", "nombre": "Buenos Aires (Ruta 62) - Abriaquí", "inicio": "Buenos Aires (Ruta 62)", "fin": "Abriaquí", "longitud_km": 25.88, "ancho_m": 5.0, "is_prioritized": false, "circuit_id": null, "circuit_name": null, "subregion": null, "km_intervenir": 0}, "geometry": {"type": "LineString", "coordinates": [[-76.02036, 6.73954], [-76.01986, 6.73836], [-76.01704, 6.73958], [-76.01429, 6.73811], [-76.0088, 6.72537], [-76.01103, 6.71348], [-76.01003, 6.70591], [-76.01234, 6.70426], [-76.01149, 6.70234], [-76.01397, 6.70162], [-76.0155, 6.69765], [-76.01634, 6.68784], [-76.01793, 6.68577], [-76.01668, 6.68418], [-76.0184, 6.68028], [-76.01912, 6.68118], [-76.01827, 6.67766], [-76.02122, 6.67452], [-76.02011, 6.67189], [-76.02392, 6.66301], [-76.02349, 6.66168], [-76.02073, 6.66531], [-76.01743, 6.6627], [-76.01758, 6.66688], [-76.01563, 6.66343], [-76.01574, 6.65829], [-76.01962, 6.66062], [-76.02015, 6.65564], [-76.03386, 6.65355], [-76.03351, 6.64947], [-76.03713, 6.64962], [-76.03724, 6.64833], [-76.03631, 6.64567], [-76.03264, 6.64367], [-76.03315, 6.63282], [-76.03921, 6.62924], [-76.0409, 6.62972], [-76.04207, 6.62701], [-76.055, 6.63684], [-76.06033, 6.63736], [-76.06314, 6.6341]]}}, {"type": "Feature", "properties": {"codigo": "62AN12", "nombre": "Manglar (Ruta 62) - Giraldo", "inicio": "Manglar (Ruta 62)", "fin": "Giraldo", "longitud_km": 3.44, "ancho_m": 6.0, "is_prioritized": true, "circuit_id": 28, "circuit_name": "Ebejico - Miserenga", "subregion": "Occidente", "km_intervenir": 1.0}, "geometry": {"type": "LineString", "coordinates": [[-75.9509, 6.69254], [-75.95848, 6.6912], [-75.96035, 6.69224], [-75.95917, 6.68933], [-75.95282, 6.68874], [-75.95352, 6.68623], [-75.95155, 6.68144]]}}, {"type": "Feature", "properties": {"codigo": "62AN13", "nombre": "Pinguro - Buriticá", "inicio": "Pinguro", "fin": "Buriticá", "longitud_km": 6.95, "ancho_m": 6.0, "is_prioritized": false, "circuit_id": null, "circuit_name": null, "subregion": null, "km_intervenir": 0}, "geometry": {"type": "LineString", "coordinates": [[-75.91052, 6.6787], [-75.91185, 6.68409], [-75.91601, 6.68962], [-75.91373, 6.69118], [-75.91512, 6.69414], [-75.91294, 6.69493], [-75.91119, 6.69924], [-75.9086, 6.6994], [-75.91192, 6.70166], [-75.90783, 6.70215], [-75.90686, 6.70434], [-75.91067, 6.70837], [-75.90872, 6.71235], [-75.90839, 6.71838]]}}, {"type": "Feature", "properties": {"codigo": "62AN14", "nombre": "Puente de Occidente - Olaya - Liborina", "inicio": "Puente de Occidente", "fin": "Liborina", "longitud_km": 15.6, "ancho_m": 5.96875, "is_prioritized": false, "circuit_id": null, "circuit_name": null, "subregion": null, "km_intervenir": 0}, "geometry": {"type": "LineString", "coordinates": [[-75.79137, 6.57683], [-75.79036, 6.578], [-75.7923, 6.57877], [-75.79201, 6.58552], [-75.79368, 6.59157], [-75.79678, 6.59393], [-75.79614, 6.59584], [-75.79857, 6.59598], [-75.7984, 6.59864], [-75.80239, 6.60101], [-75.80296, 6.60408], [-75.8061, 6.60299], [-75.80899, 6.60817], [-75.80977, 6.6145], [-75.80798, 6.61531], [-75.81113, 6.61746], [-75.81159, 6.62282], [-75.81024, 6.62414], [-75.81343, 6.6276], [-75.81122, 6.62923], [-75.81368, 6.63092], [-75.81633, 6.64351], [-75.81803, 6.64641], [-75.82229, 6.64844], [-75.82111, 6.65538], [-75.82314, 6.6568], [-75.8183, 6.66935], [-75.81514, 6.66936], [-75.8161, 6.67164], [-75.8146, 6.67373]]}}, {"type": "Feature", "properties": {"codigo": "62AN14-1", "nombre": "Liborina - Partidas (San Jose De la Montaña)", "inicio": "Liborina", "fin": "Partidas (San Jose De la Montaña)", "longitud_km": 40.22, "ancho_m": 5.0, "is_prioritized": false, "circuit_id": null, "circuit_name": null, "subregion": null, "km_intervenir": 0}, "geometry": {"type": "LineString", "coordinates": [[-75.81057, 6.67937], [-75.80897, 6.68091], [-75.8044, 6.68094], [-75.80257, 6.68309], [-75.79979, 6.6826], [-75.80023, 6.68439], [-75.79276, 6.69139], [-75.79169, 6.69616], [-75.78115, 6.70233], [-75.77664, 6.70831], [-75.77471, 6.71407], [-75.77569, 6.71799], [-75.77417, 6.72364], [-75.77019, 6.7262], [-75.76282, 6.73646], [-75.76555, 6.73426], [-75.76396, 6.74117], [-75.76375, 6.73997], [-75.75864, 6.74622], [-75.75538, 6.7474], [-75.75456, 6.75218], [-75.75166, 6.75431], [-75.75194, 6.75915], [-75.7496, 6.76388], [-75.74995, 6.76705], [-75.74839, 6.76768], [-75.7499, 6.76854], [-75.74694, 6.77151], [-75.74808, 6.77177], [-75.74519, 6.77767], [-75.74578, 6.781], [-75.74298, 6.79125], [-75.74133, 6.7904], [-75.73954, 6.79472], [-75.74028, 6.79714], [-75.74387, 6.79523], [-75.74003, 6.80066], [-75.74464, 6.79742], [-75.74781, 6.79997], [-75.75041, 6.79642], [-75.75071, 6.80251], [-75.74643, 6.8067], [-75.75147, 6.80817], [-75.75311, 6.81402], [-75.74829, 6.81098], [-75.74665, 6.8133], [-75.74418, 6.81167], [-75.74246, 6.81263], [-75.74103, 6.81566], [-75.73949, 6.81283], [-75.73645, 6.81231], [-75.73495, 6.81539], [-75.73153, 6.81721], [-75.72987, 6.815], [-75.73056, 6.812], [-75.72808, 6.81051], [-75.72716, 6.80763], [-75.72838, 6.80517], [-75.72672, 6.80433], [-75.72323, 6.80635], [-75.71961, 6.80463], [-75.7162, 6.80545], [-75.71758, 6.80647], [-75.71702, 6.81485], [-75.7106, 6.82126], [-75.7089, 6.83347], [-75.70559, 6.8368], [-75.70817, 6.84306], [-75.70651, 6.84544]]}}, {"type": "Feature", "properties": {"codigo": "62AN14-2", "nombre": "Liborina - Sabanalarga", "inicio": "Liborina", "fin": "Sabanalarga", "longitud_km": 33.5, "ancho_m": 6.058824, "is_prioritized": false, "circuit_id": null, "circuit_name": null, "subregion": null, "km_intervenir": 0}, "geometry": {"type": "LineString", "coordinates": [[-75.81407, 6.67841], [-75.81517, 6.67819], [-75.81423, 6.67909], [-75.81778, 6.68518], [-75.81144, 6.69254], [-75.81324, 6.69286], [-75.81461, 6.69507], [-75.81294, 6.69594], [-75.81573, 6.69906], [-75.81779, 6.69866], [-75.81752, 6.70155], [-75.81564, 6.70291], [-75.81733, 6.70451], [-75.81917, 6.70342], [-75.82013, 6.70822], [-75.82246, 6.70838], [-75.82017, 6.71392], [-75.82221, 6.71466], [-75.82229, 6.7185], [-75.82449, 6.72101], [-75.82262, 6.72297], [-75.81916, 6.72317], [-75.82305, 6.7261], [-75.82255, 6.72905], [-75.82521, 6.72909], [-75.82906, 6.73551], [-75.825, 6.7375], [-75.82486, 6.73998], [-75.82143, 6.74171], [-75.82575, 6.74323], [-75.82371, 6.74755], [-75.82588, 6.75736], [-75.81991, 6.76068], [-75.82592, 6.76197], [-75.82359, 6.77409], [-75.82925, 6.7788], [-75.82697, 6.78182], [-75.82419, 6.78093], [-75.82144, 6.78387], [-75.81891, 6.78376], [-75.82369, 6.78557], [-75.82342, 6.79104], [-75.82889, 6.79378], [-75.82478, 6.7961], [-75.82248, 6.79531], [-75.8251, 6.79994], [-75.82217, 6.80568], [-75.82413, 6.80722], [-75.82127, 6.81153], [-75.82304, 6.81104], [-75.8201, 6.81339], [-75.82328, 6.81349], [-75.81916, 6.81792], [-75.81968, 6.82078], [-75.81814, 6.82259], [-75.81994, 6.82733], [-75.82252, 6.82859], [-75.81902, 6.83718], [-75.814, 6.84157], [-75.8181, 6.84178], [-75.81574, 6.84326]]}}, {"type": "Feature", "properties": {"codigo": "62AN17", "nombre": "La Miserenga (Cruce Ruta 62) - Ebéjico - Heliconia - Alto del Chuscal", "inicio": "La Miserenga (Cruce Ruta 62)", "fin": "Alto del Chuscal", "longitud_km": 69.0, "ancho_m": 4.944412, "is_prioritized": true, "circuit_id": 12, "circuit_name": "Ebéjico - Heliconia - Medellin", "subregion": "Occidente", "km_intervenir": 28.76}, "geometry": {"type": "LineString", "coordinates": [[-75.70776, 6.36359], [-75.70995, 6.35887], [-75.71372, 6.36042], [-75.71394, 6.3567], [-75.71147, 6.3556], [-75.71405, 6.35138], [-75.71364, 6.34715], [-75.71558, 6.34879], [-75.71792, 6.35853], [-75.72393, 6.35954], [-75.72607, 6.36373], [-75.72715, 6.36296], [-75.72988, 6.36499], [-75.73191, 6.35647], [-75.73349, 6.35611], [-75.73194, 6.33498], [-75.73685, 6.33546], [-75.74001, 6.33351], [-75.73887, 6.33743], [-75.74536, 6.33814], [-75.74475, 6.33984], [-75.74717, 6.34164], [-75.75012, 6.34126], [-75.75058, 6.33283], [-75.75773, 6.33333], [-75.76241, 6.33182], [-75.76492, 6.33743], [-75.76421, 6.33051], [-75.76543, 6.32979], [-75.76261, 6.32886], [-75.76483, 6.32641], [-75.76872, 6.32612], [-75.76774, 6.32369], [-75.7715, 6.32206], [-75.7691, 6.31837], [-75.77191, 6.31449], [-75.77023, 6.31368], [-75.7739, 6.31302], [-75.7747, 6.30553], [-75.77825, 6.31405], [-75.78064, 6.31321], [-75.77851, 6.31257], [-75.78142, 6.31076], [-75.77921, 6.30928], [-75.78127, 6.308], [-75.78073, 6.30009], [-75.7865, 6.29679], [-75.78219, 6.2895], [-75.78251, 6.28558], [-75.78377, 6.28289], [-75.78511, 6.28451], [-75.78406, 6.28134], [-75.78541, 6.28094], [-75.78548, 6.27662], [-75.78845, 6.2713], [-75.79026, 6.26975], [-75.79251, 6.27088], [-75.79116, 6.2686], [-75.78529, 6.2701], [-75.78636, 6.26821], [-75.78528, 6.26671], [-75.78746, 6.26593], [-75.78789, 6.26375], [-75.77595, 6.24647], [-75.77221, 6.25091], [-75.76847, 6.2498], [-75.76622, 6.25181], [-75.76068, 6.24993], [-75.75897, 6.25046], [-75.75909, 6.25256], [-75.75688, 6.25066], [-75.75556, 6.25355], [-75.75079, 6.25718], [-75.75169, 6.25307], [-75.75063, 6.25247], [-75.75182, 6.25246], [-75.74994, 6.25033], [-75.74814, 6.25177], [-75.74893, 6.24761], [-75.74612, 6.25317], [-75.74437, 6.25217], [-75.74261, 6.24741], [-75.74384, 6.2455], [-75.74226, 6.24466], [-75.74187, 6.24176], [-75.74323, 6.23973], [-75.73972, 6.2352], [-75.73821, 6.22904], [-75.74142, 6.22327], [-75.73981, 6.22082], [-75.73705, 6.22038], [-75.73678, 6.21208], [-75.73262, 6.20899], [-75.73376, 6.20692], [-75.73271, 6.20443], [-75.73674, 6.20475], [-75.73493, 6.20385], [-75.73433, 6.2002], [-75.73083, 6.19793], [-75.73124, 6.19619], [-75.73264, 6.19793], [-75.73358, 6.1943], [-75.73148, 6.19335], [-75.73112, 6.19002], [-75.72324, 6.19211], [-75.72074, 6.19691], [-75.71894, 6.19545], [-75.71622, 6.19629], [-75.71703, 6.20202], [-75.71331, 6.2045], [-75.7184, 6.20585], [-75.71369, 6.20564], [-75.71031, 6.20736], [-75.71142, 6.20407], [-75.7097, 6.20218], [-75.71277, 6.20195], [-75.71359, 6.20045], [-75.70962, 6.1967], [-75.71089, 6.19251], [-75.70861, 6.19232], [-75.70645, 6.19508], [-75.70485, 6.20064], [-75.69922, 6.20125]]}}, {"type": "Feature", "properties": {"codigo": "62AN17-1", "nombre": "Alto del Chuscal - San Antonio de Prado", "inicio": "Alto del Chuscal", "fin": "San Antonio de Prado", "longitud_km": 8.0, "ancho_m": 5.9375, "is_prioritized": false, "circuit_id": null, "circuit_name": null, "subregion": null, "km_intervenir": 0}, "geometry": {"type": "LineString", "coordinates": [[-75.69922, 6.20125], [-75.69338, 6.19515], [-75.6922, 6.2002], [-75.68817, 6.1988], [-75.68628, 6.20035], [-75.6855, 6.19794], [-75.68317, 6.19953], [-75.68042, 6.19761], [-75.67963, 6.19329], [-75.6763, 6.19419], [-75.67585, 6.19076], [-75.67372, 6.19276], [-75.66911, 6.19323], [-75.66649, 6.19239], [-75.66702, 6.19047], [-75.66519, 6.18939], [-75.66132, 6.1878], [-75.65989, 6.18865], [-75.6581, 6.18696]]}}, {"type": "Feature", "properties": {"codigo": "62AN18", "nombre": "Pajarito - San Pedro de Los Milagros - La Ye - Entrerríos - Santa Rosa de Osos (cruce ruta 25)", "inicio": "Pajarito", "fin": "Santa Rosa de Osos", "longitud_km": 61.76, "ancho_m": 7.154472, "is_prioritized": false, "circuit_id": null, "circuit_name": null, "subregion": null, "km_intervenir": 0}, "geometry": {"type": "LineString", "coordinates": [[-75.60711, 6.29628], [-75.60326, 6.29619], [-75.59452, 6.30341], [-75.59404, 6.30661], [-75.59707, 6.31421], [-75.60132, 6.31711], [-75.59534, 6.32296], [-75.59734, 6.32566], [-75.59655, 6.32981], [-75.59845, 6.33166], [-75.60161, 6.33106], [-75.60316, 6.33298], [-75.60237, 6.33734], [-75.60598, 6.3376], [-75.60771, 6.33967], [-75.60735, 6.34685], [-75.60911, 6.35268], [-75.61159, 6.35899], [-75.61546, 6.36247], [-75.61537, 6.36613], [-75.6174, 6.36785], [-75.62121, 6.38268], [-75.61519, 6.39831], [-75.61556, 6.40344], [-75.61196, 6.4102], [-75.60033, 6.41486], [-75.58974, 6.43417], [-75.58415, 6.43788], [-75.57827, 6.4387], [-75.57648, 6.44106], [-75.56846, 6.44502], [-75.56177, 6.45246], [-75.55984, 6.4594], [-75.56224, 6.46233], [-75.56168, 6.46536], [-75.55706, 6.46983], [-75.55869, 6.47759], [-75.56564, 6.48403], [-75.56592, 6.49798], [-75.56045, 6.50677], [-75.55086, 6.50656], [-75.5439, 6.50928], [-75.54148, 6.50719], [-75.53972, 6.50991], [-75.54209, 6.52055], [-75.54406, 6.52308], [-75.54379, 6.5262], [-75.54645, 6.5283], [-75.54404, 6.53213], [-75.54883, 6.53616], [-75.54679, 6.53753], [-75.54789, 6.54499], [-75.54956, 6.54574], [-75.54636, 6.55342], [-75.54618, 6.56194], [-75.54273, 6.56464], [-75.54195, 6.56768], [-75.53946, 6.5668], [-75.53666, 6.5683], [-75.52772, 6.56547], [-75.51985, 6.56564], [-75.5167, 6.57211], [-75.5179, 6.57389], [-75.51199, 6.57351], [-75.51198, 6.57917], [-75.51015, 6.58023], [-75.51073, 6.58432], [-75.50772, 6.58311], [-75.50632, 6.58654], [-75.50729, 6.58806], [-75.50558, 6.58912], [-75.50066, 6.58769], [-75.49488, 6.58916], [-75.49452, 6.59044], [-75.48562, 6.58976], [-75.47329, 6.59534], [-75.4685, 6.60933], [-75.4666, 6.61037], [-75.46711, 6.61597], [-75.46368, 6.62126], [-75.46612, 6.62399], [-75.4637, 6.62359], [-75.46572, 6.62746], [-75.466, 6.63424], [-75.4641, 6.6353], [-75.46038, 6.63224], [-75.45576, 6.63282], [-75.45084, 6.63631], [-75.44958, 6.63931]]}}, {"type": "Feature", "properties": {"codigo": "62AN18-1", "nombre": "San Pedro de los Milagros - Río Chico", "inicio": "San Pedro de los Milagros", "fin": "Cruce Variante (Don Matías - Entrerríos)", "longitud_km": 23.1, "ancho_m": 3.960939, "is_prioritized": false, "circuit_id": null, "circuit_name": null, "subregion": null, "km_intervenir": 0}, "geometry": {"type": "LineString", "coordinates": [[-75.55155, 6.45841], [-75.54555, 6.45467], [-75.54151, 6.45484], [-75.53652, 6.46121], [-75.53376, 6.46199], [-75.53299, 6.46714], [-75.52889, 6.46838], [-75.52516, 6.46831], [-75.52155, 6.46424], [-75.51364, 6.46257], [-75.51072, 6.46505], [-75.50965, 6.46911], [-75.51089, 6.47096], [-75.50885, 6.47172], [-75.50993, 6.47329], [-75.50344, 6.47854], [-75.49664, 6.48003], [-75.49641, 6.48343], [-75.49354, 6.48459], [-75.49132, 6.47884], [-75.48527, 6.47791], [-75.47872, 6.46922], [-75.47653, 6.46991], [-75.46435, 6.46619], [-75.4606, 6.46756], [-75.4582, 6.46649], [-75.45743, 6.46994], [-75.46012, 6.47241], [-75.45908, 6.47726], [-75.46087, 6.47855], [-75.45879, 6.47951], [-75.4604, 6.48553], [-75.45699, 6.48916], [-75.45788, 6.49852], [-75.45562, 6.50089], [-75.44921, 6.5], [-75.44674, 6.50125], [-75.44711, 6.50269], [-75.44566, 6.49972]]}}, {"type": "Feature", "properties": {"codigo": "62AN18-2", "nombre": "La Ye - Belmira", "inicio": "La Ye", "fin": "Belmira", "longitud_km": 19.1, "ancho_m": 7.4125, "is_prioritized": false, "circuit_id": null, "circuit_name": null, "subregion": null, "km_intervenir": 0}, "geometry": {"type": "LineString", "coordinates": [[-75.56587, 6.49618], [-75.56629, 6.49714], [-75.56945, 6.49577], [-75.57282, 6.49786], [-75.57782, 6.50607], [-75.58305, 6.50903], [-75.58558, 6.51442], [-75.59641, 6.52081], [-75.60114, 6.52138], [-75.60842, 6.53454], [-75.61141, 6.53585], [-75.61608, 6.54246], [-75.61905, 6.5414], [-75.6206, 6.5428], [-75.62515, 6.55219], [-75.62791, 6.55413], [-75.62906, 6.55876], [-75.63067, 6.55785], [-75.63339, 6.55916], [-75.6395, 6.56568], [-75.63774, 6.56836], [-75.63827, 6.57078], [-75.64461, 6.58262], [-75.65116, 6.58434], [-75.65951, 6.59055], [-75.66069, 6.60049], [-75.66333, 6.60304]]}}, {"type": "Feature", "properties": {"codigo": "62AN18-3-1", "nombre": "La Apartada (San José de La Montaña) - Partidas (San Jose de la Montaña) - Toledo - Matanzas", "inicio": "La Apartada", "fin": "Matanzas", "longitud_km": 51.0, "ancho_m": 3.24465, "is_prioritized": false, "circuit_id": null, "circuit_name": null, "subregion": null, "km_intervenir": 0}, "geometry": {"type": "LineString", "coordinates": [[-75.68855, 6.83708], [-75.69252, 6.84493], [-75.69405, 6.85655], [-75.69705, 6.85557], [-75.70164, 6.85743], [-75.70463, 6.85578], [-75.70472, 6.85095], [-75.70637, 6.85011], [-75.70573, 6.84814], [-75.70758, 6.84503], [-75.7153, 6.86044], [-75.7178, 6.85851], [-75.7174, 6.86311], [-75.71863, 6.86305], [-75.7171, 6.86458], [-75.71959, 6.86903], [-75.71465, 6.8791], [-75.70809, 6.88549], [-75.7067, 6.89048], [-75.70865, 6.89305], [-75.70329, 6.90017], [-75.70539, 6.89902], [-75.70488, 6.90686], [-75.70735, 6.90836], [-75.70546, 6.90927], [-75.70409, 6.91431], [-75.70331, 6.9115], [-75.70249, 6.91414], [-75.70276, 6.928], [-75.70473, 6.92996], [-75.7036, 6.93064], [-75.70451, 6.93467], [-75.70239, 6.94559], [-75.7048, 6.96552], [-75.70219, 6.96554], [-75.70357, 6.96597], [-75.70337, 6.96791], [-75.70582, 6.96778], [-75.70489, 6.98502], [-75.70659, 6.98615], [-75.70633, 6.988], [-75.71018, 6.99021], [-75.71128, 6.99539], [-75.7087, 7.00077], [-75.70855, 7.0071], [-75.70356, 7.01024], [-75.70456, 7.01174], [-75.70164, 7.01038], [-75.70309, 7.01247], [-75.69392, 7.00852], [-75.69192, 7.00862], [-75.69077, 7.01195], [-75.69035, 7.00919], [-75.68811, 7.01203], [-75.68873, 7.00797], [-75.68717, 7.00959], [-75.68734, 7.00726], [-75.69265, 7.00211], [-75.68943, 7.00265], [-75.68785, 7.00524], [-75.68499, 7.00537], [-75.68497, 7.00807], [-75.68064, 7.01311], [-75.68177, 7.01665], [-75.68397, 7.01742], [-75.6788, 7.02046], [-75.68679, 7.02395], [-75.69065, 7.02366], [-75.68686, 7.0265], [-75.68686, 7.02914], [-75.67962, 7.03166], [-75.67788, 7.03508], [-75.67712, 7.03286], [-75.67613, 7.03452], [-75.6805, 7.03787], [-75.6793, 7.04067], [-75.67938, 7.03844], [-75.67452, 7.03643], [-75.66997, 7.03815], [-75.67179, 7.03223]]}}, {"type": "Feature", "properties": {"codigo": "62AN19", "nombre": "Barbosa - Concepción", "inicio": "Barbosa", "fin": "Concepción", "longitud_km": 23.0, "ancho_m": 4.285742, "is_prioritized": false, "circuit_id": null, "circuit_name": null, "subregion": null, "km_intervenir": 0}, "geometry": {"type": "MultiLineString", "coordinates": [[[-75.34562, 6.43039], [-75.34082, 6.42789], [-75.33837, 6.42961]], [[-75.33837, 6.42961], [-75.33837, 6.42961]], [[-75.33837, 6.42961], [-75.33837, 6.42961]], [[-75.33837, 6.42961], [-75.33836, 6.42962]], [[-75.33837, 6.42961], [-75.33383, 6.43258], [-75.3285, 6.42749], [-75.32973, 6.42604], [-75.3285, 6.42413], [-75.32488, 6.4255], [-75.32481, 6.42425], [-75.32065, 6.42283], [-75.3188, 6.4237], [-75.31621, 6.42191], [-75.31356, 6.42446], [-75.31232, 6.4222], [-75.309, 6.42185], [-75.31004, 6.41994], [-75.30811, 6.4178], [-75.30576, 6.41904], [-75.30446, 6.41476], [-75.30296, 6.41537], [-75.30281, 6.41789], [-75.30064, 6.41791], [-75.30085, 6.42046], [-75.29448, 6.41671], [-75.29341, 6.41911], [-75.29114, 6.41814], [-75.29011, 6.41983], [-75.28359, 6.41992], [-75.27789, 6.42568], [-75.28009, 6.4219], [-75.27867, 6.42008], [-75.2842, 6.41657], [-75.28222, 6.41574], [-75.28255, 6.41212], [-75.27964, 6.40763], [-75.2764, 6.40959], [-75.27304, 6.40508], [-75.272, 6.40585], [-75.27095, 6.40359], [-75.26608, 6.4022], [-75.26273, 6.4057], [-75.26062, 6.40255], [-75.25925, 6.40571], [-75.2574, 6.40012], [-75.25338, 6.39651], [-75.25469, 6.39522]]]}}, {"type": "Feature", "properties": {"codigo": "62AN19-1", "nombre": "Concepción - Alejandría", "inicio": "Concepción", "fin": "Alejandría", "longitud_km": 17.0, "ancho_m": 3.36048, "is_prioritized": false, "circuit_id": null, "circuit_name": null, "subregion": null, "km_intervenir": 0}, "geometry": {"type": "LineString", "coordinates": [[-75.25369, 6.39406], [-75.25133, 6.39736], [-75.24976, 6.39737], [-75.24694, 6.39594], [-75.24471, 6.39214], [-75.24133, 6.391], [-75.24158, 6.38901], [-75.23118, 6.38651], [-75.2256, 6.38271], [-75.22622, 6.38146], [-75.2207, 6.37973], [-75.21702, 6.38143], [-75.20928, 6.38107], [-75.20624, 6.38325], [-75.19741, 6.38469], [-75.1943, 6.38711], [-75.18649, 6.38523], [-75.18401, 6.38768], [-75.1811, 6.38807], [-75.17614, 6.38687], [-75.16998, 6.37919], [-75.16328, 6.37676], [-75.16101, 6.37361], [-75.15521, 6.37117], [-75.14871, 6.37068], [-75.14745, 6.37194], [-75.14828, 6.37413], [-75.14417, 6.3748]]}}, {"type": "Feature", "properties": {"codigo": "62AN19-2", "nombre": "Concepción - San Vicente", "inicio": "Concepción", "fin": "San Vicente", "longitud_km": 23.08, "ancho_m": 4.130613, "is_prioritized": false, "circuit_id": null, "circuit_name": null, "subregion": null, "km_intervenir": 0}, "geometry": {"type": "LineString", "coordinates": [[-75.26022, 6.39109], [-75.26382, 6.38752], [-75.26559, 6.38917], [-75.26622, 6.38584], [-75.2711, 6.38243], [-75.2692, 6.37603], [-75.26761, 6.37547], [-75.26885, 6.37507], [-75.26772, 6.37292], [-75.26945, 6.36874], [-75.26707, 6.36557], [-75.27128, 6.36225], [-75.26472, 6.34843], [-75.26756, 6.34839], [-75.26689, 6.34625], [-75.26822, 6.346], [-75.26938, 6.34166], [-75.27372, 6.34155], [-75.27931, 6.33587], [-75.28159, 6.33679], [-75.28137, 6.33463], [-75.28462, 6.33093], [-75.29159, 6.33025], [-75.2933, 6.32716], [-75.29286, 6.31829], [-75.30525, 6.31897], [-75.30756, 6.31262], [-75.31346, 6.31338], [-75.31698, 6.31175], [-75.31811, 6.30947], [-75.32271, 6.31006], [-75.3278, 6.30723], [-75.32828, 6.30258], [-75.33058, 6.30242], [-75.33468, 6.29646], [-75.33381, 6.29269], [-75.33573, 6.29004], [-75.33509, 6.2862]]}}, {"type": "Feature", "properties": {"codigo": "62AN21", "nombre": "Porcesito - Puente Gavino - La Cortada - Yolombó - Yalí - Playas - Vegachí", "inicio": "Porcecito", "fin": "Vegachí", "longitud_km": 77.93, "ancho_m": 7.288462, "is_prioritized": false, "circuit_id": null, "circuit_name": null, "subregion": null, "km_intervenir": 0}, "geometry": {"type": "LineString", "coordinates": [[-75.20482, 6.55222], [-75.20407, 6.55522], [-75.20621, 6.55547], [-75.20693, 6.55733], [-75.20239, 6.56228], [-75.20108, 6.56973], [-75.19395, 6.57733], [-75.18823, 6.57807], [-75.18312, 6.58174], [-75.17655, 6.5818], [-75.17568, 6.58373], [-75.16253, 6.58435], [-75.15717, 6.58103], [-75.15556, 6.57726], [-75.1525, 6.57818], [-75.15192, 6.57653], [-75.15028, 6.58062], [-75.13831, 6.58323], [-75.13391, 6.58895], [-75.13108, 6.58501], [-75.12679, 6.58338], [-75.12442, 6.58489], [-75.12348, 6.58201], [-75.10937, 6.58055], [-75.10467, 6.58183], [-75.10262, 6.58402], [-75.09777, 6.5838], [-75.09654, 6.5878], [-75.08784, 6.59397], [-75.08488, 6.5913], [-75.08042, 6.59024], [-75.07719, 6.59603], [-75.07207, 6.59472], [-75.07031, 6.59173], [-75.06759, 6.59285], [-75.06535, 6.59131], [-75.05791, 6.59133], [-75.05236, 6.58563], [-75.04962, 6.58576], [-75.04928, 6.58332], [-75.04641, 6.58572], [-75.04388, 6.58428], [-75.03608, 6.58745], [-75.03013, 6.59221], [-75.02521, 6.5889], [-75.02201, 6.59062], [-75.02253, 6.58696], [-75.01654, 6.58771], [-75.0148, 6.58634], [-75.00875, 6.5903], [-75.00834, 6.59386], [-75.00524, 6.59688], [-75.00466, 6.60359], [-74.99891, 6.60283], [-74.99521, 6.60623], [-74.99583, 6.61048], [-74.99324, 6.61386], [-74.9868, 6.61171], [-74.98276, 6.60724], [-74.96699, 6.60137], [-74.96147, 6.60082], [-74.96113, 6.59842], [-74.95704, 6.59801], [-74.94913, 6.59135], [-74.94408, 6.59247], [-74.94131, 6.59483], [-74.94186, 6.59692], [-74.93633, 6.5985], [-74.93455, 6.60056], [-74.93543, 6.60251], [-74.93348, 6.60629], [-74.93691, 6.61461], [-74.93241, 6.61757], [-74.93266, 6.62224], [-74.92524, 6.6247], [-74.92525, 6.62831], [-74.92026, 6.63274], [-74.92222, 6.63921], [-74.91619, 6.63968], [-74.91184, 6.63745], [-74.90548, 6.64025], [-74.90236, 6.63869], [-74.90071, 6.63999], [-74.88568, 6.63912], [-74.87894, 6.64079], [-74.87849, 6.6421], [-74.8753, 6.64125], [-74.86887, 6.64258], [-74.86218, 6.64764], [-74.86247, 6.6503], [-74.85864, 6.65124], [-74.85729, 6.65386], [-74.85764, 6.66047], [-74.86004, 6.66682], [-74.85868, 6.66969], [-74.8499, 6.67072], [-74.84362, 6.67323], [-74.83422, 6.67351], [-74.83192, 6.6761], [-74.83604, 6.681], [-74.83586, 6.68339], [-74.83265, 6.68491], [-74.83316, 6.69099], [-74.82691, 6.69301], [-74.82617, 6.69524], [-74.82299, 6.69502], [-74.82098, 6.69893], [-74.81681, 6.69932], [-74.81421, 6.70496], [-74.81595, 6.70803], [-74.81457, 6.7143], [-74.81734, 6.71889], [-74.8157, 6.72313], [-74.81151, 6.72494], [-74.81048, 6.73371], [-74.81343, 6.7404], [-74.80893, 6.74634], [-74.80472, 6.74672], [-74.80293, 6.74982], [-74.80218, 6.76367]]}}, {"type": "Feature", "properties": {"codigo": "62AN21-1", "nombre": "Puente Gavino - Gómez Plata - El Guayabo - Carolina del Príncipe - La Herradura - Partidas a Guadalupe - Guadalupe", "inicio": "Puente Gavino", "fin": "Guadalupe.", "longitud_km": 54.3, "ancho_m": 7.118519, "is_prioritized": false, "circuit_id": null, "circuit_name": null, "subregion": null, "km_intervenir": 0}, "geometry": {"type": "LineString", "coordinates": [[-75.20563, 6.55938], [-75.2034, 6.57012], [-75.19939, 6.57356], [-75.20118, 6.58166], [-75.19807, 6.58233], [-75.19727, 6.58408], [-75.19934, 6.58622], [-75.19811, 6.5906], [-75.20087, 6.60233], [-75.20051, 6.60742], [-75.19956, 6.61005], [-75.19781, 6.6094], [-75.19663, 6.61163], [-75.19745, 6.61582], [-75.19573, 6.61475], [-75.19603, 6.61697], [-75.19312, 6.61803], [-75.19355, 6.62056], [-75.18871, 6.62325], [-75.19229, 6.62628], [-75.19521, 6.6322], [-75.19459, 6.63414], [-75.19801, 6.63524], [-75.20011, 6.63842], [-75.19503, 6.64245], [-75.19143, 6.6433], [-75.19312, 6.64457], [-75.19261, 6.64691], [-75.19465, 6.65132], [-75.19818, 6.65454], [-75.19924, 6.65318], [-75.20327, 6.65312], [-75.20447, 6.65636], [-75.20096, 6.66151], [-75.2065, 6.6661], [-75.21194, 6.66722], [-75.21112, 6.67334], [-75.21527, 6.67688], [-75.21999, 6.68548], [-75.22713, 6.68841], [-75.23349, 6.69783], [-75.23917, 6.69659], [-75.24266, 6.7011], [-75.24409, 6.71046], [-75.24745, 6.7153], [-75.25202, 6.71577], [-75.25558, 6.72058], [-75.25759, 6.71955], [-75.25789, 6.72181], [-75.25963, 6.72145], [-75.26386, 6.72763], [-75.26583, 6.72588], [-75.27074, 6.72674], [-75.27321, 6.73181], [-75.28573, 6.72821], [-75.28797, 6.7339], [-75.2872, 6.74324], [-75.28904, 6.74348], [-75.287, 6.74431], [-75.28836, 6.74662], [-75.28551, 6.74926], [-75.28734, 6.75087], [-75.28739, 6.76518], [-75.28946, 6.76728], [-75.28858, 6.77094], [-75.2898, 6.77178], [-75.2862, 6.7745], [-75.28638, 6.78419], [-75.28105, 6.78696], [-75.28026, 6.78532], [-75.27577, 6.78477], [-75.27264, 6.78767], [-75.26953, 6.78512], [-75.26712, 6.7861], [-75.26275, 6.78069], [-75.2606, 6.78129], [-75.25915, 6.77966], [-75.25739, 6.78111], [-75.25417, 6.78035], [-75.24622, 6.7868], [-75.24338, 6.78612], [-75.24261, 6.78965], [-75.23917, 6.78972], [-75.24233, 6.7909], [-75.24253, 6.79528], [-75.24943, 6.80126], [-75.24635, 6.80138], [-75.24492, 6.8048], [-75.24317, 6.80252], [-75.24367, 6.80991], [-75.24117, 6.81233]]}}, {"type": "Feature", "properties": {"codigo": "62AN21-1-2", "nombre": "El Guayabo - El Salto - Partidas a Guadalupe", "inicio": "El Guayabo (Gómez Plata)", "fin": "Partidas a Guadalupe", "longitud_km": 16.3, "ancho_m": 5.0, "is_prioritized": true, "circuit_id": 7, "circuit_name": "El Guayabo - El Salto - Partidas a Guadalupe", "subregion": "Norte", "km_intervenir": 10.61}, "geometry": {"type": "LineString", "coordinates": [[-75.23256, 6.69676], [-75.2336, 6.70128], [-75.23709, 6.70387], [-75.23761, 6.71108], [-75.23611, 6.71665], [-75.23713, 6.72049], [-75.23266, 6.72848], [-75.23313, 6.73316], [-75.2305, 6.73756], [-75.23032, 6.74121], [-75.23252, 6.74291], [-75.23208, 6.74609], [-75.2377, 6.74854], [-75.23915, 6.74775], [-75.24092, 6.74969], [-75.23661, 6.75808], [-75.24126, 6.75955], [-75.24583, 6.76494], [-75.24518, 6.76628], [-75.24699, 6.76662], [-75.24665, 6.76897], [-75.25346, 6.77542], [-75.24973, 6.77602], [-75.23569, 6.78498], [-75.23678, 6.78776], [-75.23992, 6.78934]]}}, {"type": "Feature", "properties": {"codigo": "56AN04", "nombre": "La Ceja - El Retiro", "inicio": "La Ceja", "fin": "El Retiro", "longitud_km": 14.1, "ancho_m": 6.0, "is_prioritized": false, "circuit_id": null, "circuit_name": null, "subregion": null, "km_intervenir": 0}, "geometry": {"type": "LineString", "coordinates": [[-75.44345, 6.021], [-75.4478, 6.02024], [-75.44945, 6.01855], [-75.44891, 6.01691], [-75.45249, 6.01469], [-75.45522, 6.01567], [-75.46114, 6.0142], [-75.46225, 6.0118], [-75.46573, 6.01274], [-75.46675, 6.01055], [-75.46847, 6.01151], [-75.46767, 6.00692], [-75.47182, 6.00655], [-75.48006, 6.01399], [-75.48201, 6.01956], [-75.47813, 6.02546], [-75.47979, 6.03738], [-75.48827, 6.0427], [-75.48993, 6.04744], [-75.49427, 6.05046], [-75.49364, 6.0521], [-75.4964, 6.05278], [-75.49845, 6.05652], [-75.49852, 6.06226], [-75.50093, 6.06491]]}}, {"type": "Feature", "properties": {"codigo": "56AN05", "nombre": "La Ceja - Guaico Grande - Abejorral", "inicio": "La Ceja", "fin": "Abejorral", "longitud_km": 42.2, "ancho_m": 5.723457, "is_prioritized": false, "circuit_id": null, "circuit_name": null, "subregion": null, "km_intervenir": 0}, "geometry": {"type": "LineString", "coordinates": [[-75.43423, 6.01989], [-75.43597, 6.0137], [-75.43176, 6.00867], [-75.43498, 6.00516], [-75.43539, 5.99758], [-75.43744, 5.99513], [-75.43621, 5.99253], [-75.43823, 5.99102], [-75.43959, 5.98405], [-75.43774, 5.98249], [-75.437, 5.97507], [-75.43545, 5.97455], [-75.43589, 5.96699], [-75.43224, 5.96486], [-75.43179, 5.95199], [-75.42619, 5.94517], [-75.42981, 5.94172], [-75.42769, 5.94056], [-75.42807, 5.938], [-75.43129, 5.93791], [-75.43325, 5.93229], [-75.43408, 5.93335], [-75.43589, 5.93163], [-75.44202, 5.9337], [-75.44286, 5.93116], [-75.44571, 5.92954], [-75.44449, 5.92483], [-75.44307, 5.9248], [-75.44418, 5.9242], [-75.44153, 5.923], [-75.44338, 5.91877], [-75.44452, 5.91917], [-75.44368, 5.92053], [-75.44727, 5.91967], [-75.45143, 5.92115], [-75.44971, 5.91091], [-75.44694, 5.91015], [-75.44744, 5.90672], [-75.44442, 5.90093], [-75.44656, 5.89874], [-75.44495, 5.89817], [-75.44442, 5.8942], [-75.43859, 5.89083], [-75.4418, 5.88945], [-75.44103, 5.88773], [-75.43684, 5.88239], [-75.42448, 5.87878], [-75.4216, 5.87401], [-75.42294, 5.87111], [-75.42002, 5.8681], [-75.42355, 5.8653], [-75.42237, 5.86143], [-75.42435, 5.86078], [-75.42322, 5.85854], [-75.42741, 5.85421], [-75.42684, 5.84995], [-75.42338, 5.84837], [-75.42443, 5.8474], [-75.42246, 5.84612], [-75.42502, 5.84172], [-75.42384, 5.83962], [-75.42907, 5.83079], [-75.42889, 5.82628], [-75.43186, 5.82574], [-75.4296, 5.82282], [-75.42492, 5.82233], [-75.42258, 5.81934], [-75.42283, 5.8153], [-75.42535, 5.81503], [-75.42435, 5.81063], [-75.42546, 5.80848], [-75.42869, 5.80813], [-75.42997, 5.80619], [-75.42818, 5.80366], [-75.42937, 5.8023], [-75.42816, 5.79819], [-75.43068, 5.79672], [-75.43072, 5.79485]]}}, {"type": "Feature", "properties": {"codigo": "56AN09", "nombre": "Sonsón - Puente San Rafael", "inicio": "Sonsón", "fin": "Puente San Rafael", "longitud_km": 19.4, "ancho_m": 4.108953, "is_prioritized": true, "circuit_id": 19, "circuit_name": "Sonsón - Aguadas (Puente San Rafael)", "subregion": "Oriente", "km_intervenir": 19.22}, "geometry": {"type": "LineString", "coordinates": [[-75.31066, 5.70499], [-75.31108, 5.70139], [-75.31349, 5.70087], [-75.31501, 5.69631], [-75.31904, 5.69396], [-75.32399, 5.68736], [-75.32694, 5.67884], [-75.33222, 5.67587], [-75.33378, 5.67594], [-75.33404, 5.67801], [-75.33784, 5.67411], [-75.34042, 5.67412], [-75.33823, 5.6748], [-75.33702, 5.67741], [-75.33944, 5.67547], [-75.34102, 5.67649], [-75.34496, 5.67456], [-75.34393, 5.67594], [-75.3472, 5.67854], [-75.35147, 5.67683], [-75.34603, 5.67287], [-75.34553, 5.66938], [-75.34298, 5.66962], [-75.34107, 5.6675], [-75.34561, 5.66188], [-75.34467, 5.65918], [-75.3535, 5.66932], [-75.35259, 5.66647], [-75.35409, 5.66554], [-75.35623, 5.6674], [-75.36363, 5.66854], [-75.37232, 5.66813], [-75.37033, 5.66721], [-75.37319, 5.66659], [-75.36996, 5.66158]]}}, {"type": "Feature", "properties": {"codigo": "56AN10", "nombre": "Sonsón - La Quiebra - Nariño", "inicio": "Sonsón", "fin": "Nariño", "longitud_km": 33.4, "ancho_m": 6.584055, "is_prioritized": false, "circuit_id": null, "circuit_name": null, "subregion": null, "km_intervenir": 0}, "geometry": {"type": "LineString", "coordinates": [[-75.30512, 5.71179], [-75.30216, 5.71168], [-75.29794, 5.71574], [-75.29414, 5.71566], [-75.29145, 5.71791], [-75.28001, 5.7141], [-75.27906, 5.71084], [-75.27431, 5.71025], [-75.27459, 5.70843], [-75.26809, 5.7037], [-75.26446, 5.70462], [-75.26243, 5.70315], [-75.25767, 5.7037], [-75.25275, 5.70085], [-75.24992, 5.70148], [-75.24257, 5.69613], [-75.23847, 5.6957], [-75.23643, 5.69709], [-75.23068, 5.69594], [-75.2382, 5.69133], [-75.23379, 5.68964], [-75.23383, 5.68752], [-75.22997, 5.68806], [-75.2265, 5.6855], [-75.22688, 5.68314], [-75.23021, 5.684], [-75.23166, 5.681], [-75.23492, 5.68196], [-75.23505, 5.67403], [-75.23034, 5.67514], [-75.22619, 5.6722], [-75.22605, 5.67043], [-75.22337, 5.67036], [-75.2203, 5.66713], [-75.21134, 5.66394], [-75.21438, 5.66188], [-75.20795, 5.6618], [-75.2091, 5.65973], [-75.20662, 5.6593], [-75.2041, 5.65541], [-75.19899, 5.65376], [-75.19933, 5.65144], [-75.19789, 5.65166], [-75.19663, 5.64914], [-75.19921, 5.64692], [-75.19911, 5.64455], [-75.19797, 5.64557], [-75.19201, 5.64437], [-75.1917, 5.64212], [-75.19423, 5.63823], [-75.19148, 5.63573], [-75.19038, 5.63716], [-75.18849, 5.63016], [-75.18047, 5.62819], [-75.17934, 5.62385], [-75.17666, 5.62197], [-75.17609, 5.61583], [-75.17912, 5.61677], [-75.18061, 5.61276]]}}, {"type": "Feature", "properties": {"codigo": "56AN10-1", "nombre": "La Quiebra - Argelia", "inicio": "La Quiebra", "fin": "Argelia", "longitud_km": 18.4, "ancho_m": 6.265123, "is_prioritized": true, "circuit_id": 15, "circuit_name": "La Quiebra - Santa Ana", "subregion": "Oriente", "km_intervenir": 5.33}, "geometry": {"type": "LineString", "coordinates": [[-75.22684, 5.68319], [-75.22496, 5.68681], [-75.22732, 5.689], [-75.2203, 5.68868], [-75.21948, 5.69242], [-75.21578, 5.69179], [-75.21554, 5.69506], [-75.20024, 5.70009], [-75.19273, 5.70805], [-75.18672, 5.70908], [-75.18999, 5.71191], [-75.18462, 5.71081], [-75.17744, 5.71459], [-75.1745, 5.71439], [-75.17463, 5.71955], [-75.17196, 5.71857], [-75.1693, 5.72157], [-75.16831, 5.72016], [-75.16714, 5.7209], [-75.16803, 5.72277], [-75.16358, 5.72404], [-75.16044, 5.72321], [-75.15801, 5.72521], [-75.15642, 5.72341], [-75.15657, 5.72594], [-75.15315, 5.72714], [-75.15279, 5.72884], [-75.14498, 5.7313]]}}, {"type": "Feature", "properties": {"codigo": "56AN10-2", "nombre": "Nariño - Puente Linda", "inicio": "Nariño", "fin": "Puente Linda", "longitud_km": 20.5, "ancho_m": 4.550803, "is_prioritized": false, "circuit_id": null, "circuit_name": null, "subregion": null, "km_intervenir": 0}, "geometry": {"type": "LineString", "coordinates": [[-75.17773, 5.61566], [-75.17057, 5.6127], [-75.17109, 5.6155], [-75.16727, 5.61977], [-75.16898, 5.62207], [-75.16606, 5.62363], [-75.16155, 5.62139], [-75.16008, 5.62236], [-75.15801, 5.62022], [-75.1567, 5.62252], [-75.15175, 5.62323], [-75.14926, 5.62563], [-75.14822, 5.61839], [-75.14611, 5.61572], [-75.13807, 5.62198], [-75.13551, 5.6209], [-75.13396, 5.62217], [-75.13311, 5.60398], [-75.12607, 5.60286], [-75.11985, 5.59363], [-75.11538, 5.59081], [-75.11499, 5.58747], [-75.12051, 5.58436], [-75.12413, 5.58425], [-75.12519, 5.58099], [-75.12262, 5.5827], [-75.12114, 5.5818], [-75.12109, 5.57463], [-75.1177, 5.57424], [-75.119, 5.57126], [-75.12259, 5.57142], [-75.12222, 5.5699], [-75.11781, 5.56608], [-75.11444, 5.5666]]}}, {"type": "Feature", "properties": {"codigo": "6004A", "nombre": "Santo Domingo Savio - Piedras Blancas - Autopista (Guarne)", "inicio": "Santo Domingo Savio", "fin": "Autopista (Guarne)", "longitud_km": 16.2, "ancho_m": 3.6, "is_prioritized": false, "circuit_id": null, "circuit_name": null, "subregion": null, "km_intervenir": 0}, "geometry": {"type": "LineString", "coordinates": [[-75.53588, 6.29834], [-75.53638, 6.30643], [-75.53324, 6.30711], [-75.53115, 6.30559], [-75.52468, 6.30699], [-75.52222, 6.30958], [-75.52334, 6.31152], [-75.52085, 6.31248], [-75.52083, 6.31498], [-75.51548, 6.31704], [-75.51401, 6.31658], [-75.51199, 6.30868], [-75.50674, 6.30504], [-75.50343, 6.30022], [-75.50244, 6.30222], [-75.49792, 6.3003], [-75.49703, 6.30492], [-75.49466, 6.30713], [-75.48737, 6.3086], [-75.48693, 6.3074], [-75.48871, 6.30641], [-75.48437, 6.30591], [-75.48431, 6.30339], [-75.48205, 6.30435], [-75.48168, 6.30186], [-75.47751, 6.30403], [-75.47019, 6.29943], [-75.46211, 6.30027], [-75.45867, 6.29692], [-75.45464, 6.29769]]}}, {"type": "Feature", "properties": {"codigo": "60AN01", "nombre": "Bolívar - El Chaquiro", "inicio": "Bolívar", "fin": "El Chaquiro", "longitud_km": 35.0, "ancho_m": 4.025803, "is_prioritized": false, "circuit_id": null, "circuit_name": null, "subregion": null, "km_intervenir": 0}, "geometry": {"type": "LineString", "coordinates": [[-76.01926, 5.85768], [-76.01479, 5.85151], [-76.01214, 5.85127], [-76.01014, 5.8541], [-76.01007, 5.85882], [-76.01308, 5.86061], [-76.01492, 5.86785], [-76.00743, 5.87059], [-76.00331, 5.86957], [-76.00105, 5.87286], [-75.99792, 5.87161], [-75.99486, 5.87382], [-75.99679, 5.87543], [-75.99512, 5.87827], [-76.00139, 5.87968], [-75.99863, 5.88149], [-75.99701, 5.88525], [-76.00022, 5.88614], [-75.99931, 5.88847], [-76.00272, 5.88782], [-76.00249, 5.88938], [-76.00445, 5.89028], [-76.00154, 5.89182], [-76.00355, 5.89379], [-76.001, 5.89724], [-76.00151, 5.90035], [-76.00408, 5.90147], [-76.00278, 5.90397], [-75.99917, 5.90266], [-75.99713, 5.9052], [-75.9947, 5.90201], [-75.99534, 5.90965], [-75.99439, 5.91086], [-75.98995, 5.90987], [-75.99108, 5.91386], [-75.98539, 5.91554], [-75.98458, 5.91663], [-75.98592, 5.91813], [-75.98263, 5.92049], [-75.98078, 5.91995], [-75.97923, 5.92211], [-75.97629, 5.92198], [-75.9742, 5.91923], [-75.97107, 5.92116], [-75.97359, 5.92194], [-75.97015, 5.9257], [-75.97295, 5.92675], [-75.97454, 5.92544], [-75.97551, 5.92707], [-75.97729, 5.92573], [-75.97558, 5.93196], [-75.97856, 5.94011], [-75.98298, 5.93727], [-75.98579, 5.92988], [-75.98521, 5.93767], [-75.98377, 5.94097], [-75.97908, 5.94441], [-75.97939, 5.94673], [-75.97602, 5.94774], [-75.97366, 5.94198], [-75.9702, 5.93919], [-75.96069, 5.93891], [-75.95941, 5.94123], [-75.94919, 5.94267], [-75.95014, 5.94796]]}}, {"type": "Feature", "properties": {"codigo": "60AN02-1", "nombre": "Puerto Boy - Betania", "inicio": "Puerto Boy", "fin": "Betania", "longitud_km": 13.5, "ancho_m": 7.0, "is_prioritized": false, "circuit_id": null, "circuit_name": null, "subregion": null, "km_intervenir": 0}, "geometry": {"type": "LineString", "coordinates": [[-75.97217, 5.74274], [-75.96842, 5.74178], [-75.96819, 5.74359], [-75.97142, 5.74426], [-75.97623, 5.75003], [-75.9739, 5.75025], [-75.9694, 5.74727], [-75.96266, 5.74883], [-75.96383, 5.7521], [-75.95995, 5.74689], [-75.95872, 5.73987], [-75.95137, 5.73919], [-75.94925, 5.74224], [-75.94461, 5.74373], [-75.93748, 5.75198], [-75.92864, 5.74998], [-75.92694, 5.7527], [-75.92156, 5.75335], [-75.91128, 5.75975], [-75.90775, 5.76652]]}}, {"type": "Feature", "properties": {"codigo": "60AN04-1", "nombre": "Pueblorrico - Ye a La Bodega (Andes) - La Bodega (Andes)", "inicio": "Pueblorrico", "fin": "La Bodega (Andes)", "longitud_km": 28.0, "ancho_m": 4.196689, "is_prioritized": true, "circuit_id": 23, "circuit_name": "Andes - San José - Pueblo Rico", "subregion": "Suroeste", "km_intervenir": 22.39}, "geometry": {"type": "LineString", "coordinates": [[-75.83777, 5.79142], [-75.83832, 5.78949], [-75.83404, 5.78784], [-75.83319, 5.78283], [-75.83375, 5.77843], [-75.83761, 5.77839], [-75.83779, 5.77112], [-75.84373, 5.77461], [-75.84835, 5.76995], [-75.85025, 5.77213], [-75.85172, 5.77011], [-75.85322, 5.77144], [-75.8555, 5.76826], [-75.85805, 5.7683], [-75.85661, 5.76387], [-75.8609, 5.76107], [-75.85942, 5.76055], [-75.86101, 5.75924], [-75.86001, 5.75409], [-75.865, 5.75568], [-75.86749, 5.75313], [-75.86757, 5.75051], [-75.86406, 5.74904], [-75.86793, 5.74893], [-75.86413, 5.74714], [-75.86581, 5.74479], [-75.86454, 5.74395], [-75.86816, 5.74416], [-75.87186, 5.74986], [-75.86901, 5.74245], [-75.86737, 5.74251], [-75.86507, 5.73949], [-75.87113, 5.73528], [-75.86923, 5.7361], [-75.86895, 5.73249], [-75.87312, 5.72834], [-75.87442, 5.7288], [-75.87487, 5.72636], [-75.87853, 5.72856], [-75.88193, 5.72853], [-75.88114, 5.72662], [-75.88278, 5.72733], [-75.88221, 5.72586], [-75.88388, 5.72508], [-75.87747, 5.7164], [-75.87717, 5.71292], [-75.88126, 5.70957], [-75.88055, 5.70076], [-75.87855, 5.69906], [-75.87938, 5.69663], [-75.87531, 5.69005], [-75.87744, 5.68578]]}}, {"type": "Feature", "properties": {"codigo": "60AN05", "nombre": "El Barroso - El Chaquiro - Salgar", "inicio": "El Barroso", "fin": "Salgar", "longitud_km": 13.9, "ancho_m": 5.977778, "is_prioritized": false, "circuit_id": null, "circuit_name": null, "subregion": null, "km_intervenir": 0}, "geometry": {"type": "LineString", "coordinates": [[-75.89448, 5.89958], [-75.89551, 5.89894], [-75.89849, 5.90159], [-75.90241, 5.89955], [-75.90721, 5.90003], [-75.91297, 5.91118], [-75.91247, 5.92044], [-75.92084, 5.92463], [-75.92142, 5.92773], [-75.93204, 5.93847], [-75.94379, 5.94023], [-75.94972, 5.94782], [-75.95438, 5.94969], [-75.95452, 5.95238], [-75.95899, 5.95622], [-75.96186, 5.96289], [-75.96541, 5.96559], [-75.96714, 5.96512]]}}, {"type": "Feature", "properties": {"codigo": "60AN05-1", "nombre": "Salgar - La Quiebra", "inicio": "Salgar", "fin": "La Quiebra", "longitud_km": 18.8, "ancho_m": 4.409854, "is_prioritized": true, "circuit_id": 21, "circuit_name": "Salgar - La Quiebra - Concordia", "subregion": "Suroeste", "km_intervenir": 15.93}, "geometry": {"type": "LineString", "coordinates": [[-75.96714, 5.96512], [-75.96827, 5.97261], [-75.96512, 5.98204], [-75.96556, 5.98587], [-75.96324, 5.98963], [-75.96529, 5.99249], [-75.96401, 5.99789], [-75.96747, 6.00762], [-75.97305, 6.00819], [-75.97555, 6.01024], [-75.97713, 6.01692], [-75.9833, 6.02573], [-75.98563, 6.03571], [-75.98846, 6.04023], [-75.9853, 6.04005], [-75.98574, 6.03836], [-75.98108, 6.03449], [-75.98149, 6.03249], [-75.97909, 6.0323], [-75.97573, 6.02837], [-75.97665, 6.02645], [-75.97286, 6.02408], [-75.97198, 6.0286], [-75.96874, 6.02803], [-75.96896, 6.0304], [-75.96585, 6.03175], [-75.96475, 6.03549], [-75.96675, 6.03615], [-75.96617, 6.03853], [-75.96782, 6.03941], [-75.9667, 6.03997], [-75.96746, 6.04449], [-75.96974, 6.04492], [-75.9686, 6.04668], [-75.97061, 6.04912], [-75.96909, 6.05043]]}}, {"type": "Feature", "properties": {"codigo": "60AN06-2", "nombre": "Concordia - El Socorro - Betulia", "inicio": "Concordia", "fin": "Betulia", "longitud_km": 53.7, "ancho_m": 3.360687, "is_prioritized": false, "circuit_id": null, "circuit_name": null, "subregion": null, "km_intervenir": 0}, "geometry": {"type": "LineString", "coordinates": [[-75.90351, 6.04193], [-75.90004, 6.04065], [-75.90197, 6.04367], [-75.90236, 6.04972], [-75.90812, 6.0583], [-75.90754, 6.06466], [-75.91307, 6.07068], [-75.90913, 6.06974], [-75.90442, 6.06586], [-75.90393, 6.06862], [-75.90568, 6.07188], [-75.9083, 6.07379], [-75.91094, 6.07311], [-75.91362, 6.07625], [-75.91469, 6.075], [-75.91781, 6.07646], [-75.92003, 6.07092], [-75.92206, 6.07093], [-75.9212, 6.06846], [-75.9237, 6.06708], [-75.92344, 6.06449], [-75.92601, 6.06224], [-75.92742, 6.0641], [-75.92886, 6.06241], [-75.93004, 6.06436], [-75.92792, 6.06543], [-75.92748, 6.06959], [-75.93016, 6.07228], [-75.92963, 6.07467], [-75.93172, 6.07861], [-75.9355, 6.07831], [-75.9378, 6.07554], [-75.93881, 6.07715], [-75.93765, 6.07936], [-75.94015, 6.08073], [-75.9465, 6.07457], [-75.94424, 6.0841], [-75.9475, 6.08366], [-75.94745, 6.08777], [-75.94946, 6.08869], [-75.94701, 6.09045], [-75.94744, 6.09639], [-75.9441, 6.09385], [-75.94294, 6.08903], [-75.93989, 6.08864], [-75.93813, 6.09143], [-75.93746, 6.09807], [-75.93581, 6.09954], [-75.93455, 6.09803], [-75.93019, 6.10228], [-75.92506, 6.10071], [-75.92332, 6.09705], [-75.9172, 6.10283], [-75.91783, 6.10908], [-75.91587, 6.10991], [-75.9155, 6.1124], [-75.91122, 6.11053], [-75.90848, 6.11227], [-75.90649, 6.11104], [-75.90127, 6.1145], [-75.89791, 6.1126], [-75.89998, 6.12081], [-75.9085, 6.12314], [-75.90795, 6.12926], [-75.9087, 6.12612], [-75.91023, 6.13009], [-75.90986, 6.12792], [-75.91251, 6.12995], [-75.91116, 6.12603], [-75.91377, 6.12909], [-75.913, 6.12753], [-75.91614, 6.12302], [-75.91536, 6.12058], [-75.92141, 6.11907], [-75.92334, 6.11603], [-75.92581, 6.11599], [-75.926, 6.1196], [-75.92847, 6.12124], [-75.93402, 6.1178], [-75.93392, 6.11992], [-75.93715, 6.11586], [-75.94227, 6.11735], [-75.94493, 6.12033], [-75.94845, 6.12049], [-75.95368, 6.11857], [-75.95876, 6.11132], [-75.96076, 6.11405], [-75.96229, 6.11255], [-75.9642, 6.11404], [-75.96528, 6.11302], [-75.9659, 6.11566], [-75.96798, 6.11644], [-75.96642, 6.11955], [-75.9709, 6.1167], [-75.97334, 6.11842], [-75.97435, 6.12076], [-75.97262, 6.12658], [-75.97734, 6.11963], [-75.97991, 6.12044], [-75.9785, 6.11726], [-75.98123, 6.11697], [-75.98243, 6.11462]]}}, {"type": "Feature", "properties": {"codigo": "60AN07", "nombre": "Bolombolo - Venecia", "inicio": "Bolombolo", "fin": "Venecia", "longitud_km": 18.3, "ancho_m": 7.930233, "is_prioritized": false, "circuit_id": null, "circuit_name": null, "subregion": null, "km_intervenir": 0}, "geometry": {"type": "LineString", "coordinates": [[-75.83673, 5.97006], [-75.83144, 5.96719], [-75.82601, 5.95849], [-75.82498, 5.96084], [-75.82596, 5.96269], [-75.82297, 5.96225], [-75.82092, 5.95957], [-75.81689, 5.96231], [-75.8159, 5.95981], [-75.8036, 5.95474], [-75.80108, 5.95952], [-75.79941, 5.95919], [-75.79929, 5.96154], [-75.7968, 5.96196], [-75.7961, 5.96867], [-75.79465, 5.96781], [-75.79173, 5.9697], [-75.79087, 5.97219], [-75.78863, 5.97214], [-75.78773, 5.96935], [-75.78395, 5.97046], [-75.78168, 5.96684], [-75.77557, 5.97158], [-75.76991, 5.97041], [-75.76507, 5.97422], [-75.76356, 5.97308], [-75.76128, 5.97479], [-75.76183, 5.97206], [-75.75936, 5.97077], [-75.75543, 5.97253], [-75.75176, 5.96859], [-75.74803, 5.96802], [-75.74557, 5.96471], [-75.73793, 5.96249], [-75.73763, 5.96363]]}}, {"type": "Feature", "properties": {"codigo": "60AN08", "nombre": "Albania - Titiribí", "inicio": "Albania", "fin": "Titiribí.", "longitud_km": 9.6, "ancho_m": 6.973684, "is_prioritized": false, "circuit_id": null, "circuit_name": null, "subregion": null, "km_intervenir": 0}, "geometry": {"type": "LineString", "coordinates": [[-75.75429, 6.05835], [-75.75583, 6.05743], [-75.75578, 6.06274], [-75.75818, 6.06575], [-75.75549, 6.06784], [-75.75459, 6.0715], [-75.75635, 6.07592], [-75.75925, 6.07709], [-75.76014, 6.07554], [-75.76597, 6.07539], [-75.76718, 6.07269], [-75.77199, 6.06987], [-75.77351, 6.07077], [-75.77633, 6.06703], [-75.77918, 6.07122], [-75.78317, 6.05983], [-75.78523, 6.0621], [-75.78678, 6.05766], [-75.7876, 6.05973]]}}, {"type": "Feature", "properties": {"codigo": "60AN08-1", "nombre": "Alto del Chuscal - Armenia - Titiribí", "inicio": "Alto del Chuscal", "fin": "Titiribí", "longitud_km": 52.4, "ancho_m": 5.356522, "is_prioritized": true, "circuit_id": 20, "circuit_name": "Titiribi - Armenia", "subregion": "Suroeste - Occidente", "km_intervenir": 10.0}, "geometry": {"type": "LineString", "coordinates": [[-75.69922, 6.20125], [-75.69788, 6.1985], [-75.69949, 6.19712], [-75.69918, 6.18941], [-75.70521, 6.17866], [-75.70249, 6.17523], [-75.70265, 6.16814], [-75.70701, 6.16932], [-75.70931, 6.16529], [-75.709, 6.17127], [-75.70636, 6.1721], [-75.70779, 6.17409], [-75.71599, 6.17006], [-75.71759, 6.1715], [-75.72248, 6.16761], [-75.72139, 6.16643], [-75.72675, 6.17013], [-75.72959, 6.16724], [-75.73381, 6.16864], [-75.7369, 6.16683], [-75.73995, 6.16072], [-75.74237, 6.15942], [-75.74197, 6.15687], [-75.74423, 6.15344], [-75.74794, 6.15862], [-75.75172, 6.15565], [-75.75308, 6.1632], [-75.75973, 6.16997], [-75.76164, 6.16779], [-75.76265, 6.16934], [-75.76645, 6.16341], [-75.76842, 6.16397], [-75.76874, 6.16032], [-75.77255, 6.15835], [-75.77408, 6.15509], [-75.78105, 6.16083], [-75.78368, 6.15976], [-75.78499, 6.14864], [-75.79593, 6.15663], [-75.79939, 6.15691], [-75.80346, 6.15379], [-75.80786, 6.14411], [-75.80702, 6.14071], [-75.80912, 6.13737], [-75.80921, 6.13342], [-75.80609, 6.12648], [-75.80977, 6.12505], [-75.80702, 6.11936], [-75.80939, 6.11574], [-75.80522, 6.11806], [-75.80544, 6.12351], [-75.80047, 6.1252], [-75.80189, 6.12738], [-75.79976, 6.12935], [-75.80168, 6.13346], [-75.79888, 6.13427], [-75.79801, 6.13911], [-75.79711, 6.13179], [-75.79538, 6.12947], [-75.79512, 6.12094], [-75.79152, 6.1218], [-75.79584, 6.11542], [-75.79712, 6.1088], [-75.80079, 6.10728], [-75.80152, 6.10455], [-75.79271, 6.09923], [-75.80021, 6.09926], [-75.80501, 6.10107], [-75.80098, 6.09773], [-75.79879, 6.09837], [-75.79795, 6.09678], [-75.79551, 6.09679], [-75.7918, 6.09069], [-75.78931, 6.09057], [-75.78953, 6.08774], [-75.79234, 6.08768], [-75.7935, 6.08299], [-75.79122, 6.07296], [-75.79325, 6.07437], [-75.79267, 6.0703], [-75.79479, 6.07331], [-75.79467, 6.07042], [-75.79714, 6.07355], [-75.79616, 6.06599]]}}, {"type": "Feature", "properties": {"codigo": "60AN08-2", "nombre": "Titiribí - Sinifaná", "inicio": "Titiribí", "fin": "Sinifaná", "longitud_km": 25.9, "ancho_m": 3.987528, "is_prioritized": false, "circuit_id": null, "circuit_name": null, "subregion": null, "km_intervenir": 0}, "geometry": {"type": "LineString", "coordinates": [[-75.79611, 6.06472], [-75.79626, 6.06803], [-75.80224, 6.07597], [-75.80277, 6.08047], [-75.80799, 6.08606], [-75.8026, 6.08962], [-75.80577, 6.09284], [-75.80787, 6.09277], [-75.80933, 6.09057], [-75.80943, 6.09377], [-75.81269, 6.08921], [-75.81637, 6.08898], [-75.82245, 6.09249], [-75.82604, 6.08718], [-75.82424, 6.08473], [-75.82767, 6.08318], [-75.82804, 6.08008], [-75.8323, 6.07626], [-75.83626, 6.07506], [-75.83886, 6.07221], [-75.83668, 6.06916], [-75.83867, 6.06617], [-75.8377, 6.06363], [-75.83938, 6.06293], [-75.83707, 6.0604], [-75.83933, 6.05971], [-75.83842, 6.05715], [-75.84084, 6.05515], [-75.83672, 6.05316], [-75.83786, 6.05185], [-75.83554, 6.04769], [-75.83684, 6.04604], [-75.83351, 6.04414], [-75.83276, 6.03964], [-75.83147, 6.03845], [-75.82938, 6.04189], [-75.82503, 6.03726], [-75.8251, 6.03228], [-75.82829, 6.02806], [-75.82585, 6.0278], [-75.82385, 6.02198], [-75.82654, 6.02449], [-75.82656, 6.02168], [-75.82574, 6.02008], [-75.81917, 6.01758], [-75.82145, 6.0139], [-75.81808, 6.00946], [-75.81658, 6.00975], [-75.81678, 6.00486], [-75.81156, 5.99841]]}}, {"type": "Feature", "properties": {"codigo": "60AN09", "nombre": "Camilocé - El Cinco - Fredonia", "inicio": "Camilocé", "fin": "Fredonia", "longitud_km": 16.5, "ancho_m": 7.757576, "is_prioritized": false, "circuit_id": null, "circuit_name": null, "subregion": null, "km_intervenir": 0}, "geometry": {"type": "LineString", "coordinates": [[-75.69936, 6.02774], [-75.70043, 6.0254], [-75.69767, 6.02547], [-75.69565, 6.02349], [-75.69316, 6.01161], [-75.68769, 6.00413], [-75.68595, 5.99871], [-75.68673, 5.99659], [-75.68481, 5.99599], [-75.68647, 5.99044], [-75.68492, 5.98426], [-75.68658, 5.9815], [-75.6804, 5.97824], [-75.6789, 5.97543], [-75.67944, 5.96992], [-75.67621, 5.96818], [-75.67627, 5.96325], [-75.67798, 5.96275], [-75.67954, 5.95584], [-75.6815, 5.95911], [-75.68167, 5.95646], [-75.6835, 5.95871], [-75.68369, 5.95299], [-75.68616, 5.95211], [-75.68847, 5.95329]]}}, {"type": "Feature", "properties": {"codigo": "60AN09-1", "nombre": "El Cinco - Venecia", "inicio": "El Cinco", "fin": "Venecia", "longitud_km": 7.3, "ancho_m": 7.0, "is_prioritized": false, "circuit_id": null, "circuit_name": null, "subregion": null, "km_intervenir": 0}, "geometry": {"type": "LineString", "coordinates": [[-75.68847, 5.95329], [-75.69278, 5.95336], [-75.69514, 5.9553], [-75.69591, 5.9585], [-75.7014, 5.95737], [-75.71116, 5.95861], [-75.71645, 5.96431], [-75.71749, 5.96042], [-75.72413, 5.95984], [-75.72574, 5.95706], [-75.73029, 5.95496], [-75.73395, 5.95636], [-75.73486, 5.95853]]}}, {"type": "Feature", "properties": {"codigo": "60AN09-2", "nombre": "Mi Casita (Fredonia) - Venecia", "inicio": "Mi Casita (Fredonia)", "fin": "Venecia", "longitud_km": 21.7, "ancho_m": 3.69709, "is_prioritized": false, "circuit_id": null, "circuit_name": null, "subregion": null, "km_intervenir": 0}, "geometry": {"type": "LineString", "coordinates": [[-75.68544, 5.93451], [-75.68931, 5.93354], [-75.69254, 5.9305], [-75.69326, 5.92781], [-75.69081, 5.9269], [-75.6885, 5.922], [-75.6918, 5.91608], [-75.69417, 5.91641], [-75.69347, 5.91363], [-75.69466, 5.91307], [-75.69238, 5.91141], [-75.69996, 5.9121], [-75.70114, 5.91345], [-75.70574, 5.90936], [-75.70984, 5.90848], [-75.7138, 5.91046], [-75.71454, 5.9127], [-75.71793, 5.91266], [-75.71756, 5.91083], [-75.71894, 5.91027], [-75.72037, 5.91153], [-75.72677, 5.91007], [-75.72856, 5.91422], [-75.73166, 5.91598], [-75.73105, 5.91955], [-75.73432, 5.92434], [-75.73644, 5.92615], [-75.74399, 5.92768], [-75.74044, 5.929], [-75.73959, 5.9314], [-75.74028, 5.93589], [-75.74208, 5.93693], [-75.74137, 5.94081], [-75.74324, 5.94434], [-75.74551, 5.94479], [-75.74711, 5.94889], [-75.75285, 5.95311], [-75.75332, 5.96156], [-75.74977, 5.96159], [-75.74701, 5.96455], [-75.74359, 5.96375]]}}, {"type": "Feature", "properties": {"codigo": "60AN11", "nombre": "La Tolva - Ye a Fredonia", "inicio": "La Tolva", "fin": "Ye a Fredonia", "longitud_km": 24.6, "ancho_m": 2.225412, "is_prioritized": false, "circuit_id": null, "circuit_name": null, "subregion": null, "km_intervenir": 0}, "geometry": {"type": "LineString", "coordinates": [[-75.64015, 6.05844], [-75.6357, 6.04901], [-75.63619, 6.04413], [-75.64279, 6.0396], [-75.64549, 6.03025], [-75.6482, 6.026], [-75.65029, 6.02591], [-75.65436, 6.02174], [-75.65485, 6.01824], [-75.65422, 6.01396], [-75.65335, 6.01635], [-75.65165, 6.01298], [-75.6523, 6.00946], [-75.65065, 6.00537], [-75.64685, 6.00306], [-75.64793, 6.00199], [-75.64729, 5.99658], [-75.64305, 5.99495], [-75.64729, 5.99303], [-75.64755, 5.98431], [-75.64664, 5.97654], [-75.64241, 5.97459], [-75.64103, 5.97778], [-75.64066, 5.97492], [-75.63847, 5.97359], [-75.64085, 5.9718], [-75.63898, 5.96763], [-75.64048, 5.9684], [-75.64195, 5.96571], [-75.63943, 5.9603], [-75.64185, 5.95996], [-75.6419, 5.95751], [-75.64616, 5.95176], [-75.64732, 5.94895], [-75.64606, 5.94564], [-75.64854, 5.94662], [-75.65026, 5.95102], [-75.65632, 5.94607], [-75.65573, 5.94256], [-75.65484, 5.94381], [-75.65195, 5.93962], [-75.65936, 5.9391]]}}, {"type": "Feature", "properties": {"codigo": "60AN12", "nombre": "Guarne - San Vicente", "inicio": "Guarne", "fin": "San Vicente", "longitud_km": 25.0, "ancho_m": 4.223381, "is_prioritized": true, "circuit_id": 29, "circuit_name": "Guarne - Yolombal", "subregion": "Oriente", "km_intervenir": 5.0}, "geometry": {"type": "LineString", "coordinates": [[-75.4389, 6.2835], [-75.4332, 6.28153], [-75.4337, 6.28596], [-75.43087, 6.28371], [-75.4309, 6.28763], [-75.42921, 6.28598], [-75.42961, 6.29157], [-75.42786, 6.29089], [-75.42716, 6.29297], [-75.42822, 6.29706], [-75.42415, 6.29925], [-75.42547, 6.30319], [-75.42402, 6.30477], [-75.41652, 6.3057], [-75.41625, 6.30923], [-75.41239, 6.3122], [-75.41, 6.31195], [-75.40991, 6.31381], [-75.40712, 6.31541], [-75.4078, 6.31695], [-75.40352, 6.31648], [-75.39993, 6.31924], [-75.40128, 6.3215], [-75.40129, 6.32969], [-75.40005, 6.33399], [-75.39664, 6.33446], [-75.39256, 6.33386], [-75.39104, 6.33091], [-75.38719, 6.33261], [-75.38477, 6.33072], [-75.38008, 6.33279], [-75.38067, 6.32859], [-75.37586, 6.3208], [-75.37651, 6.31433], [-75.37361, 6.31401], [-75.37244, 6.31035], [-75.36995, 6.3103], [-75.37074, 6.30896], [-75.36915, 6.30693], [-75.36477, 6.30612], [-75.36056, 6.30223], [-75.35763, 6.30248], [-75.35715, 6.30604], [-75.35379, 6.30535], [-75.34845, 6.30045], [-75.34444, 6.28824], [-75.33675, 6.28802], [-75.33509, 6.2862]]}}, {"type": "Feature", "properties": {"codigo": "60AN14", "nombre": "Berrío (Cruce Ruta 60) - San Vicente", "inicio": "Berrío (Cruce Ruta 60)", "fin": "San Vicente", "longitud_km": 11.3, "ancho_m": 7.0, "is_prioritized": false, "circuit_id": null, "circuit_name": null, "subregion": null, "km_intervenir": 0}, "geometry": {"type": "LineString", "coordinates": [[-75.3932, 6.22512], [-75.38963, 6.22454], [-75.38652, 6.22749], [-75.386, 6.23274], [-75.37995, 6.23233], [-75.37491, 6.23888], [-75.36849, 6.24131], [-75.36466, 6.24945], [-75.35909, 6.25079], [-75.35454, 6.2554], [-75.34872, 6.25632], [-75.34547, 6.25969], [-75.34562, 6.26136], [-75.34363, 6.26201], [-75.34508, 6.26618], [-75.33934, 6.26761], [-75.33688, 6.27294], [-75.33444, 6.27391], [-75.33591, 6.2771]]}}, {"type": "Feature", "properties": {"codigo": "60AN14-1", "nombre": "San Vicente - El Peñol", "inicio": "San Vicente", "fin": "El Peñol", "longitud_km": 26.8, "ancho_m": 4.9, "is_prioritized": true, "circuit_id": 16, "circuit_name": "San Vicente - El Peñol", "subregion": "Oriente", "km_intervenir": 18.15}, "geometry": {"type": "LineString", "coordinates": [[-75.32944, 6.28199], [-75.32597, 6.28341], [-75.32186, 6.28225], [-75.32189, 6.28473], [-75.32007, 6.28589], [-75.31192, 6.28272], [-75.30774, 6.28545], [-75.30444, 6.28474], [-75.30345, 6.2813], [-75.29913, 6.28024], [-75.29686, 6.2835], [-75.29374, 6.28379], [-75.29447, 6.28664], [-75.29277, 6.28941], [-75.28699, 6.29157], [-75.28412, 6.28924], [-75.28147, 6.29163], [-75.27339, 6.29181], [-75.26565, 6.29538], [-75.25812, 6.29347], [-75.25639, 6.29536], [-75.25332, 6.2931], [-75.25109, 6.29486], [-75.24528, 6.2847], [-75.24331, 6.28407], [-75.24233, 6.28625], [-75.24122, 6.28396], [-75.23793, 6.28493], [-75.24284, 6.28226], [-75.24126, 6.27927], [-75.24198, 6.27263], [-75.23417, 6.2688], [-75.23183, 6.26465], [-75.23393, 6.26158], [-75.23273, 6.25915], [-75.23434, 6.25778], [-75.2323, 6.256], [-75.23435, 6.25464], [-75.23359, 6.25036], [-75.23741, 6.24598], [-75.24001, 6.24552], [-75.23741, 6.24262], [-75.23679, 6.23852], [-75.23374, 6.23576], [-75.23436, 6.23323], [-75.22955, 6.2327], [-75.22476, 6.22813], [-75.22687, 6.22631], [-75.23046, 6.21672]]}}, {"type": "Feature", "properties": {"codigo": "60AN15", "nombre": "Marinilla - Peñol", "inicio": "Marinilla", "fin": "El Peñol", "longitud_km": 17.0, "ancho_m": 7.314286, "is_prioritized": false, "circuit_id": null, "circuit_name": null, "subregion": null, "km_intervenir": 0}, "geometry": {"type": "LineString", "coordinates": [[-75.32898, 6.17014], [-75.3249, 6.17186], [-75.32271, 6.17059], [-75.31941, 6.17696], [-75.3118, 6.17498], [-75.30872, 6.17586], [-75.30831, 6.17757], [-75.30546, 6.17712], [-75.30369, 6.18074], [-75.30476, 6.18586], [-75.30203, 6.1853], [-75.30093, 6.1825], [-75.29879, 6.1818], [-75.29171, 6.18623], [-75.2913, 6.1902], [-75.28735, 6.19395], [-75.28823, 6.19584], [-75.28465, 6.19817], [-75.28443, 6.2024], [-75.28199, 6.20933], [-75.27981, 6.21066], [-75.27982, 6.214], [-75.27395, 6.21515], [-75.27213, 6.21906], [-75.27324, 6.22211], [-75.26917, 6.22357], [-75.26763, 6.22645], [-75.25556, 6.22787], [-75.25156, 6.22287], [-75.24652, 6.22224]]}}, {"type": "Feature", "properties": {"codigo": "60AN15-1", "nombre": "Marinilla - El Santuario - Carmen de Viboral - Canadá", "inicio": "Marinilla", "fin": "Canadá", "longitud_km": 28.85, "ancho_m": 4.135842, "is_prioritized": false, "circuit_id": null, "circuit_name": null, "subregion": null, "km_intervenir": 0}, "geometry": {"type": "LineString", "coordinates": [[-75.32562, 6.17076], [-75.31846, 6.16736], [-75.31501, 6.15883], [-75.31222, 6.15854], [-75.3093, 6.15347], [-75.30689, 6.15303], [-75.3071, 6.15145], [-75.30365, 6.14878], [-75.30012, 6.1471], [-75.29498, 6.14841], [-75.28592, 6.14583], [-75.28063, 6.14688], [-75.27963, 6.14599], [-75.28334, 6.14178], [-75.28362, 6.13854], [-75.27479, 6.13891], [-75.27215, 6.13585], [-75.26942, 6.13684], [-75.27482, 6.12138], [-75.2794, 6.12111], [-75.28489, 6.1165], [-75.28922, 6.11721], [-75.28863, 6.11509], [-75.29229, 6.10928], [-75.30029, 6.10815], [-75.30047, 6.10166], [-75.30734, 6.09731], [-75.31041, 6.09847], [-75.30912, 6.09672], [-75.31374, 6.09432], [-75.3151, 6.08992], [-75.32119, 6.08954], [-75.32859, 6.08333], [-75.34751, 6.08088], [-75.35365, 6.06959], [-75.35685, 6.069], [-75.36192, 6.07173], [-75.37424, 6.0704], [-75.37932, 6.07382]]}}, {"type": "Feature", "properties": {"codigo": "60AN15-2-1", "nombre": "La Aurora - Sonadora - Guatape", "inicio": "La Aurora", "fin": "Guatape", "longitud_km": 16.5, "ancho_m": 2.7, "is_prioritized": false, "circuit_id": null, "circuit_name": null, "subregion": null, "km_intervenir": 0}, "geometry": {"type": "LineString", "coordinates": [[-75.15621, 6.15613], [-75.16297, 6.16932], [-75.16231, 6.17271], [-75.16404, 6.1726], [-75.16489, 6.17688], [-75.16608, 6.17887], [-75.1676, 6.17867], [-75.16673, 6.18109], [-75.16859, 6.18527], [-75.16644, 6.19122], [-75.17421, 6.19563], [-75.17252, 6.19722], [-75.17309, 6.20065], [-75.16797, 6.20371], [-75.16906, 6.20552], [-75.16611, 6.20556], [-75.16803, 6.20948], [-75.16701, 6.2105], [-75.16288, 6.20793], [-75.16034, 6.20814], [-75.15409, 6.21704], [-75.15177, 6.21233], [-75.14995, 6.21399], [-75.14839, 6.21248], [-75.1434, 6.22009], [-75.14497, 6.22738], [-75.14778, 6.22871], [-75.14905, 6.22761], [-75.15094, 6.23037], [-75.15529, 6.23091]]}}, {"type": "Feature", "properties": {"codigo": "60AN16", "nombre": "Autopista - El Ramal - Granada", "inicio": "Autopista", "fin": "Granada", "longitud_km": 12.5, "ancho_m": 6.8, "is_prioritized": false, "circuit_id": null, "circuit_name": null, "subregion": null, "km_intervenir": 0}, "geometry": {"type": "LineString", "coordinates": [[-75.24594, 6.12506], [-75.24496, 6.12643], [-75.24111, 6.12533], [-75.23641, 6.13179], [-75.22981, 6.13101], [-75.22735, 6.12835], [-75.2273, 6.13065], [-75.22422, 6.13265], [-75.21872, 6.12902], [-75.21617, 6.13187], [-75.20961, 6.12903], [-75.2061, 6.12952], [-75.19796, 6.12367], [-75.19429, 6.12411], [-75.19298, 6.12079], [-75.1888, 6.12062], [-75.18698, 6.1227], [-75.18374, 6.12258], [-75.17865, 6.12566], [-75.1779, 6.12978], [-75.17896, 6.13255], [-75.18211, 6.13436], [-75.183, 6.14168]]}}, {"type": "Feature", "properties": {"codigo": "60AN16-1", "nombre": "Granada - El Choco - San Carlos", "inicio": "Granada", "fin": "San Carlos", "longitud_km": 39.8, "ancho_m": 6.459259, "is_prioritized": false, "circuit_id": null, "circuit_name": null, "subregion": null, "km_intervenir": 0}, "geometry": {"type": "LineString", "coordinates": [[-75.18773, 6.14642], [-75.18523, 6.14693], [-75.1836, 6.14964], [-75.18207, 6.14893], [-75.18204, 6.15162], [-75.17796, 6.15105], [-75.17601, 6.14878], [-75.17213, 6.15054], [-75.16633, 6.14847], [-75.16283, 6.15121], [-75.16036, 6.15021], [-75.15598, 6.15189], [-75.15759, 6.15295], [-75.15572, 6.15738], [-75.15052, 6.15352], [-75.14642, 6.15381], [-75.14667, 6.15245], [-75.14506, 6.15215], [-75.14305, 6.1553], [-75.14081, 6.15427], [-75.13993, 6.15526], [-75.13888, 6.15989], [-75.13485, 6.15491], [-75.13378, 6.15638], [-75.1315, 6.15562], [-75.13126, 6.15922], [-75.12773, 6.15894], [-75.12664, 6.15714], [-75.12315, 6.15746], [-75.12059, 6.15516], [-75.12025, 6.14918], [-75.1192, 6.1468], [-75.11596, 6.14529], [-75.11687, 6.14328], [-75.11374, 6.13782], [-75.11161, 6.13673], [-75.10943, 6.13844], [-75.10929, 6.13525], [-75.10568, 6.13314], [-75.10374, 6.13638], [-75.09925, 6.13701], [-75.09305, 6.14384], [-75.09073, 6.14749], [-75.09288, 6.15], [-75.08979, 6.15048], [-75.08816, 6.15251], [-75.08531, 6.15187], [-75.08412, 6.15505], [-75.0791, 6.15634], [-75.08072, 6.15461], [-75.07855, 6.14982], [-75.0701, 6.15093], [-75.0679, 6.14761], [-75.0664, 6.14963], [-75.06333, 6.14805], [-75.06197, 6.1491], [-75.0613, 6.14757], [-75.05563, 6.14572], [-75.05355, 6.14835], [-75.05583, 6.14886], [-75.05671, 6.15139], [-75.0525, 6.15414], [-75.05246, 6.15694], [-75.04697, 6.16536], [-75.04045, 6.16495], [-75.04042, 6.16314], [-75.03946, 6.16401], [-75.03531, 6.15991], [-75.03445, 6.16202], [-75.03025, 6.16406], [-75.02199, 6.16575], [-75.01164, 6.17582], [-75.0048, 6.17943], [-75.00475, 6.18298], [-74.99677, 6.18553]]}}, {"type": "Feature", "properties": {"codigo": "60AN17", "nombre": "Autopista - Cocorná", "inicio": "Autopista", "fin": "Cocorná", "longitud_km": 6.7, "ancho_m": 6.307692, "is_prioritized": false, "circuit_id": null, "circuit_name": null, "subregion": null, "km_intervenir": 0}, "geometry": {"type": "LineString", "coordinates": [[-75.22621, 6.05327], [-75.22425, 6.05457], [-75.22064, 6.05105], [-75.21919, 6.05207], [-75.21527, 6.05053], [-75.21258, 6.05188], [-75.21042, 6.04895], [-75.20793, 6.0512], [-75.19763, 6.05096], [-75.1968, 6.05176], [-75.20041, 6.05797], [-75.19469, 6.05715], [-75.18889, 6.05951]]}}, {"type": "Feature", "properties": {"codigo": "60AN17-1", "nombre": "Cocorná - El Ramal (Granada)", "inicio": "Cocorná", "fin": "El Ramal (Granada)", "longitud_km": 13.0, "ancho_m": 4.552027, "is_prioritized": false, "circuit_id": null, "circuit_name": null, "subregion": null, "km_intervenir": 0}, "geometry": {"type": "LineString", "coordinates": [[-75.18347, 6.06201], [-75.18042, 6.05993], [-75.18088, 6.06441], [-75.17801, 6.06765], [-75.17592, 6.06736], [-75.17469, 6.07044], [-75.17059, 6.0686], [-75.1701, 6.07185], [-75.16614, 6.07134], [-75.17068, 6.07808], [-75.16967, 6.07922], [-75.17219, 6.08105], [-75.16996, 6.08385], [-75.17239, 6.10161], [-75.17142, 6.10408], [-75.17794, 6.11188], [-75.18045, 6.11244], [-75.18549, 6.11731], [-75.18482, 6.11859], [-75.18332, 6.11793], [-75.18302, 6.1201], [-75.18875, 6.12064]]}}, {"type": "Feature", "properties": {"codigo": "60AN18", "nombre": "La Piñuela - San Francisco", "inicio": "La Piñuela", "fin": "San Francisco", "longitud_km": 12.7, "ancho_m": 6.0, "is_prioritized": false, "circuit_id": null, "circuit_name": null, "subregion": null, "km_intervenir": 0}, "geometry": {"type": "LineString", "coordinates": [[-75.14304, 6.0128], [-75.14251, 6.01086], [-75.1389, 6.00868], [-75.13862, 6.00575], [-75.13632, 6.0039], [-75.1321, 6.00447], [-75.13203, 6.002], [-75.12996, 6.00143], [-75.12947, 5.99684], [-75.13113, 5.99218], [-75.12962, 5.98971], [-75.12467, 5.99138], [-75.11978, 5.98617], [-75.11581, 5.98438], [-75.11526, 5.97733], [-75.11392, 5.97608], [-75.115, 5.97314], [-75.11394, 5.97354], [-75.11311, 5.9678], [-75.112, 5.96888], [-75.11297, 5.9699], [-75.10967, 5.96866], [-75.10833, 5.97208], [-75.10848, 5.96903], [-75.10699, 5.96814], [-75.10617, 5.96974], [-75.10482, 5.96743], [-75.10552, 5.9655], [-75.10321, 5.96745], [-75.10382, 5.96424], [-75.10273, 5.96611]]}}, {"type": "Feature", "properties": {"codigo": "60AN19", "nombre": "Autopista - San Luis", "inicio": "Autopista", "fin": "San Luis", "longitud_km": 6.5, "ancho_m": 5.923077, "is_prioritized": false, "circuit_id": null, "circuit_name": null, "subregion": null, "km_intervenir": 0}, "geometry": {"type": "LineString", "coordinates": [[-74.95878, 6.01124], [-74.96687, 6.0184], [-74.96725, 6.02091], [-74.97121, 6.02458], [-74.97749, 6.02644], [-74.98361, 6.03341], [-74.98637, 6.03207], [-74.98739, 6.04029], [-74.98863, 6.04147], [-74.99106, 6.04002], [-74.99049, 6.0422]]}}, {"type": "Feature", "properties": {"codigo": "60AN19-1", "nombre": "San Carlos - Partidas a San Miguel - Los Planes", "inicio": "San Carlos", "fin": "Los Planes", "longitud_km": 19.3, "ancho_m": 3.212813, "is_prioritized": false, "circuit_id": null, "circuit_name": null, "subregion": null, "km_intervenir": 0}, "geometry": {"type": "LineString", "coordinates": [[-74.96927, 6.09505], [-74.96691, 6.09983], [-74.96849, 6.1011], [-74.963, 6.10933], [-74.96378, 6.11471], [-74.96607, 6.1171], [-74.97132, 6.11769], [-74.97237, 6.12067], [-74.97502, 6.12064], [-74.97558, 6.12204], [-74.9734, 6.12275], [-74.97535, 6.12375], [-74.97519, 6.1259], [-74.9781, 6.12668], [-74.97635, 6.12886], [-74.97977, 6.12761], [-74.97637, 6.13071], [-74.97975, 6.12933], [-74.98245, 6.13652], [-74.98081, 6.14469], [-74.98264, 6.14261], [-74.98467, 6.14495], [-74.98819, 6.14478], [-74.98439, 6.15021], [-74.98669, 6.15385], [-74.98612, 6.16128], [-74.99177, 6.16622], [-74.99118, 6.1702], [-74.99006, 6.17005], [-74.9917, 6.17161], [-74.99495, 6.16854], [-75.00403, 6.16769], [-75.0028, 6.16953], [-75.00492, 6.16982], [-75.00489, 6.17153], [-75.00193, 6.1734], [-75.00414, 6.17669], [-75.00715, 6.1779]]}}, {"type": "Feature", "properties": {"codigo": "60AN19-2", "nombre": "San Luis - El Choco", "inicio": "San Luis", "fin": "El Choco", "longitud_km": 21.0, "ancho_m": 4.354092, "is_prioritized": false, "circuit_id": null, "circuit_name": null, "subregion": null, "km_intervenir": 0}, "geometry": {"type": "LineString", "coordinates": [[-74.99887, 6.0455], [-75.00051, 6.04724], [-75.00383, 6.04669], [-75.00853, 6.05302], [-75.0103, 6.05282], [-75.01025, 6.05705], [-75.01673, 6.06088], [-75.0151, 6.06264], [-75.01715, 6.06402], [-75.01856, 6.0682], [-75.02373, 6.0687], [-75.0249, 6.0722], [-75.03385, 6.0779], [-75.03102, 6.07945], [-75.03187, 6.085], [-75.03326, 6.08485], [-75.0345, 6.08735], [-75.03541, 6.09418], [-75.03709, 6.09507], [-75.03622, 6.10085], [-75.04147, 6.09976], [-75.03908, 6.10315], [-75.04203, 6.10424], [-75.04123, 6.10791], [-75.0433, 6.10746], [-75.04374, 6.11471], [-75.04035, 6.12374], [-75.04295, 6.13003], [-75.04176, 6.1322], [-75.04525, 6.13214], [-75.04529, 6.13672], [-75.04947, 6.13949], [-75.05242, 6.13804], [-75.05488, 6.139], [-75.05565, 6.14022], [-75.05383, 6.14135], [-75.0556, 6.14574]]}}, {"type": "Feature", "properties": {"codigo": "60AN20", "nombre": "Santiago Berrío - Mulas - Cruces", "inicio": "Santiago Berrío", "fin": "Cruces", "longitud_km": 50.5, "ancho_m": 6.16, "is_prioritized": false, "circuit_id": null, "circuit_name": null, "subregion": null, "km_intervenir": 0}, "geometry": {"type": "LineString", "coordinates": [[-74.64142, 5.90449], [-74.63997, 5.92572], [-74.63826, 5.92775], [-74.64233, 5.9369], [-74.63932, 5.94325], [-74.63314, 5.9481], [-74.6341, 5.95244], [-74.63156, 5.95684], [-74.62241, 5.9553], [-74.61724, 5.95856], [-74.61622, 5.9675], [-74.61868, 5.96933], [-74.61895, 5.97365], [-74.61115, 5.99569], [-74.60871, 5.99854], [-74.60078, 5.99553], [-74.59402, 5.99789], [-74.59418, 6.00345], [-74.59803, 6.00735], [-74.59296, 6.03179], [-74.59306, 6.03938], [-74.59682, 6.04614], [-74.58168, 6.04648], [-74.58069, 6.06219], [-74.58142, 6.06645], [-74.58429, 6.06817], [-74.58263, 6.07137], [-74.58451, 6.07403], [-74.58463, 6.07777], [-74.59064, 6.07775], [-74.59152, 6.08272], [-74.59709, 6.08289], [-74.59798, 6.0852], [-74.61387, 6.09009], [-74.61747, 6.09446], [-74.61932, 6.10015], [-74.64372, 6.10085], [-74.65192, 6.10459], [-74.65557, 6.10979], [-74.6548, 6.11484], [-74.65607, 6.11817], [-74.64885, 6.12974], [-74.65139, 6.13837], [-74.64891, 6.14267], [-74.64894, 6.1755], [-74.64375, 6.1808], [-74.63889, 6.19256], [-74.63203, 6.19743], [-74.63072, 6.20049], [-74.63149, 6.20293]]}}, {"type": "Feature", "properties": {"codigo": "60AN20-1", "nombre": "Mulas - Puerto Nare", "inicio": "Mulas", "fin": "Puerto Nare", "longitud_km": 11.1, "ancho_m": 7.0, "is_prioritized": false, "circuit_id": null, "circuit_name": null, "subregion": null, "km_intervenir": 0}, "geometry": {"type": "LineString", "coordinates": [[-74.61923, 6.10006], [-74.62047, 6.11049], [-74.6135, 6.14531], [-74.6037, 6.15198], [-74.60199, 6.15669], [-74.6027, 6.16213], [-74.60022, 6.16912], [-74.59484, 6.17062], [-74.59142, 6.16902], [-74.58504, 6.18072]]}}, {"type": "Feature", "properties": {"codigo": "60AN20-1-1", "nombre": "Puerto Nare - Cruces - Narices", "inicio": "Puerto Nare", "fin": "Narices", "longitud_km": 38.2, "ancho_m": 4.05071, "is_prioritized": false, "circuit_id": null, "circuit_name": null, "subregion": null, "km_intervenir": 0}, "geometry": {"type": "LineString", "coordinates": [[-74.58653, 6.18613], [-74.59142, 6.18491], [-74.59814, 6.19039], [-74.61282, 6.18616], [-74.61991, 6.18844], [-74.62514, 6.19953], [-74.62874, 6.20309], [-74.63536, 6.20522], [-74.64128, 6.20512], [-74.64444, 6.20849], [-74.65296, 6.20879], [-74.65567, 6.20567], [-74.66362, 6.20644], [-74.66415, 6.20849], [-74.66572, 6.20776], [-74.66785, 6.20955], [-74.67333, 6.2039], [-74.67301, 6.20244], [-74.67786, 6.20622], [-74.68111, 6.20512], [-74.6811, 6.20273], [-74.68461, 6.20289], [-74.68614, 6.20627], [-74.69014, 6.20403], [-74.69309, 6.20551], [-74.6971, 6.20284], [-74.70108, 6.20745], [-74.71578, 6.20971], [-74.71784, 6.208], [-74.7203, 6.20091], [-74.72662, 6.1953], [-74.72643, 6.19287], [-74.729, 6.19319], [-74.72898, 6.19146], [-74.73558, 6.18516], [-74.73554, 6.19004], [-74.73376, 6.19287], [-74.73509, 6.19428], [-74.73434, 6.19806], [-74.73616, 6.19623], [-74.73797, 6.19661], [-74.73947, 6.19392], [-74.74162, 6.1949], [-74.7402, 6.19657], [-74.74118, 6.1981], [-74.73828, 6.20126], [-74.73862, 6.2033], [-74.74292, 6.20073], [-74.74345, 6.20255], [-74.74876, 6.20267], [-74.75542, 6.20621]]}}, {"type": "Feature", "properties": {"codigo": "60AN20-1-1-1", "nombre": "Narices - La Holanda", "inicio": "Narices", "fin": "La Holanda", "longitud_km": 31.6, "ancho_m": 3.523242, "is_prioritized": false, "circuit_id": null, "circuit_name": null, "subregion": null, "km_intervenir": 0}, "geometry": {"type": "LineString", "coordinates": [[-74.75542, 6.20621], [-74.75552, 6.20914], [-74.75711, 6.20758], [-74.7593, 6.20815], [-74.75902, 6.20699], [-74.76327, 6.20406], [-74.76642, 6.20398], [-74.76622, 6.20696], [-74.76896, 6.20921], [-74.77317, 6.20668], [-74.77584, 6.20905], [-74.77427, 6.20524], [-74.777, 6.2038], [-74.77732, 6.20143], [-74.7801, 6.20119], [-74.7811, 6.19869], [-74.78447, 6.19881], [-74.78403, 6.1973], [-74.7873, 6.19525], [-74.7883, 6.19705], [-74.79557, 6.19915], [-74.79628, 6.20216], [-74.80207, 6.20548], [-74.80219, 6.20697], [-74.8076, 6.20479], [-74.80772, 6.21346], [-74.81576, 6.21517], [-74.81734, 6.21406], [-74.82037, 6.21574], [-74.82011, 6.22674], [-74.82191, 6.22969], [-74.81932, 6.23232], [-74.81834, 6.23823], [-74.81992, 6.24187], [-74.82385, 6.24257], [-74.82535, 6.24612], [-74.82722, 6.24679], [-74.82737, 6.25059], [-74.82961, 6.25326], [-74.83154, 6.25302], [-74.83134, 6.25117], [-74.83298, 6.25057], [-74.8355, 6.25348], [-74.8372, 6.25179], [-74.8383, 6.25324], [-74.84232, 6.25294], [-74.84501, 6.25111], [-74.84664, 6.25225], [-74.84781, 6.25855], [-74.84991, 6.25485], [-74.85261, 6.25425], [-74.85552, 6.25755], [-74.85764, 6.25693], [-74.85746, 6.26014], [-74.85564, 6.26152], [-74.85836, 6.26241], [-74.86407, 6.25804], [-74.86543, 6.2543], [-74.87096, 6.25199], [-74.86998, 6.25446], [-74.87128, 6.25581], [-74.87616, 6.25569], [-74.87925, 6.25768], [-74.87824, 6.25185], [-74.88041, 6.25159], [-74.87995, 6.25032], [-74.8832, 6.25002], [-74.8845, 6.253], [-74.89053, 6.2537], [-74.89037, 6.25593], [-74.89163, 6.25503], [-74.89344, 6.25636], [-74.89505, 6.25348], [-74.89397, 6.25191]]}}, {"type": "Feature", "properties": {"codigo": "60AN21", "nombre": "Autopista - Puerto Triunfo", "inicio": "Autopista", "fin": "Puerto Triunfo", "longitud_km": 4.0, "ancho_m": 6.875, "is_prioritized": false, "circuit_id": null, "circuit_name": null, "subregion": null, "km_intervenir": 0}, "geometry": {"type": "LineString", "coordinates": [[-74.64175, 5.90448], [-74.64271, 5.90047], [-74.64012, 5.89053], [-74.6333, 5.88308], [-74.63744, 5.87552]]}}, {"type": "Feature", "properties": {"codigo": "60AN21-1", "nombre": "Puerto Triunfo - San Miguiel", "inicio": "Puerto Triunfo", "fin": "San Miguiel", "longitud_km": 22.9, "ancho_m": 4.307846, "is_prioritized": false, "circuit_id": null, "circuit_name": null, "subregion": null, "km_intervenir": 0}, "geometry": {"type": "LineString", "coordinates": [[-74.64266, 5.87355], [-74.6494, 5.87478], [-74.65681, 5.87836], [-74.65962, 5.88199], [-74.66502, 5.87929], [-74.66728, 5.87997], [-74.67272, 5.87219], [-74.67684, 5.86189], [-74.68024, 5.85903], [-74.68349, 5.85874], [-74.68545, 5.84865], [-74.6823, 5.84416], [-74.69053, 5.83839], [-74.69355, 5.83248], [-74.69261, 5.82894], [-74.6948, 5.81922], [-74.6928, 5.81581], [-74.69381, 5.80745], [-74.69748, 5.80703], [-74.70526, 5.79692], [-74.70685, 5.78758], [-74.71283, 5.78587], [-74.71964, 5.77634], [-74.72053, 5.76245], [-74.72411, 5.75345], [-74.73066, 5.74549], [-74.72919, 5.74238], [-74.72947, 5.73615]]}}, {"type": "Feature", "properties": {"codigo": "6204B", "nombre": "Santa Fe de Antioquia - Puente de Occidente - La Ye (Sopetrán)", "inicio": "Santa Fe de Antioquia", "fin": "La Ye (Sopetrán)", "longitud_km": 26.8, "ancho_m": 6.126316, "is_prioritized": false, "circuit_id": null, "circuit_name": null, "subregion": null, "km_intervenir": 0}, "geometry": {"type": "LineString", "coordinates": [[-75.81972, 6.56422], [-75.80682, 6.57011], [-75.80685, 6.57662], [-75.80001, 6.57978], [-75.79967, 6.57767], [-75.79691, 6.57818], [-75.79431, 6.57626], [-75.79175, 6.57738], [-75.78461, 6.56415], [-75.77563, 6.55841], [-75.77213, 6.54422], [-75.77586, 6.54484], [-75.77669, 6.5434], [-75.77558, 6.54262], [-75.77715, 6.54204], [-75.77544, 6.54122], [-75.77609, 6.53847], [-75.77298, 6.5373], [-75.77494, 6.53588], [-75.7709, 6.5296], [-75.77255, 6.52647], [-75.76731, 6.51679], [-75.7694, 6.5148], [-75.7584, 6.51645], [-75.75309, 6.51168], [-75.74482, 6.50899], [-75.74673, 6.50067], [-75.75073, 6.49925], [-75.74944, 6.49854], [-75.75083, 6.49504], [-75.74945, 6.49464], [-75.75291, 6.49095], [-75.75331, 6.48333], [-75.75041, 6.48468], [-75.75035, 6.48268], [-75.74743, 6.48036], [-75.74769, 6.47796], [-75.74335, 6.47757], [-75.74472, 6.47583], [-75.74343, 6.47231], [-75.7457, 6.4718], [-75.7416, 6.47027], [-75.74289, 6.46856], [-75.7399, 6.46687], [-75.74541, 6.46292]]}}, {"type": "Feature", "properties": {"codigo": "62AN02-1", "nombre": "San Pedro de Urabá - Pueblito", "inicio": "San Pedro de Urabá", "fin": "Pueblito", "longitud_km": 8.0, "ancho_m": 5.0, "is_prioritized": false, "circuit_id": null, "circuit_name": null, "subregion": null, "km_intervenir": 0}, "geometry": {"type": "LineString", "coordinates": [[-76.37299, 8.27151], [-76.36589, 8.27148], [-76.3583, 8.26915], [-76.34788, 8.27025], [-76.3453, 8.26674], [-76.34531, 8.25918], [-76.34322, 8.25795], [-76.34062, 8.25874], [-76.33926, 8.25704], [-76.33626, 8.25824], [-76.33282, 8.25567], [-76.32758, 8.25741], [-76.32355, 8.25379]]}}, {"type": "Feature", "properties": {"codigo": "62AN02-2", "nombre": "San Pedro de Urabá - El Tambito", "inicio": "El Tambito", "fin": "San Pedro de Urabá", "longitud_km": 57.0, "ancho_m": 5.0, "is_prioritized": true, "circuit_id": 25, "circuit_name": "San Pedro de Urabá - Necoclí", "subregion": "Urabá", "km_intervenir": 58.65}, "geometry": {"type": "LineString", "coordinates": [[-76.41554, 8.68355], [-76.40748, 8.68102], [-76.4057, 8.67491], [-76.40044, 8.67311], [-76.39746, 8.66242], [-76.39261, 8.6608], [-76.38497, 8.65481], [-76.38401, 8.65281], [-76.3862, 8.64812], [-76.38192, 8.6432], [-76.37342, 8.64043], [-76.37034, 8.63485], [-76.37791, 8.61381], [-76.38309, 8.60863], [-76.3915, 8.59181], [-76.38894, 8.56924], [-76.38586, 8.56638], [-76.38466, 8.56091], [-76.37783, 8.55514], [-76.37504, 8.54874], [-76.37715, 8.53955], [-76.38042, 8.53624], [-76.3833, 8.52775], [-76.38301, 8.52137], [-76.37753, 8.50926], [-76.37759, 8.50129], [-76.37992, 8.49172], [-76.37163, 8.4743], [-76.36717, 8.45791], [-76.36424, 8.4554], [-76.35714, 8.45329], [-76.35125, 8.44346], [-76.33719, 8.43322], [-76.33153, 8.42348], [-76.33178, 8.42049], [-76.31818, 8.39874], [-76.32055, 8.39136], [-76.31877, 8.38898], [-76.32493, 8.37334], [-76.33049, 8.36675], [-76.3382, 8.3623], [-76.34086, 8.35778], [-76.34296, 8.3468], [-76.35391, 8.3302], [-76.35926, 8.32719], [-76.35874, 8.32049], [-76.36428, 8.30434], [-76.36625, 8.2908], [-76.3793, 8.28385]]}}, {"type": "Feature", "properties": {"codigo": "62AN02-2-1", "nombre": "Garrapata - Canalete", "inicio": "Garrapata", "fin": "Canalete", "longitud_km": 4.0, "ancho_m": 5.0, "is_prioritized": false, "circuit_id": null, "circuit_name": null, "subregion": null, "km_intervenir": 0}, "geometry": {"type": "LineString", "coordinates": [[-76.37082, 8.63263], [-76.3632, 8.63414], [-76.35958, 8.6374], [-76.35835, 8.63641], [-76.35504, 8.6382], [-76.35289, 8.6418], [-76.35174, 8.64114], [-76.34775, 8.64435], [-76.34814, 8.64792], [-76.34645, 8.64867]]}}, {"type": "Feature", "properties": {"codigo": "62AN03", "nombre": "Carepa - Saiza", "inicio": "Carepa", "fin": "Saiza", "longitud_km": 27.0, "ancho_m": 5.0, "is_prioritized": false, "circuit_id": null, "circuit_name": null, "subregion": null, "km_intervenir": 0}, "geometry": {"type": "LineString", "coordinates": [[-76.64858, 7.75552], [-76.63313, 7.75236], [-76.63071, 7.7464], [-76.62653, 7.7437], [-76.62177, 7.74394], [-76.6178, 7.74162], [-76.61417, 7.74166], [-76.61312, 7.74567], [-76.60928, 7.74539], [-76.60086, 7.7403], [-76.59041, 7.74142], [-76.58308, 7.74422], [-76.5775, 7.74273], [-76.57414, 7.74414], [-76.56358, 7.74313], [-76.55664, 7.74575], [-76.55125, 7.74532], [-76.54444, 7.74979], [-76.54153, 7.74873], [-76.53662, 7.75242], [-76.53242, 7.75842], [-76.53014, 7.75946], [-76.52719, 7.75797], [-76.51823, 7.7611], [-76.51797, 7.76277], [-76.51443, 7.76448], [-76.51117, 7.7647], [-76.51163, 7.76662], [-76.50645, 7.77656], [-76.50095, 7.77233], [-76.49415, 7.77028], [-76.49363, 7.76702], [-76.4918, 7.76687], [-76.49094, 7.75916], [-76.48552, 7.76086], [-76.48284, 7.76459]]}}, {"type": "Feature", "properties": {"codigo": "62AN05", "nombre": "Caucheras - Bajirá", "inicio": "Caucheras", "fin": "Bajirá", "longitud_km": 28.0, "ancho_m": 5.0, "is_prioritized": false, "circuit_id": null, "circuit_name": null, "subregion": null, "km_intervenir": 0}, "geometry": {"type": "LineString", "coordinates": [[-76.49038, 7.34085], [-76.51566, 7.33769], [-76.52875, 7.34539], [-76.54518, 7.34888], [-76.55273, 7.35359], [-76.5611, 7.36421], [-76.57567, 7.37402], [-76.59363, 7.38197], [-76.60625, 7.38171], [-76.61728, 7.38781], [-76.62566, 7.38676], [-76.6361, 7.38821], [-76.65067, 7.38417], [-76.66956, 7.38388], [-76.68009, 7.38178], [-76.68851, 7.37674], [-76.70644, 7.37129], [-76.70784, 7.36856], [-76.71027, 7.36765], [-76.71433, 7.36947], [-76.71389, 7.37173], [-76.72565, 7.37058], [-76.73, 7.36152], [-76.73052, 7.35317], [-76.73927, 7.34599], [-76.7477, 7.33507], [-76.7575, 7.33073], [-76.7592, 7.33132]]}}, {"type": "Feature", "properties": {"codigo": "62AN06", "nombre": "Mutatá - Pavarando Grande", "inicio": "Mutatá", "fin": "Pavarando Grande", "longitud_km": 20.0, "ancho_m": 5.0, "is_prioritized": true, "circuit_id": 24, "circuit_name": "Mutata - Pavarando", "subregion": "Urabá", "km_intervenir": 10.0}, "geometry": {"type": "LineString", "coordinates": [[-76.43258, 7.23503], [-76.43425, 7.23661], [-76.43766, 7.22964], [-76.44622, 7.22917], [-76.45437, 7.21977], [-76.45272, 7.21618], [-76.455, 7.21513], [-76.45487, 7.21677], [-76.4634, 7.22023], [-76.46643, 7.2306], [-76.47413, 7.23751], [-76.52519, 7.25429], [-76.53567, 7.26836], [-76.55847, 7.27704], [-76.56318, 7.2746]]}}, {"type": "Feature", "properties": {"codigo": "62AN07", "nombre": "El Chino - Rio Verde", "inicio": "Rio Verde", "fin": "El Chino", "longitud_km": 12.83, "ancho_m": 5.0, "is_prioritized": false, "circuit_id": null, "circuit_name": null, "subregion": null, "km_intervenir": 0}, "geometry": {"type": "LineString", "coordinates": [[-76.21507, 6.90851], [-76.22035, 6.9126], [-76.22136, 6.92036], [-76.2282, 6.92487], [-76.22904, 6.92677], [-76.22744, 6.92878], [-76.23053, 6.92803], [-76.23084, 6.93705], [-76.23744, 6.94447], [-76.2371, 6.95011], [-76.23869, 6.95216], [-76.23513, 6.9644], [-76.23826, 6.9686], [-76.24513, 6.97057], [-76.25032, 6.98121], [-76.25419, 6.9835], [-76.25345, 6.98952], [-76.2567, 6.99201]]}}, {"type": "Feature", "properties": {"codigo": "62AN21-2", "nombre": "La Cortada - El mango", "inicio": "La Cortada", "fin": "El mango", "longitud_km": 44.2, "ancho_m": 6.701124, "is_prioritized": false, "circuit_id": null, "circuit_name": null, "subregion": null, "km_intervenir": 0}, "geometry": {"type": "LineString", "coordinates": [[-75.16319, 6.5844], [-75.15775, 6.58658], [-75.16121, 6.58756], [-75.15828, 6.59408], [-75.16018, 6.59547], [-75.15963, 6.59887], [-75.16141, 6.60177], [-75.15971, 6.60335], [-75.16009, 6.60606], [-75.15255, 6.61241], [-75.15299, 6.62191], [-75.15567, 6.62412], [-75.1545, 6.63093], [-75.15684, 6.63516], [-75.15607, 6.63887], [-75.14994, 6.64374], [-75.14932, 6.6474], [-75.14626, 6.65019], [-75.1384, 6.65305], [-75.13438, 6.65269], [-75.13116, 6.65613], [-75.1193, 6.65726], [-75.1247, 6.67637], [-75.12207, 6.67982], [-75.12304, 6.68579], [-75.12108, 6.68954], [-75.12419, 6.69249], [-75.12035, 6.70059], [-75.11702, 6.70137], [-75.1079, 6.71022], [-75.10555, 6.71567], [-75.10673, 6.71862], [-75.11357, 6.72314], [-75.12314, 6.73355], [-75.12674, 6.73983], [-75.12632, 6.74351], [-75.12304, 6.74864], [-75.12055, 6.74841], [-75.11915, 6.75088], [-75.12087, 6.75344], [-75.12039, 6.75558], [-75.11292, 6.75671], [-75.10951, 6.75429], [-75.10405, 6.75871], [-75.10193, 6.75777], [-75.10127, 6.75985], [-75.10351, 6.76227], [-75.09788, 6.76749], [-75.09982, 6.77313], [-75.0982, 6.77286], [-75.09853, 6.7749], [-75.09582, 6.77379], [-75.09548, 6.77654], [-75.09014, 6.77619], [-75.09095, 6.7861], [-75.0922, 6.78734], [-75.09654, 6.78718], [-75.09669, 6.78869], [-75.09909, 6.78912], [-75.10413, 6.78746], [-75.10603, 6.78872], [-75.10713, 6.78727], [-75.10764, 6.78926], [-75.11699, 6.79577], [-75.12084, 6.79455], [-75.12143, 6.79074], [-75.12528, 6.78909], [-75.12565, 6.79508], [-75.13233, 6.79659], [-75.13226, 6.79908], [-75.13488, 6.7991], [-75.13825, 6.80182], [-75.13807, 6.80689], [-75.14169, 6.80814], [-75.14065, 6.81001], [-75.14225, 6.81015]]}}, {"type": "Feature", "properties": {"codigo": "62AN21-2-1", "nombre": "El Mango - Amalfi", "inicio": "El Mango", "fin": "Amalfi", "longitud_km": 23.6, "ancho_m": 7.0, "is_prioritized": true, "circuit_id": 5, "circuit_name": "Amalfi - Portachuelos - Santa Isabel", "subregion": "Nordeste", "km_intervenir": 10.0}, "geometry": {"type": "LineString", "coordinates": [[-75.14225, 6.81015], [-75.14552, 6.81401], [-75.14532, 6.81747], [-75.14815, 6.81754], [-75.15231, 6.82168], [-75.1511, 6.82868], [-75.15172, 6.83024], [-75.15575, 6.82957], [-75.15474, 6.83374], [-75.15695, 6.83915], [-75.15472, 6.84221], [-75.15594, 6.84566], [-75.15444, 6.84635], [-75.1551, 6.84935], [-75.15327, 6.85299], [-75.14998, 6.8544], [-75.14495, 6.86076], [-75.15109, 6.86675], [-75.14588, 6.87182], [-75.14912, 6.87816], [-75.14865, 6.88013], [-75.14674, 6.88191], [-75.14286, 6.87975], [-75.13413, 6.87865], [-75.13373, 6.8807], [-75.13889, 6.88418], [-75.13931, 6.88651], [-75.13643, 6.89081], [-75.12837, 6.89173], [-75.12259, 6.90395], [-75.11862, 6.90328], [-75.11924, 6.89661], [-75.11788, 6.89602], [-75.11179, 6.89832], [-75.11055, 6.90068], [-75.10126, 6.90658], [-75.09969, 6.90962], [-75.09098, 6.90853], [-75.08535, 6.91126]]}}, {"type": "Feature", "properties": {"codigo": "62AN21-3", "nombre": "Yalí - Maceo", "inicio": "Yalí", "fin": "Maceo", "longitud_km": 18.8, "ancho_m": 3.8, "is_prioritized": false, "circuit_id": null, "circuit_name": null, "subregion": null, "km_intervenir": 0}, "geometry": {"type": "LineString", "coordinates": [[-74.85841, 6.66208], [-74.85203, 6.65857], [-74.84942, 6.65984], [-74.84617, 6.65878], [-74.84157, 6.6551], [-74.83888, 6.65493], [-74.83808, 6.6522], [-74.83452, 6.65047], [-74.82942, 6.64911], [-74.82798, 6.65022], [-74.82543, 6.64768], [-74.82392, 6.64914], [-74.82173, 6.64869], [-74.8206, 6.64726], [-74.8218, 6.64545], [-74.81877, 6.64263], [-74.81996, 6.64058], [-74.81619, 6.63809], [-74.81266, 6.62926], [-74.80982, 6.62723], [-74.8053, 6.62829], [-74.80354, 6.62658], [-74.8012, 6.62097], [-74.80174, 6.61775], [-74.80013, 6.61475], [-74.7966, 6.61299], [-74.79786, 6.61189], [-74.79587, 6.60646], [-74.79722, 6.6011], [-74.79484, 6.59795], [-74.795, 6.58804], [-74.7928, 6.58372], [-74.79413, 6.58055], [-74.79287, 6.57383], [-74.79575, 6.56828], [-74.79242, 6.56274], [-74.78745, 6.559]]}}, {"type": "Feature", "properties": {"codigo": "62AN21-4", "nombre": "Playas - Chorritos - Amalfi", "inicio": "Playas", "fin": "Amalfi", "longitud_km": 0, "ancho_m": 3.657071, "is_prioritized": false, "circuit_id": null, "circuit_name": null, "subregion": null, "km_intervenir": 0}, "geometry": {"type": "LineString", "coordinates": [[-74.81452, 6.71261], [-74.82387, 6.71467], [-74.82766, 6.71254], [-74.82777, 6.71398], [-74.82912, 6.71327], [-74.83152, 6.71492], [-74.83497, 6.7108], [-74.84093, 6.71486], [-74.8442, 6.71433], [-74.84452, 6.71721], [-74.84786, 6.71996], [-74.85252, 6.71965], [-74.85649, 6.72735], [-74.85495, 6.73021], [-74.85064, 6.73163], [-74.85305, 6.73498], [-74.85529, 6.73553], [-74.85214, 6.73767], [-74.85376, 6.74029], [-74.85611, 6.74123], [-74.85997, 6.73873], [-74.86268, 6.74005], [-74.86606, 6.73904], [-74.86869, 6.74402], [-74.88338, 6.74582], [-74.88631, 6.74867], [-74.88592, 6.75538], [-74.89485, 6.75423], [-74.89637, 6.75459], [-74.89654, 6.75673], [-74.8996, 6.75696], [-74.89713, 6.75887], [-74.89999, 6.76322], [-74.89938, 6.76762], [-74.90375, 6.76706], [-74.90984, 6.76988], [-74.91214, 6.7761], [-74.91468, 6.77675], [-74.91327, 6.77803], [-74.91893, 6.79214], [-74.92254, 6.7931], [-74.92607, 6.7995], [-74.93614, 6.80276], [-74.94009, 6.80579], [-74.94193, 6.8057], [-74.94238, 6.80346], [-74.94311, 6.8059], [-74.94592, 6.80756], [-74.94869, 6.80678], [-74.95217, 6.8088], [-74.957, 6.80757], [-74.96245, 6.81595], [-74.97006, 6.8184], [-74.96955, 6.82103], [-74.97411, 6.82342], [-74.97579, 6.82787], [-74.97886, 6.82684], [-74.98369, 6.83736], [-74.98754, 6.83805], [-74.9906, 6.84177], [-74.98997, 6.84405], [-74.99268, 6.84719], [-74.99323, 6.85258], [-74.99445, 6.85296], [-74.99461, 6.86154], [-74.99745, 6.86027], [-75.00432, 6.86388], [-75.01371, 6.86347], [-75.0251, 6.86557], [-75.0294, 6.86861], [-75.0338, 6.87578], [-75.03636, 6.8769], [-75.04742, 6.89385], [-75.0552, 6.89926], [-75.0583, 6.89982], [-75.06116, 6.89836], [-75.06535, 6.90355], [-75.06527, 6.90809], [-75.06976, 6.90743]]}}, {"type": "Feature", "properties": {"codigo": "62AN21-4-1", "nombre": "Chorritos - Santa Isabel", "inicio": "Chorritos", "fin": "Santa Isabel", "longitud_km": 0, "ancho_m": 3.565998, "is_prioritized": true, "circuit_id": 5, "circuit_name": "Amalfi - Portachuelos - Santa Isabel", "subregion": "Nordeste", "km_intervenir": 10.0}, "geometry": {"type": "LineString", "coordinates": [[-74.99009, 6.84423], [-74.98654, 6.84512], [-74.98158, 6.85139], [-74.97688, 6.85414], [-74.97787, 6.85794], [-74.97477, 6.85782], [-74.97228, 6.85996], [-74.9709, 6.85802], [-74.97159, 6.85578], [-74.96973, 6.85503], [-74.96772, 6.85686], [-74.9613, 6.85776], [-74.96112, 6.86097], [-74.95814, 6.86236], [-74.95769, 6.86609], [-74.95894, 6.86676], [-74.95716, 6.86836], [-74.95527, 6.87532], [-74.9362, 6.88253], [-74.93079, 6.88731], [-74.92369, 6.8854], [-74.91516, 6.89547], [-74.91253, 6.89584], [-74.91187, 6.89953], [-74.90924, 6.90182], [-74.90955, 6.90624], [-74.91378, 6.91366], [-74.91168, 6.91771], [-74.91195, 6.92217], [-74.90811, 6.92545], [-74.90114, 6.92462], [-74.90117, 6.92695], [-74.89916, 6.92835], [-74.90119, 6.93326], [-74.90791, 6.94046], [-74.9038, 6.94457], [-74.90474, 6.95364], [-74.89848, 6.9548], [-74.8952, 6.95967], [-74.8939, 6.96599], [-74.8901, 6.96685], [-74.88412, 6.97145], [-74.88268, 6.97091], [-74.88053, 6.975], [-74.88094, 6.98049], [-74.87886, 6.98398], [-74.87494, 6.98541], [-74.87451, 6.98443], [-74.87031, 6.98829], [-74.86803, 6.9878], [-74.86825, 6.99012], [-74.86532, 6.98944], [-74.86484, 6.98726], [-74.86317, 6.98799], [-74.86463, 6.98312], [-74.86363, 6.98119], [-74.86043, 6.98646], [-74.86094, 6.98997], [-74.85769, 6.992], [-74.85746, 6.9871], [-74.85673, 6.98584], [-74.85529, 6.98661], [-74.85522, 6.98371], [-74.85243, 6.988], [-74.85164, 6.98659], [-74.85008, 6.98777], [-74.84511, 6.98628], [-74.84323, 6.98905], [-74.84008, 6.98969], [-74.83997, 6.98851], [-74.83769, 6.98959], [-74.83253, 6.98802], [-74.83257, 6.98527], [-74.8342, 6.98427], [-74.83238, 6.98438], [-74.8329, 6.9817], [-74.83114, 6.97974], [-74.83053, 6.97349], [-74.82753, 6.96656], [-74.8256, 6.96459], [-74.82163, 6.9653], [-74.82151, 6.96742], [-74.82006, 6.96528], [-74.8185, 6.96746], [-74.81776, 6.96377], [-74.8165, 6.96423], [-74.81514, 6.96164], [-74.80882, 6.9586], [-74.81072, 6.95771], [-74.80953, 6.9533], [-74.80506, 6.95361], [-74.80441, 6.94981], [-74.80336, 6.94963], [-74.80376, 6.95177], [-74.80108, 6.95225], [-74.79847, 6.95059], [-74.79557, 6.95345], [-74.7918, 6.95391], [-74.79151, 6.95248], [-74.79008, 6.95329], [-74.78225, 6.94993], [-74.78038, 6.95416], [-74.77666, 6.95453], [-74.77519, 6.95215], [-74.77307, 6.95247], [-74.76985, 6.95022], [-74.76761, 6.95233], [-74.76308, 6.94924], [-74.75893, 6.9505], [-74.75199, 6.94468], [-74.75044, 6.94692], [-74.74296, 6.94449]]}}, {"type": "Feature", "properties": {"codigo": "62AN21-5", "nombre": "Vegachí - Santa Isabel - Remedios", "inicio": "Vegachí", "fin": "Remedios", "longitud_km": 43.93, "ancho_m": 7.487674, "is_prioritized": false, "circuit_id": null, "circuit_name": null, "subregion": null, "km_intervenir": 0}, "geometry": {"type": "LineString", "coordinates": [[-74.80218, 6.76367], [-74.80104, 6.77501], [-74.80219, 6.7785], [-74.80043, 6.78134], [-74.80122, 6.78893], [-74.79783, 6.78943], [-74.79603, 6.79794], [-74.79696, 6.8065], [-74.79009, 6.81021], [-74.78838, 6.81924], [-74.78263, 6.82541], [-74.786, 6.84239], [-74.79105, 6.84685], [-74.79366, 6.84677], [-74.79518, 6.8508], [-74.79657, 6.85099], [-74.79531, 6.8535], [-74.79738, 6.85723], [-74.79782, 6.86569], [-74.7957, 6.86662], [-74.79715, 6.86781], [-74.79411, 6.86937], [-74.79243, 6.87351], [-74.78927, 6.87459], [-74.78631, 6.88086], [-74.78454, 6.88016], [-74.78188, 6.88344], [-74.78013, 6.88282], [-74.77531, 6.88856], [-74.77475, 6.89182], [-74.77176, 6.8906], [-74.76652, 6.89761], [-74.76677, 6.90023], [-74.7633, 6.89991], [-74.76433, 6.90447], [-74.76291, 6.9098], [-74.75754, 6.91337], [-74.75796, 6.92705], [-74.75443, 6.92957], [-74.75557, 6.93143], [-74.7467, 6.9381], [-74.74738, 6.94035], [-74.7421, 6.94639], [-74.73986, 6.94534], [-74.73632, 6.94706], [-74.73474, 6.95142], [-74.73241, 6.95112], [-74.72822, 6.95767], [-74.7252, 6.95923], [-74.72269, 6.96492], [-74.72425, 6.96538], [-74.7258, 6.9693], [-74.72343, 6.98028], [-74.72549, 6.98351], [-74.7249, 6.98983], [-74.72649, 6.99135], [-74.72516, 6.99383], [-74.72192, 6.99364], [-74.72071, 6.99812], [-74.71825, 6.99943], [-74.71863, 7.00492], [-74.71576, 7.00771], [-74.71737, 7.01411], [-74.71423, 7.01517], [-74.71315, 7.02028], [-74.70617, 7.01691], [-74.70033, 7.01918], [-74.70067, 7.02172]]}}, {"type": "Feature", "properties": {"codigo": "62AN22", "nombre": "La Quiebra - Santo Domingo", "inicio": "La Quiebra", "fin": "Santo Domingo", "longitud_km": 9.73, "ancho_m": 5.391087, "is_prioritized": false, "circuit_id": null, "circuit_name": null, "subregion": null, "km_intervenir": 0}, "geometry": {"type": "LineString", "coordinates": [[-75.1392, 6.53576], [-75.14075, 6.53426], [-75.14331, 6.53486], [-75.14591, 6.53185], [-75.14728, 6.53297], [-75.14966, 6.53194], [-75.15093, 6.52786], [-75.15689, 6.52463], [-75.15579, 6.52263], [-75.15752, 6.51555], [-75.16439, 6.5108], [-75.16524, 6.50712], [-75.16725, 6.50639], [-75.17262, 6.49645], [-75.16989, 6.49382], [-75.16923, 6.48693], [-75.16744, 6.48616], [-75.16934, 6.4845]]}}, {"type": "Feature", "properties": {"codigo": "62AN22-1", "nombre": "Santo Domingo - San Roque", "inicio": "Santo Domingo", "fin": "San Roque", "longitud_km": 20.53, "ancho_m": 3.425816, "is_prioritized": true, "circuit_id": 4, "circuit_name": "San Rafael - San Roque - Santo Domingo - Alejandría", "subregion": "Nordeste - Oriente", "km_intervenir": 25.72}, "geometry": {"type": "LineString", "coordinates": [[-75.16121, 6.47473], [-75.1536, 6.47646], [-75.14591, 6.4738], [-75.14507, 6.47563], [-75.14169, 6.47533], [-75.13871, 6.47848], [-75.12895, 6.47878], [-75.11786, 6.4857], [-75.11618, 6.48402], [-75.10952, 6.48288], [-75.1045, 6.48458], [-75.0993, 6.48403], [-75.09587, 6.48069], [-75.09243, 6.47973], [-75.09028, 6.47637], [-75.0846, 6.47908], [-75.08392, 6.48342], [-75.07963, 6.48809], [-75.06889, 6.48313], [-75.06822, 6.48434], [-75.06116, 6.48322], [-75.05681, 6.48751], [-75.05185, 6.4874], [-75.04621, 6.4833], [-75.04552, 6.48085], [-75.04132, 6.47984], [-75.0407, 6.48128], [-75.03937, 6.48045], [-75.03648, 6.4826], [-75.0329, 6.48269], [-75.02987, 6.48553], [-75.02083, 6.4865]]}}, {"type": "Feature", "properties": {"codigo": "62AN22-1-1", "nombre": "San Roque - La Palma", "inicio": "San Roque", "fin": "La Palma", "longitud_km": 33.0, "ancho_m": 4.805373, "is_prioritized": false, "circuit_id": null, "circuit_name": null, "subregion": null, "km_intervenir": 0}, "geometry": {"type": "LineString", "coordinates": [[-75.01707, 6.48396], [-75.01574, 6.4831], [-75.01864, 6.47765], [-75.0167, 6.47046], [-75.0201, 6.46643], [-75.01956, 6.46395], [-75.02357, 6.46192], [-75.02315, 6.46057], [-75.03251, 6.45052], [-75.0372, 6.45021], [-75.03755, 6.44617], [-75.03443, 6.44399], [-75.03452, 6.44235], [-75.0329, 6.44265], [-75.03193, 6.43717], [-75.02891, 6.43287], [-75.0215, 6.43037], [-75.02113, 6.42668], [-75.02255, 6.42468], [-75.02034, 6.42135], [-75.02377, 6.41898], [-75.0203, 6.41636], [-75.01845, 6.41726], [-75.01504, 6.4095], [-75.01354, 6.40984], [-75.01104, 6.40544], [-75.00663, 6.40273], [-75.00633, 6.39824], [-75.00267, 6.39269], [-75.00056, 6.39189], [-75.0007, 6.38961], [-74.99456, 6.38929], [-74.99449, 6.38248], [-74.99661, 6.38232], [-75.00024, 6.37608], [-74.98986, 6.37102], [-74.99098, 6.36736], [-74.98796, 6.36237], [-74.98689, 6.36417], [-74.98611, 6.36068], [-74.9821, 6.3598], [-74.98004, 6.3552], [-74.97846, 6.35498], [-74.97921, 6.34706], [-74.9732, 6.34462], [-74.97303, 6.34109], [-74.97134, 6.33976], [-74.97028, 6.34083], [-74.96894, 6.33833], [-74.97239, 6.33497], [-74.96593, 6.3276], [-74.96778, 6.32425]]}}, {"type": "Feature", "properties": {"codigo": "62AN22-2", "nombre": "Santo Domingo - Alejandria", "inicio": "Santo Domingo", "fin": "Alejandria", "longitud_km": 18.82, "ancho_m": 8.453458, "is_prioritized": true, "circuit_id": 4, "circuit_name": "San Rafael - San Roque - Santo Domingo - Alejandría", "subregion": "Nordeste - Oriente", "km_intervenir": 25.72}, "geometry": {"type": "LineString", "coordinates": [[-75.16375, 6.46908], [-75.16185, 6.46637], [-75.15523, 6.46657], [-75.15503, 6.46535], [-75.15183, 6.46513], [-75.15123, 6.46192], [-75.14897, 6.46187], [-75.14802, 6.46006], [-75.14218, 6.45981], [-75.13842, 6.45621], [-75.13522, 6.45678], [-75.12774, 6.45337], [-75.12756, 6.44696], [-75.1308, 6.44493], [-75.13214, 6.44571], [-75.1318, 6.44391], [-75.13479, 6.44219], [-75.13724, 6.43766], [-75.13644, 6.4363], [-75.1394, 6.42896], [-75.138, 6.42354], [-75.13956, 6.41445], [-75.14121, 6.41274], [-75.14953, 6.4136], [-75.1461, 6.41127], [-75.14814, 6.40528], [-75.14652, 6.3983], [-75.14499, 6.39752], [-75.14581, 6.39645], [-75.14245, 6.39542], [-75.14145, 6.39098], [-75.13858, 6.39117], [-75.13489, 6.38659], [-75.13752, 6.3812], [-75.1424, 6.37996]]}}, {"type": "Feature", "properties": {"codigo": "62AN22-2-1", "nombre": "Alejandría - El Bizcocho (San Rafael)", "inicio": "Alejandría", "fin": "El Bizcocho (San Rafael)", "longitud_km": 18.0, "ancho_m": 3.394819, "is_prioritized": true, "circuit_id": 4, "circuit_name": "San Rafael - San Roque - Santo Domingo - Alejandría", "subregion": "Nordeste - Oriente", "km_intervenir": 25.72}, "geometry": {"type": "LineString", "coordinates": [[-75.13797, 6.38118], [-75.13174, 6.3709], [-75.1296, 6.36405], [-75.12694, 6.36658], [-75.12388, 6.35989], [-75.11787, 6.36079], [-75.11729, 6.35787], [-75.10938, 6.35051], [-75.11087, 6.35027], [-75.10972, 6.34911], [-75.10652, 6.34814], [-75.10607, 6.34653], [-75.10562, 6.34836], [-75.10313, 6.34846], [-75.1014, 6.34467], [-75.09196, 6.34053], [-75.09327, 6.3391], [-75.09226, 6.33786], [-75.08125, 6.33303], [-75.08147, 6.32892], [-75.0776, 6.32473], [-75.07554, 6.31869], [-75.07728, 6.31732], [-75.07467, 6.30902], [-75.06943, 6.30491], [-75.06946, 6.30212], [-75.06641, 6.29727]]}}, {"type": "Feature", "properties": {"codigo": "62AN23", "nombre": "Sofia - Yolombó", "inicio": "Sofia", "fin": "Yolombó", "longitud_km": 11.5, "ancho_m": 3.474688, "is_prioritized": false, "circuit_id": null, "circuit_name": null, "subregion": null, "km_intervenir": 0}, "geometry": {"type": "LineString", "coordinates": [[-75.02519, 6.5383], [-75.02846, 6.54213], [-75.03215, 6.54042], [-75.0303, 6.54393], [-75.0284, 6.54606], [-75.02645, 6.5438], [-75.02326, 6.54394], [-75.02349, 6.54635], [-75.0204, 6.54649], [-75.02161, 6.54915], [-75.01991, 6.55208], [-75.01403, 6.55373], [-75.01268, 6.55733], [-75.00889, 6.55829], [-75.00783, 6.56061], [-75.01063, 6.56201], [-75.00968, 6.56615], [-75.01664, 6.56873], [-75.01637, 6.57133], [-75.02005, 6.57324], [-75.01881, 6.58378], [-75.02042, 6.58567], [-75.02155, 6.58482], [-75.02231, 6.58694]]}}, {"type": "Feature", "properties": {"codigo": "62AN24", "nombre": "San Jorge - San Roque", "inicio": "San Jorge", "fin": "San Roque", "longitud_km": 11.3, "ancho_m": 5.545652, "is_prioritized": false, "circuit_id": null, "circuit_name": null, "subregion": null, "km_intervenir": 0}, "geometry": {"type": "LineString", "coordinates": [[-75.01642, 6.53896], [-75.01497, 6.53656], [-75.01303, 6.53799], [-75.00899, 6.53397], [-75.00654, 6.53468], [-75.00152, 6.52956], [-75.00113, 6.52473], [-74.99555, 6.51787], [-74.99679, 6.51709], [-74.99926, 6.51873], [-75.00123, 6.51749], [-75.00238, 6.51952], [-75.00367, 6.51756], [-75.00553, 6.51981], [-75.00554, 6.51172], [-75.01475, 6.50625], [-75.01449, 6.50268], [-75.0193, 6.50161], [-75.0199, 6.49823], [-75.01646, 6.49007]]}}, {"type": "Feature", "properties": {"codigo": "62AN25", "nombre": "Caramanta - San Roque", "inicio": "Caramanta", "fin": "San Roque", "longitud_km": 24.24, "ancho_m": 3.865556, "is_prioritized": true, "circuit_id": 3, "circuit_name": "Caramanta - Cristales - San Roque", "subregion": "Nordeste", "km_intervenir": 20.64}, "geometry": {"type": "LineString", "coordinates": [[-74.8685, 6.50494], [-74.86845, 6.50163], [-74.87171, 6.50033], [-74.87234, 6.49787], [-74.87577, 6.49836], [-74.87767, 6.49476], [-74.88232, 6.49345], [-74.88662, 6.48772], [-74.88634, 6.48571], [-74.89233, 6.48104], [-74.89991, 6.48085], [-74.90358, 6.48401], [-74.90933, 6.48294], [-74.92153, 6.48464], [-74.93587, 6.47893], [-74.93865, 6.47208], [-74.94326, 6.47326], [-74.94917, 6.46973], [-74.95207, 6.46441], [-74.95474, 6.46357], [-74.96474, 6.4644], [-74.96604, 6.46756], [-74.97189, 6.4682], [-74.97287, 6.47204], [-74.97702, 6.47472], [-74.9811, 6.47337], [-74.98436, 6.47904], [-74.98918, 6.47814], [-74.99345, 6.48069], [-75.00326, 6.48218], [-75.01252, 6.48999], [-75.01545, 6.48834], [-75.01568, 6.4858]]}}, {"type": "Feature", "properties": {"codigo": "62AN26", "nombre": "San José del Nus - Caracolí", "inicio": "San José del Nus", "fin": "Caracolí", "longitud_km": 18.2, "ancho_m": 6.486486, "is_prioritized": false, "circuit_id": null, "circuit_name": null, "subregion": null, "km_intervenir": 0}, "geometry": {"type": "LineString", "coordinates": [[-74.82506, 6.49618], [-74.82622, 6.49509], [-74.82307, 6.48972], [-74.82228, 6.47342], [-74.81875, 6.4686], [-74.81462, 6.467], [-74.81254, 6.45973], [-74.80904, 6.45532], [-74.8095, 6.45248], [-74.80743, 6.45244], [-74.80569, 6.449], [-74.80696, 6.44106], [-74.80384, 6.4375], [-74.8044, 6.43397], [-74.80271, 6.43153], [-74.80435, 6.42963], [-74.79562, 6.42384], [-74.79432, 6.41894], [-74.78519, 6.41489], [-74.78227, 6.41542], [-74.7815, 6.40997], [-74.78006, 6.40947], [-74.77853, 6.41152], [-74.77171, 6.40976], [-74.7698, 6.41059], [-74.76656, 6.40364], [-74.76298, 6.40125], [-74.7604, 6.40316], [-74.75953, 6.4074], [-74.75797, 6.40723], [-74.75855, 6.4087]]}}, {"type": "Feature", "properties": {"codigo": "62AN27", "nombre": "Alto Dolores - Maceo", "inicio": "Alto Dolores", "fin": "Maceo", "longitud_km": 7.2, "ancho_m": 6.0, "is_prioritized": false, "circuit_id": null, "circuit_name": null, "subregion": null, "km_intervenir": 0}, "geometry": {"type": "LineString", "coordinates": [[-74.81412, 6.51186], [-74.81564, 6.51505], [-74.80986, 6.51795], [-74.80891, 6.52181], [-74.8053, 6.52587], [-74.80756, 6.53232], [-74.80442, 6.54683], [-74.79799, 6.54786], [-74.7959, 6.55004], [-74.79389, 6.5498], [-74.79299, 6.55212], [-74.79031, 6.55171]]}}, {"type": "Feature", "properties": {"codigo": "62AN28", "nombre": "Marsella - Caracolí", "inicio": "Marsella", "fin": "Caracolí", "longitud_km": 21.2, "ancho_m": 4.125, "is_prioritized": false, "circuit_id": null, "circuit_name": null, "subregion": null, "km_intervenir": 0}, "geometry": {"type": "LineString", "coordinates": [[-74.64632, 6.44599], [-74.64801, 6.44186], [-74.64972, 6.44134], [-74.64782, 6.44015], [-74.64969, 6.43916], [-74.64893, 6.43576], [-74.65397, 6.43253], [-74.65218, 6.42669], [-74.65567, 6.42721], [-74.65587, 6.42536], [-74.65823, 6.42436], [-74.65614, 6.41398], [-74.65908, 6.40942], [-74.66446, 6.40596], [-74.66506, 6.40151], [-74.66778, 6.39984], [-74.66907, 6.39675], [-74.67615, 6.39672], [-74.67894, 6.39039], [-74.68459, 6.3932], [-74.68601, 6.39223], [-74.69337, 6.39408], [-74.69347, 6.39687], [-74.69577, 6.39712], [-74.69748, 6.40046], [-74.69984, 6.40021], [-74.69912, 6.3988], [-74.70112, 6.40035], [-74.70262, 6.39757], [-74.70356, 6.4006], [-74.70632, 6.40103], [-74.70488, 6.40254], [-74.70729, 6.40155], [-74.71166, 6.40556], [-74.71488, 6.39918], [-74.71662, 6.39868], [-74.71648, 6.40129], [-74.71824, 6.39971], [-74.71903, 6.39416], [-74.7269, 6.3939], [-74.72694, 6.39547], [-74.7299, 6.39423], [-74.73361, 6.39685], [-74.73506, 6.4003], [-74.73617, 6.4101], [-74.74027, 6.41207], [-74.74118, 6.41449], [-74.75507, 6.41186]]}}, {"type": "Feature", "properties": {"codigo": "62AN30", "nombre": "Puerto Berrío (Las Flores) - Cruces", "inicio": "Puerto Berrío (Las Flores)", "fin": "Cruces", "longitud_km": 44.63, "ancho_m": 3.317682, "is_prioritized": true, "circuit_id": 6, "circuit_name": "Remedios - La Y De La Virgen - Puerto Berrío", "subregion": "Magdalena Medio", "km_intervenir": 25.0}, "geometry": {"type": "LineString", "coordinates": [[-74.46994, 6.49189], [-74.47055, 6.48593], [-74.4749, 6.47929], [-74.47173, 6.47659], [-74.47062, 6.46561], [-74.47697, 6.45926], [-74.47743, 6.45594], [-74.48159, 6.45316], [-74.48802, 6.45494], [-74.4899, 6.45254], [-74.49638, 6.44961], [-74.49837, 6.44975], [-74.50046, 6.45248], [-74.50171, 6.44836], [-74.5002, 6.44174], [-74.50347, 6.43245], [-74.50654, 6.43184], [-74.5129, 6.42374], [-74.51772, 6.42373], [-74.52431, 6.42101], [-74.53425, 6.41297], [-74.53348, 6.40996], [-74.53542, 6.40609], [-74.53519, 6.40148], [-74.53391, 6.3955], [-74.53181, 6.39352], [-74.53204, 6.38997], [-74.5363, 6.38619], [-74.54073, 6.36934], [-74.54764, 6.36152], [-74.54727, 6.35832], [-74.55289, 6.34959], [-74.55124, 6.33893], [-74.55338, 6.33112], [-74.5568, 6.32562], [-74.5601, 6.32428], [-74.56271, 6.31904], [-74.56221, 6.31436], [-74.56466, 6.30889], [-74.5639, 6.30421], [-74.56602, 6.30168], [-74.56287, 6.28984], [-74.57011, 6.27021], [-74.57345, 6.26677], [-74.599, 6.2559], [-74.60423, 6.25126], [-74.60541, 6.23756], [-74.60948, 6.22654], [-74.61144, 6.22363], [-74.62088, 6.21977], [-74.62554, 6.21325], [-74.62958, 6.21152], [-74.63161, 6.20839], [-74.63182, 6.20367]]}}, {"type": "Feature", "properties": {"codigo": "90AN01", "nombre": "El Bobal - San Pedro de Urabá", "inicio": "El Bobal", "fin": "San Pedro de Urabá", "longitud_km": 57.0, "ancho_m": 5.0, "is_prioritized": true, "circuit_id": 25, "circuit_name": "San Pedro de Urabá - Necoclí", "subregion": "Urabá", "km_intervenir": 58.65}, "geometry": {"type": "LineString", "coordinates": [[-76.75547, 8.41255], [-76.74904, 8.41893], [-76.74672, 8.41821], [-76.74494, 8.41947], [-76.74321, 8.42329], [-76.74025, 8.42453], [-76.73696, 8.43263], [-76.73421, 8.43242], [-76.72781, 8.43871], [-76.72603, 8.43636], [-76.72274, 8.43635], [-76.72025, 8.43854], [-76.71071, 8.43612], [-76.70415, 8.43114], [-76.69418, 8.4355], [-76.69044, 8.43276], [-76.68684, 8.43351], [-76.67998, 8.42982], [-76.67348, 8.42922], [-76.6712, 8.4305], [-76.66442, 8.42662], [-76.65391, 8.42786], [-76.65096, 8.42186], [-76.64723, 8.42093], [-76.64524, 8.41663], [-76.64258, 8.41529], [-76.64483, 8.41234], [-76.64203, 8.40766], [-76.637, 8.40669], [-76.63373, 8.4027], [-76.62915, 8.40068], [-76.6297, 8.399], [-76.62739, 8.395], [-76.62343, 8.39508], [-76.61983, 8.39203], [-76.6189, 8.38862], [-76.62112, 8.38136], [-76.61845, 8.37597], [-76.62059, 8.37527], [-76.62098, 8.37209], [-76.61773, 8.36777], [-76.61153, 8.36811], [-76.60969, 8.3669], [-76.60887, 8.36528], [-76.61179, 8.36301], [-76.60935, 8.36134], [-76.60491, 8.36194], [-76.60499, 8.36436], [-76.60092, 8.36685], [-76.59766, 8.36522], [-76.59475, 8.36603], [-76.57668, 8.3636], [-76.574, 8.36059], [-76.56607, 8.35864], [-76.56039, 8.36051], [-76.55809, 8.36288], [-76.55325, 8.36309], [-76.54748, 8.36764], [-76.53037, 8.36652], [-76.5288, 8.36831], [-76.52748, 8.36653], [-76.52053, 8.36441], [-76.51793, 8.36647], [-76.51085, 8.36726], [-76.50421, 8.365], [-76.50187, 8.36673], [-76.49754, 8.36614], [-76.49398, 8.36924], [-76.49046, 8.36886], [-76.48535, 8.37246], [-76.48342, 8.3694], [-76.48429, 8.365], [-76.47857, 8.35344], [-76.47315, 8.34978], [-76.46848, 8.34986], [-76.46311, 8.34721], [-76.46259, 8.34437], [-76.45312, 8.34371], [-76.45351, 8.34116], [-76.45084, 8.33938], [-76.45127, 8.33783], [-76.44767, 8.33299], [-76.44498, 8.33218], [-76.44408, 8.32737], [-76.44103, 8.32749], [-76.44228, 8.32333], [-76.4401, 8.3189], [-76.43356, 8.31712], [-76.42794, 8.31263], [-76.42062, 8.3115], [-76.39774, 8.29174], [-76.39526, 8.2878]]}}, {"type": "Feature", "properties": {"codigo": "90AN02", "nombre": "Mellitos - El Tambito", "inicio": "Mellitos", "fin": "El Tambito", "longitud_km": 44.0, "ancho_m": 5.0, "is_prioritized": false, "circuit_id": null, "circuit_name": null, "subregion": null, "km_intervenir": 0}, "geometry": {"type": "LineString", "coordinates": [[-76.67139, 8.54615], [-76.65902, 8.54862], [-76.64986, 8.55529], [-76.63968, 8.5603], [-76.63709, 8.56021], [-76.63208, 8.54937], [-76.61993, 8.53402], [-76.61422, 8.53176], [-76.60949, 8.53366], [-76.60695, 8.5317], [-76.60066, 8.53827], [-76.58589, 8.54924], [-76.57823, 8.55028], [-76.57569, 8.54691], [-76.57214, 8.54645], [-76.56882, 8.55018], [-76.57052, 8.55284], [-76.56873, 8.55702], [-76.56487, 8.56048], [-76.56362, 8.56425], [-76.56176, 8.56326], [-76.55886, 8.56699], [-76.55804, 8.57864], [-76.55574, 8.58131], [-76.54631, 8.57981], [-76.52724, 8.58522], [-76.52141, 8.59595], [-76.51459, 8.60388], [-76.5102, 8.60658], [-76.5051, 8.6068], [-76.50243, 8.61645], [-76.50664, 8.62344], [-76.50128, 8.62974], [-76.49533, 8.6297], [-76.49129, 8.63498], [-76.48714, 8.63441], [-76.48337, 8.63674], [-76.47895, 8.63295], [-76.47043, 8.63378], [-76.46661, 8.63982], [-76.45072, 8.65422], [-76.44726, 8.6593], [-76.43037, 8.66035], [-76.4249, 8.67231], [-76.41554, 8.68355]]}}, {"type": "Feature", "properties": {"codigo": "90AN03", "nombre": "Arboletes - El Tambito", "inicio": "Arboletes", "fin": "El Tambito", "longitud_km": 26.0, "ancho_m": 5.0, "is_prioritized": true, "circuit_id": 26, "circuit_name": "San Pedro de Urabá - Arboletes", "subregion": "Urabá", "km_intervenir": 30.0}, "geometry": {"type": "LineString", "coordinates": [[-76.42708, 8.84706], [-76.43216, 8.83551], [-76.43223, 8.82782], [-76.42991, 8.82269], [-76.42539, 8.82062], [-76.4242, 8.81439], [-76.42088, 8.81234], [-76.41911, 8.80565], [-76.4165, 8.80498], [-76.41728, 8.80248], [-76.41533, 8.79786], [-76.41625, 8.79508], [-76.42003, 8.79356], [-76.41652, 8.7885], [-76.42103, 8.78585], [-76.42246, 8.78306], [-76.42115, 8.76988], [-76.42736, 8.76257], [-76.42874, 8.75802], [-76.42653, 8.75539], [-76.42796, 8.75452], [-76.42731, 8.75014], [-76.42856, 8.74922], [-76.42305, 8.74124], [-76.42388, 8.73923], [-76.42151, 8.73777], [-76.42582, 8.73155], [-76.42287, 8.72962], [-76.42856, 8.72172], [-76.42755, 8.71994], [-76.42855, 8.71817], [-76.42649, 8.71724], [-76.42679, 8.71534], [-76.42867, 8.71519], [-76.42836, 8.71037], [-76.42662, 8.70868], [-76.42789, 8.70752], [-76.42545, 8.70249], [-76.42997, 8.69452], [-76.4282, 8.69049], [-76.42137, 8.6873], [-76.41722, 8.68765], [-76.41554, 8.68355]]}}, {"type": "Feature", "properties": {"codigo": "62AN02", "nombre": "El Tres - San Pedro de Urabá", "inicio": "El Tres", "fin": "San Pedro de Urabá", "longitud_km": 46.668, "ancho_m": 6.886364, "is_prioritized": true, "circuit_id": 27, "circuit_name": "San Pedro - El Tres - Turbo", "subregion": "Urabá", "km_intervenir": 22.0}, "geometry": {"type": "LineString", "coordinates": [[-76.6593, 8.06801], [-76.65899, 8.06969], [-76.65376, 8.06989], [-76.65111, 8.0731], [-76.64668, 8.07265], [-76.64223, 8.06968], [-76.63471, 8.06997], [-76.62547, 8.07485], [-76.61968, 8.08103], [-76.61547, 8.08066], [-76.61289, 8.08528], [-76.61476, 8.0893], [-76.61498, 8.09738], [-76.61131, 8.10156], [-76.61187, 8.1078], [-76.6095, 8.11017], [-76.59819, 8.11128], [-76.58749, 8.11788], [-76.57866, 8.12745], [-76.57453, 8.12883], [-76.57111, 8.12806], [-76.55679, 8.13386], [-76.55274, 8.13412], [-76.55245, 8.13059], [-76.55026, 8.13425], [-76.55006, 8.13959], [-76.55452, 8.14232], [-76.55512, 8.1486], [-76.55015, 8.15224], [-76.54844, 8.15734], [-76.54994, 8.15754], [-76.54929, 8.15916], [-76.54178, 8.16322], [-76.54176, 8.16503], [-76.53652, 8.16964], [-76.52687, 8.17553], [-76.52609, 8.17957], [-76.52757, 8.18459], [-76.522, 8.18635], [-76.51946, 8.19264], [-76.52577, 8.20252], [-76.51927, 8.21352], [-76.5143, 8.21435], [-76.50986, 8.21728], [-76.50389, 8.21732], [-76.49714, 8.22078], [-76.48603, 8.21947], [-76.47295, 8.22809], [-76.4675, 8.2276], [-76.45106, 8.23231], [-76.44832, 8.23594], [-76.44835, 8.2393], [-76.44395, 8.25025], [-76.42792, 8.27727], [-76.42365, 8.28078], [-76.41695, 8.2811], [-76.41141, 8.28527], [-76.40178, 8.28426], [-76.39509, 8.28787], [-76.38913, 8.28773]]}}, {"type": "Feature", "properties": {"codigo": "62AN20", "nombre": "Molino Viejo - Santo Domingo", "inicio": "Molino Viejo", "fin": "Santo Domingo", "longitud_km": 19.2, "ancho_m": 5.945385, "is_prioritized": false, "circuit_id": null, "circuit_name": null, "subregion": null, "km_intervenir": 0}, "geometry": {"type": "LineString", "coordinates": [[-75.27254, 6.48375], [-75.26351, 6.48542], [-75.25824, 6.48236], [-75.25556, 6.48273], [-75.25484, 6.48354], [-75.25892, 6.48826], [-75.25646, 6.48989], [-75.25653, 6.49278], [-75.24935, 6.49444], [-75.24752, 6.49807], [-75.24647, 6.49726], [-75.24728, 6.49372], [-75.25036, 6.4911], [-75.24551, 6.4916], [-75.24899, 6.48977], [-75.24404, 6.4882], [-75.23069, 6.48523], [-75.22661, 6.48999], [-75.22112, 6.48724], [-75.21846, 6.48808], [-75.21434, 6.48088], [-75.20164, 6.48206], [-75.19934, 6.48679], [-75.17807, 6.48546], [-75.17455, 6.48378], [-75.17156, 6.48498], [-75.16933, 6.4845], [-75.1691, 6.48078], [-75.16695, 6.47763]]}}, {"type": "Feature", "properties": {"codigo": "62AN29", "nombre": "Las Flores (Puerto Berrío) - La Ye", "inicio": "Las Flores (Puerto Berrío)", "fin": "La Ye", "longitud_km": 35.0, "ancho_m": 5.021429, "is_prioritized": false, "circuit_id": null, "circuit_name": null, "subregion": null, "km_intervenir": 0}, "geometry": {"type": "LineString", "coordinates": [[-74.47475, 6.49502], [-74.47273, 6.50179], [-74.47359, 6.50364], [-74.47065, 6.50964], [-74.46819, 6.51139], [-74.46645, 6.51789], [-74.46625, 6.52715], [-74.46316, 6.52795], [-74.4616, 6.53545], [-74.45658, 6.54302], [-74.45947, 6.54985], [-74.45948, 6.55767], [-74.45273, 6.57242], [-74.45219, 6.58954], [-74.44364, 6.60108], [-74.43665, 6.62082], [-74.43711, 6.63624], [-74.43196, 6.64746], [-74.4332, 6.65416], [-74.42971, 6.66963], [-74.41528, 6.70139], [-74.41308, 6.71345], [-74.40691, 6.72025], [-74.40928, 6.72069], [-74.41116, 6.72355], [-74.41079, 6.73339], [-74.40863, 6.73812], [-74.41242, 6.73925], [-74.4203, 6.74594], [-74.4192, 6.75064], [-74.42066, 6.75316], [-74.41715, 6.7555], [-74.41679, 6.75837], [-74.42256, 6.76314], [-74.42189, 6.76746]]}}, {"type": "Feature", "properties": {"codigo": "62AN29-1", "nombre": "La Ye - Yondo", "inicio": "La Ye", "fin": "Yondo", "longitud_km": 101.0, "ancho_m": 4.109289, "is_prioritized": true, "circuit_id": 2, "circuit_name": "La Ye - Yondó", "subregion": "Magdalena Medio", "km_intervenir": 30.0}, "geometry": {"type": "MultiLineString", "coordinates": [[[-74.42189, 6.76746], [-74.42004, 6.76988], [-74.41755, 6.7698], [-74.41303, 6.77849], [-74.41148, 6.77711], [-74.4064, 6.78006], [-74.40289, 6.77761], [-74.3902, 6.78435], [-74.39026, 6.78852], [-74.39254, 6.79128], [-74.38839, 6.79858], [-74.3896, 6.80337], [-74.39262, 6.80666], [-74.39198, 6.81038], [-74.38804, 6.81379], [-74.38984, 6.81785], [-74.38895, 6.82109], [-74.38759, 6.82042], [-74.38652, 6.82261], [-74.3852, 6.8224], [-74.38447, 6.82726], [-74.38744, 6.82849], [-74.39049, 6.82753], [-74.39155, 6.83153], [-74.39755, 6.83895], [-74.39041, 6.84172], [-74.38885, 6.8441], [-74.38931, 6.84725], [-74.37942, 6.84831], [-74.37561, 6.85311], [-74.36901, 6.85702], [-74.34331, 6.86708], [-74.32067, 6.87825], [-74.30963, 6.87042], [-74.30958, 6.86451], [-74.30284, 6.85965], [-74.30153, 6.85566], [-74.29346, 6.84812], [-74.28115, 6.84622]], [[-74.28115, 6.84622], [-74.26605, 6.83961], [-74.26067, 6.83343], [-74.25525, 6.83607], [-74.24703, 6.8371], [-74.23985, 6.83539], [-74.22813, 6.84049], [-74.22639, 6.84495], [-74.222, 6.84739], [-74.22051, 6.8526], [-74.21729, 6.85421], [-74.21464, 6.85914], [-74.20984, 6.85923], [-74.20169, 6.86529], [-74.19795, 6.86401], [-74.19183, 6.86676], [-74.18858, 6.86489], [-74.18695, 6.86857], [-74.18274, 6.86759], [-74.18175, 6.86488], [-74.17616, 6.86421], [-74.17277, 6.86644], [-74.17301, 6.86909], [-74.16728, 6.87317], [-74.1692, 6.87938], [-74.16584, 6.88513], [-74.1493, 6.89179], [-74.14962, 6.89471], [-74.14491, 6.90629], [-74.14199, 6.90616], [-74.1414, 6.90874], [-74.13912, 6.90732], [-74.13648, 6.91037], [-74.13452, 6.90952], [-74.12755, 6.91165], [-74.12335, 6.91076], [-74.11626, 6.91288], [-74.11542, 6.91547], [-74.11855, 6.92246], [-74.11163, 6.92762], [-74.10953, 6.92693], [-74.10438, 6.9293], [-74.10335, 6.93972], [-74.0962, 6.93859], [-74.08917, 6.94236], [-74.08525, 6.9394], [-74.0834, 6.94105], [-74.0774, 6.9405], [-74.07518, 6.94475], [-74.07022, 6.94188], [-74.06629, 6.94603], [-74.0589, 6.94728], [-74.05458, 6.94561], [-74.05244, 6.94638], [-74.05112, 6.94455], [-74.04523, 6.94432], [-74.04126, 6.94622], [-74.03855, 6.94969], [-74.03492, 6.94739], [-74.03466, 6.94323], [-74.02502, 6.93829], [-74.01853, 6.94355], [-74.01393, 6.94433], [-74.01246, 6.94309], [-74.01126, 6.9454], [-74.00448, 6.94885], [-74.0005, 6.9477], [-73.99391, 6.94879], [-73.99197, 6.95138], [-73.98725, 6.94722], [-73.98099, 6.94712], [-73.97866, 6.95238], [-73.97153, 6.95597], [-73.96983, 6.95557], [-73.9696, 6.95231], [-73.96677, 6.94909], [-73.96261, 6.94796], [-73.95942, 6.95206], [-73.95192, 6.95519], [-73.94887, 6.96644], [-73.94707, 6.969], [-73.94326, 6.97032], [-73.94259, 6.97572], [-73.94391, 6.97843], [-73.94141, 6.98291], [-73.94303, 6.98832], [-73.93601, 6.99374], [-73.93579, 6.99785], [-73.93233, 7.00213], [-73.92835, 7.00411], [-73.92583, 7.00222], [-73.92178, 7.00336], [-73.91512, 7.00109], [-73.91197, 7.00354]]]}}, {"type": "Feature", "properties": {"codigo": "60AN06", "nombre": "La Metida - Concordia", "inicio": "La Metida", "fin": "Concordia", "longitud_km": 21.8, "ancho_m": 7.013333, "is_prioritized": false, "circuit_id": null, "circuit_name": null, "subregion": null, "km_intervenir": 0}, "geometry": {"type": "LineString", "coordinates": [[-75.84935, 5.96337], [-75.85302, 5.97013], [-75.8558, 5.96306], [-75.86125, 5.96502], [-75.85684, 5.97052], [-75.85953, 5.97581], [-75.86259, 5.97819], [-75.8602, 5.98694], [-75.86112, 5.98876], [-75.86233, 5.98828], [-75.86559, 5.9841], [-75.86478, 5.98625], [-75.86697, 5.98796], [-75.86644, 5.98999], [-75.87056, 5.99076], [-75.87171, 5.98837], [-75.87196, 5.99263], [-75.86914, 5.99255], [-75.87057, 5.99459], [-75.86793, 5.99475], [-75.87021, 5.99586], [-75.87602, 5.99464], [-75.87432, 5.99864], [-75.88089, 5.99655], [-75.88358, 5.99272], [-75.89497, 5.99649], [-75.89592, 6.0053], [-75.89419, 6.01157], [-75.89544, 6.01881], [-75.89449, 6.02263], [-75.89932, 6.03024], [-75.89954, 6.03308], [-75.902, 6.03523], [-75.90365, 6.04231]]}}, {"type": "Feature", "properties": {"codigo": "62AN16", "nombre": "San Jerónimo - San Pedro de Los Milagros", "inicio": "San Jerónimo", "fin": "San Pedro de Los Milagros", "longitud_km": 31.72, "ancho_m": 7.0, "is_prioritized": false, "circuit_id": null, "circuit_name": null, "subregion": null, "km_intervenir": 0}, "geometry": {"type": "MultiLineString", "coordinates": [[[-75.72872, 6.44784], [-75.72599, 6.45734], [-75.7189, 6.46088], [-75.71599, 6.46402], [-75.71904, 6.4629], [-75.71339, 6.46689], [-75.71222, 6.4681], [-75.71333, 6.46855], [-75.70649, 6.47213], [-75.70582, 6.47096], [-75.70244, 6.4725], [-75.69978, 6.475], [-75.6998, 6.47393], [-75.6979, 6.47446]], [[-75.6979, 6.47446], [-75.69549, 6.47601], [-75.69721, 6.48057], [-75.69285, 6.48637], [-75.68985, 6.48745], [-75.68905, 6.49111], [-75.68634, 6.48362], [-75.67788, 6.48118]], [[-75.67788, 6.48118], [-75.67089, 6.4834], [-75.66468, 6.48771], [-75.6651, 6.48634], [-75.66375, 6.48745], [-75.66373, 6.48509], [-75.65865, 6.48185], [-75.66217, 6.48119], [-75.66295, 6.4796], [-75.65998, 6.47937], [-75.66657, 6.47471], [-75.66135, 6.46918], [-75.66147, 6.46698], [-75.6567, 6.46089], [-75.66273, 6.45873], [-75.66538, 6.45586], [-75.66141, 6.45551], [-75.66127, 6.45148], [-75.65983, 6.45292], [-75.65978, 6.45146], [-75.65637, 6.45192], [-75.65658, 6.44831], [-75.65397, 6.45018], [-75.65381, 6.44697], [-75.6522, 6.44815], [-75.65088, 6.44647], [-75.64875, 6.44712], [-75.64641, 6.44116], [-75.63881, 6.4388], [-75.63819, 6.43538], [-75.6365, 6.43459], [-75.63389, 6.43685], [-75.63363, 6.4392], [-75.62991, 6.44001], [-75.62965, 6.4414], [-75.62513, 6.43747], [-75.62009, 6.43849], [-75.61495, 6.43686], [-75.60584, 6.43003], [-75.60307, 6.42956], [-75.59872, 6.43221], [-75.59213, 6.43072]]]}}, {"type": "Feature", "properties": {"codigo": "60AN04-1-1", "nombre": "Ye a La Bodega (Andes) - Puente Lata - Jericó", "inicio": "Ye a La Bodega (Andes)", "fin": "Jericó", "longitud_km": 28.0, "ancho_m": 3.920399, "is_prioritized": false, "circuit_id": null, "circuit_name": null, "subregion": null, "km_intervenir": 0}, "geometry": {"type": "MultiLineString", "coordinates": [[[-75.87568, 5.69162], [-75.87432, 5.69441], [-75.87139, 5.6965], [-75.8684, 5.69628], [-75.86816, 5.69756], [-75.8627, 5.69701], [-75.86019, 5.69476], [-75.85296, 5.69893], [-75.85655, 5.69376], [-75.84842, 5.69014], [-75.84848, 5.68841], [-75.85075, 5.68729], [-75.84894, 5.68673], [-75.84861, 5.68457], [-75.84641, 5.68648], [-75.84618, 5.68009]], [[-75.84618, 5.68009], [-75.84427, 5.67677], [-75.84189, 5.67762], [-75.84085, 5.67209], [-75.83797, 5.67525], [-75.83952, 5.67812], [-75.83688, 5.67765], [-75.83769, 5.68084], [-75.83496, 5.68282], [-75.83038, 5.68282], [-75.82951, 5.68556], [-75.82713, 5.685], [-75.8263, 5.68792]], [[-75.8263, 5.68792], [-75.8246, 5.69276], [-75.82204, 5.69273], [-75.82194, 5.69433], [-75.8188, 5.69534], [-75.81903, 5.69905], [-75.81664, 5.70022], [-75.8118, 5.70782], [-75.81094, 5.71336], [-75.81218, 5.71558], [-75.81074, 5.71853], [-75.81232, 5.72143], [-75.81261, 5.72862], [-75.81496, 5.73051]], [[-75.81496, 5.73051], [-75.81619, 5.73217], [-75.81052, 5.74294], [-75.80527, 5.74591], [-75.80515, 5.74851], [-75.80032, 5.75311], [-75.79876, 5.7592], [-75.79468, 5.76351], [-75.79296, 5.76336], [-75.79171, 5.76883], [-75.78898, 5.77087], [-75.79117, 5.77387], [-75.78946, 5.77528], [-75.79019, 5.78482]]]}}, {"type": "Feature", "properties": {"codigo": "62AN31", "nombre": "Casa Verde - Aeropuerto- Puerto Zungo", "inicio": null, "fin": null, "longitud_km": 0, "ancho_m": 0, "is_prioritized": false, "circuit_id": null, "circuit_name": null, "subregion": null, "km_intervenir": 0}, "geometry": {"type": "LineString", "coordinates": [[-76.65398, 7.7871], [-76.6668, 7.79407], [-76.68104, 7.79918], [-76.69008, 7.80753], [-76.70806, 7.81159], [-76.71149, 7.81586], [-76.73024, 7.82588], [-76.74213, 7.85092]]}}, {"type": "Feature", "properties": {"codigo": "62AN15", "nombre": "Sopetrán - Belmira", "inicio": "Sopetrán", "fin": "Belmira", "longitud_km": 44.0, "ancho_m": 5.0, "is_prioritized": true, "circuit_id": 13, "circuit_name": "Sopetrán - Horizontes - Belmira", "subregion": "Occidente - Norte", "km_intervenir": 39.59}, "geometry": {"type": "LineString", "coordinates": [[-75.75435, 6.5132], [-75.75169, 6.51598], [-75.74661, 6.51618], [-75.74726, 6.51929], [-75.74368, 6.52353], [-75.74591, 6.53141], [-75.74117, 6.52839], [-75.73992, 6.5321], [-75.73538, 6.53423], [-75.73879, 6.53401], [-75.73921, 6.53687], [-75.73654, 6.53601], [-75.73157, 6.54115], [-75.73718, 6.53907], [-75.73325, 6.54296], [-75.73608, 6.54157], [-75.73491, 6.54886], [-75.73383, 6.54506], [-75.73051, 6.54594], [-75.72741, 6.54903], [-75.73074, 6.54939], [-75.72656, 6.55089], [-75.72684, 6.55394], [-75.72357, 6.55718], [-75.71767, 6.55835], [-75.71381, 6.56489], [-75.71557, 6.56826], [-75.71271, 6.57308], [-75.71733, 6.57285], [-75.72213, 6.56902], [-75.72458, 6.56935], [-75.72095, 6.57504], [-75.72225, 6.57676], [-75.71958, 6.58003], [-75.71892, 6.58578], [-75.72748, 6.57851], [-75.73119, 6.58113], [-75.73155, 6.58804], [-75.73269, 6.58622], [-75.73774, 6.58492], [-75.73647, 6.58202], [-75.73928, 6.58014], [-75.73973, 6.57624], [-75.74116, 6.5776], [-75.74004, 6.57768], [-75.74048, 6.58145], [-75.74218, 6.58059], [-75.74563, 6.58436], [-75.74627, 6.58587], [-75.74514, 6.58446], [-75.74236, 6.58473], [-75.74206, 6.58823], [-75.74367, 6.58741], [-75.74456, 6.58881], [-75.74243, 6.5939], [-75.74242, 6.59206], [-75.7404, 6.59297], [-75.73961, 6.59637], [-75.74144, 6.59665], [-75.73663, 6.60244], [-75.72449, 6.60713], [-75.72331, 6.60572], [-75.7204, 6.61044], [-75.71626, 6.61314], [-75.71366, 6.61109], [-75.71246, 6.61383], [-75.70863, 6.61574], [-75.70026, 6.61228], [-75.69849, 6.60866], [-75.69481, 6.60871], [-75.69349, 6.61068], [-75.68713, 6.6109], [-75.68407, 6.60968], [-75.6835, 6.60761], [-75.67829, 6.60743], [-75.67702, 6.60429], [-75.67411, 6.60574], [-75.67415, 6.60775], [-75.67048, 6.61206]]}}, {"type": "Feature", "properties": {"codigo": "56AN05-2", "nombre": "Abejorral - El Cairo -  La Elvira (Sta. Bárbara)", "inicio": "Abejorral", "fin": "La Elvira (Sta. Bárbara)", "longitud_km": 35.5, "ancho_m": 5.717494, "is_prioritized": true, "circuit_id": 18, "circuit_name": "Abejorral - Santa Barbara", "subregion": "Oriente - Suroeste", "km_intervenir": 26.2}, "geometry": {"type": "MultiLineString", "coordinates": [[[-75.43072, 5.79485], [-75.43218, 5.79711], [-75.43743, 5.79772], [-75.44115, 5.80277], [-75.44071, 5.80705], [-75.44212, 5.80904], [-75.44719, 5.81321], [-75.45125, 5.81403], [-75.45215, 5.816], [-75.45412, 5.81472], [-75.45519, 5.81923], [-75.46587, 5.82766], [-75.46665, 5.83063], [-75.46943, 5.82857], [-75.46915, 5.83555], [-75.47532, 5.83969], [-75.47412, 5.84323], [-75.47645, 5.84762], [-75.48068, 5.85087]], [[-75.48068, 5.85087], [-75.48288, 5.85258], [-75.48464, 5.8504], [-75.48603, 5.85562], [-75.48912, 5.85576]], [[-75.48912, 5.85576], [-75.49946, 5.85164], [-75.49973, 5.84997], [-75.50961, 5.84847], [-75.51589, 5.85125], [-75.51979, 5.84797], [-75.51908, 5.85379], [-75.51726, 5.85587], [-75.51864, 5.85982], [-75.52059, 5.85686], [-75.52154, 5.86446], [-75.51765, 5.86441], [-75.51386, 5.85967], [-75.51113, 5.86216], [-75.51254, 5.8615], [-75.51489, 5.86668], [-75.52103, 5.86993], [-75.52832, 5.86854], [-75.53289, 5.86222], [-75.53795, 5.86973], [-75.53856, 5.87322], [-75.53821, 5.86738], [-75.53957, 5.87126], [-75.54018, 5.86761], [-75.54135, 5.86886], [-75.54508, 5.86828], [-75.54197, 5.86821], [-75.54372, 5.86524], [-75.54242, 5.86391], [-75.54808, 5.86677], [-75.54469, 5.86365], [-75.54733, 5.85932], [-75.55019, 5.85753], [-75.552, 5.85841], [-75.55379, 5.85639], [-75.55316, 5.85518], [-75.55745, 5.85535]]]}}, {"type": "Feature", "properties": {"codigo": "56AN07", "nombre": "La Frontera (Ruta 56) - Abejorral", "inicio": "La Frontera (Ruta 56)", "fin": "Abejorral", "longitud_km": 27.6, "ancho_m": 5.174915, "is_prioritized": true, "circuit_id": 17, "circuit_name": "Abejorral - La Frontera", "subregion": "Oriente", "km_intervenir": 25.49}, "geometry": {"type": "MultiLineString", "coordinates": [[[-75.31292, 5.88918], [-75.31326, 5.88789], [-75.31551, 5.88938], [-75.31634, 5.88483], [-75.31783, 5.888], [-75.32062, 5.88547], [-75.32166, 5.88684], [-75.32428, 5.88318], [-75.32362, 5.88203], [-75.32706, 5.88014], [-75.32907, 5.88222], [-75.33194, 5.8822], [-75.33595, 5.87982], [-75.3412, 5.87971], [-75.34345, 5.88288], [-75.3495, 5.88547], [-75.35327, 5.88098], [-75.35133, 5.8745], [-75.35294, 5.87415], [-75.35484, 5.86905], [-75.35639, 5.86895], [-75.35583, 5.86711], [-75.36864, 5.85702], [-75.37197, 5.85793], [-75.37195, 5.8561], [-75.37499, 5.85523], [-75.37542, 5.85372]], [[-75.37542, 5.85372], [-75.37889, 5.8524], [-75.38135, 5.85331], [-75.38338, 5.84969], [-75.39212, 5.84391], [-75.39144, 5.84128], [-75.39487, 5.84117], [-75.39571, 5.84379], [-75.39625, 5.84163], [-75.40293, 5.83905], [-75.40471, 5.83571], [-75.40619, 5.83613], [-75.40902, 5.83135], [-75.40917, 5.82752], [-75.41088, 5.83065], [-75.41031, 5.82745], [-75.41192, 5.8291], [-75.41123, 5.8229], [-75.41461, 5.81869], [-75.41314, 5.8132], [-75.41452, 5.81137], [-75.41651, 5.81281], [-75.41839, 5.81014], [-75.42291, 5.81525]]]}}, {"type": "Feature", "properties": {"codigo": "56AN08", "nombre": "Morelia (Ruta 56) - Abejorral", "inicio": "Morelia (Ruta 56)", "fin": "Abejorral", "longitud_km": 29.0, "ancho_m": 4.085556, "is_prioritized": false, "circuit_id": null, "circuit_name": null, "subregion": null, "km_intervenir": 0}, "geometry": {"type": "MultiLineString", "coordinates": [[[-75.30413, 5.80538], [-75.30847, 5.80405], [-75.30681, 5.80318], [-75.30727, 5.80144], [-75.31042, 5.80396], [-75.31169, 5.80142], [-75.31559, 5.80052], [-75.31745, 5.80235], [-75.32082, 5.80255], [-75.32322, 5.80121], [-75.3207, 5.80012], [-75.31996, 5.79805], [-75.32116, 5.79708], [-75.3244, 5.79954], [-75.32945, 5.79816], [-75.33284, 5.79145], [-75.33619, 5.79207], [-75.33696, 5.78792], [-75.34162, 5.78876], [-75.34119, 5.78449], [-75.3429, 5.78544], [-75.34566, 5.77703], [-75.34713, 5.77822], [-75.35054, 5.77619], [-75.35274, 5.77761]], [[-75.35274, 5.77761], [-75.35512, 5.77692], [-75.35664, 5.77845], [-75.36157, 5.77662], [-75.36621, 5.77206], [-75.37509, 5.77307], [-75.3717, 5.77653], [-75.37209, 5.78394], [-75.37437, 5.77864], [-75.37867, 5.77922], [-75.38262, 5.7746], [-75.38397, 5.77636], [-75.38529, 5.77139], [-75.38686, 5.77172], [-75.38783, 5.76934], [-75.39217, 5.76953], [-75.39507, 5.77303], [-75.39458, 5.77819], [-75.39824, 5.78039], [-75.40164, 5.7779], [-75.40503, 5.77824], [-75.40786, 5.77521], [-75.40974, 5.77522], [-75.40892, 5.77342], [-75.41335, 5.77284], [-75.41423, 5.7708], [-75.41805, 5.7718], [-75.41694, 5.77133], [-75.41823, 5.76989], [-75.42238, 5.77541], [-75.42246, 5.77855], [-75.42615, 5.78052], [-75.42611, 5.78452]]]}}, {"type": "Feature", "properties": {"codigo": "60AN04", "nombre": "Remolino - Hispania - Puerto Boy - La Bodega - Andes - Jardín - Alto de Ventanas", "inicio": "Remolino", "fin": "Alto de Ventanas", "longitud_km": 62.8, "ancho_m": 3.37978, "is_prioritized": false, "circuit_id": null, "circuit_name": null, "subregion": null, "km_intervenir": 0}, "geometry": {"type": "LineString", "coordinates": [[-75.91554, 5.84811], [-75.91403, 5.84641], [-75.91126, 5.84881], [-75.90823, 5.84832], [-75.90635, 5.84519], [-75.90861, 5.84103], [-75.90823, 5.83657], [-75.90251, 5.83301], [-75.90474, 5.83041], [-75.90447, 5.82816], [-75.90669, 5.82771], [-75.90983, 5.8224], [-75.90646, 5.818], [-75.90735, 5.81112], [-75.90323, 5.80021], [-75.90608, 5.79777], [-75.90634, 5.79253], [-75.9093, 5.79176], [-75.91054, 5.78898], [-75.90826, 5.78641], [-75.90738, 5.78153], [-75.90772, 5.76554], [-75.90005, 5.75695], [-75.8956, 5.74883], [-75.89551, 5.74107], [-75.89373, 5.73963], [-75.89475, 5.73309], [-75.89332, 5.72451], [-75.88552, 5.71278], [-75.89004, 5.70974], [-75.88569, 5.70901], [-75.88696, 5.70607], [-75.88529, 5.7036], [-75.88592, 5.70037], [-75.88048, 5.6889], [-75.8754, 5.68221], [-75.87502, 5.66987], [-75.8772, 5.66286], [-75.87423, 5.65412], [-75.87626, 5.64559], [-75.87412, 5.64348], [-75.87458, 5.64025], [-75.87305, 5.6383], [-75.87001, 5.63965], [-75.86553, 5.63617], [-75.86046, 5.63534], [-75.86999, 5.62779], [-75.86893, 5.61903], [-75.87062, 5.61262], [-75.86801, 5.60817], [-75.859, 5.6027], [-75.85612, 5.6037], [-75.84841, 5.60077], [-75.84591, 5.60356], [-75.84173, 5.60113], [-75.83786, 5.60189], [-75.83067, 5.60021], [-75.8322, 5.59824], [-75.82515, 5.5998], [-75.81294, 5.59601], [-75.81111, 5.5886], [-75.80618, 5.59278], [-75.80124, 5.58751], [-75.79601, 5.58492], [-75.77739, 5.58131], [-75.7786, 5.57981], [-75.77294, 5.57315], [-75.78015, 5.57623], [-75.79076, 5.57495], [-75.79109, 5.56473], [-75.79363, 5.56628], [-75.79921, 5.56097], [-75.79688, 5.55634], [-75.79449, 5.55585], [-75.7936, 5.54599], [-75.80251, 5.54639], [-75.80386, 5.54481], [-75.80234, 5.54489], [-75.80499, 5.54291], [-75.80252, 5.54382], [-75.80308, 5.54079], [-75.79852, 5.54017], [-75.80423, 5.53935]]}}, {"type": "Feature", "properties": {"codigo": "60AN10", "nombre": "Paso Nivel (Ruta 60)  - Ye  Amagá - Angelópolis", "inicio": "Paso Nivel (Ruta 60)", "fin": "Angelópolis", "longitud_km": 12.9, "ancho_m": 6.382272, "is_prioritized": false, "circuit_id": null, "circuit_name": null, "subregion": null, "km_intervenir": 0}, "geometry": {"type": "LineString", "coordinates": [[-75.68591, 6.03912], [-75.68733, 6.03855], [-75.69024, 6.04196], [-75.69226, 6.04161], [-75.69747, 6.04598], [-75.69495, 6.04902], [-75.69434, 6.05441], [-75.69614, 6.05451], [-75.69656, 6.06099], [-75.69451, 6.06142], [-75.69638, 6.06715], [-75.69911, 6.06778], [-75.69815, 6.07381], [-75.70074, 6.07552], [-75.69989, 6.07785], [-75.70171, 6.08378], [-75.70365, 6.0844], [-75.70506, 6.08289], [-75.69867, 6.09719], [-75.70226, 6.09721], [-75.70578, 6.0995], [-75.70763, 6.10358], [-75.70845, 6.10135], [-75.70945, 6.10814]]}}, {"type": "Feature", "properties": {"codigo": "25AN03", "nombre": "Versalles - Montebello", "inicio": "Versalles", "fin": "Montebello", "longitud_km": 11.5, "ancho_m": 6.173913, "is_prioritized": false, "circuit_id": null, "circuit_name": null, "subregion": null, "km_intervenir": 0}, "geometry": {"type": "LineString", "coordinates": [[-75.59002, 5.96587], [-75.5902, 5.97181], [-75.58686, 5.97167], [-75.58515, 5.9742], [-75.5822, 5.97386], [-75.57952, 5.97126], [-75.5737, 5.96996], [-75.56636, 5.96358], [-75.56508, 5.96487], [-75.55835, 5.9648], [-75.55497, 5.96323], [-75.55388, 5.96054], [-75.54621, 5.96078], [-75.5429, 5.95904], [-75.53802, 5.95441], [-75.53664, 5.94863], [-75.53426, 5.95122], [-75.53269, 5.95012], [-75.53025, 5.95308], [-75.52889, 5.95019], [-75.52617, 5.95099], [-75.52251, 5.94914], [-75.5232, 5.94824]]}}, {"type": "Feature", "properties": {"codigo": "25AN10", "nombre": "El Chaquiro (Ruta 25) - Te a Labores", "inicio": "El Chaquiro (Ruta 25)", "fin": "Te a Labores", "longitud_km": 27.9, "ancho_m": 4.777826, "is_prioritized": false, "circuit_id": null, "circuit_name": null, "subregion": null, "km_intervenir": 0}, "geometry": {"type": "LineString", "coordinates": [[-75.48878, 6.7532], [-75.49008, 6.75479], [-75.49861, 6.75235], [-75.50647, 6.75609], [-75.51121, 6.75362], [-75.5159, 6.75587], [-75.51646, 6.75984], [-75.52, 6.7595], [-75.52074, 6.76209], [-75.52511, 6.76406], [-75.53039, 6.76958], [-75.53564, 6.77089], [-75.53757, 6.77443], [-75.54066, 6.77506], [-75.54128, 6.77858], [-75.54626, 6.77959], [-75.54909, 6.78551], [-75.56229, 6.78218], [-75.56919, 6.77454], [-75.5728, 6.77302], [-75.575, 6.77474], [-75.58238, 6.76907], [-75.58499, 6.77021], [-75.59518, 6.76768], [-75.59919, 6.76817], [-75.60358, 6.76483], [-75.6072, 6.7553], [-75.60997, 6.75296], [-75.60962, 6.75125], [-75.61645, 6.7474], [-75.61549, 6.74008], [-75.61659, 6.73633], [-75.61345, 6.73395], [-75.61723, 6.7276], [-75.61406, 6.72557], [-75.61578, 6.7247], [-75.61641, 6.72099], [-75.61402, 6.71544], [-75.61072, 6.71455], [-75.61014, 6.71127], [-75.61242, 6.70955], [-75.61088, 6.7047], [-75.61266, 6.70362]]}}, {"type": "Feature", "properties": {"codigo": "56AN05-1", "nombre": "Variante Colmenas (La Ceja - La Unión - Abejorral)", "inicio": "Sector La Unión", "fin": "Sector Santa Ines", "longitud_km": 15.5, "ancho_m": 5.875, "is_prioritized": false, "circuit_id": null, "circuit_name": null, "subregion": null, "km_intervenir": 0}, "geometry": {"type": "LineString", "coordinates": [[-75.42665, 5.94467], [-75.42148, 5.94034], [-75.41739, 5.94107], [-75.41323, 5.93893], [-75.41498, 5.93613], [-75.41078, 5.93816], [-75.41121, 5.93312], [-75.4094, 5.93292], [-75.40838, 5.92503], [-75.40884, 5.92126], [-75.41251, 5.9202], [-75.41592, 5.91353], [-75.40871, 5.90307], [-75.40935, 5.89931], [-75.41198, 5.89698], [-75.41467, 5.89984], [-75.41683, 5.89693], [-75.41531, 5.89683], [-75.41855, 5.894], [-75.42094, 5.89419], [-75.42258, 5.89166], [-75.42521, 5.89291], [-75.42399, 5.88682], [-75.42612, 5.8851], [-75.42458, 5.88229], [-75.42601, 5.87992]]}}, {"type": "Feature", "properties": {"codigo": "25AN11-1", "nombre": "Partidas a San José de la Montaña - San Andrés de Cuerquia - Matanzas - Ituango", "inicio": "Partidas a San José de la Montaña", "fin": "Ituango", "longitud_km": 71.0, "ancho_m": 7.0, "is_prioritized": false, "circuit_id": null, "circuit_name": null, "subregion": null, "km_intervenir": 0}, "geometry": {"type": "MultiLineString", "coordinates": [[[-75.66568, 6.88254], [-75.67284, 6.88207], [-75.67568, 6.885], [-75.67363, 6.8856], [-75.67166, 6.88985], [-75.67566, 6.89437], [-75.67459, 6.89706], [-75.67577, 6.89748], [-75.67389, 6.8979], [-75.67158, 6.89492], [-75.66865, 6.8943]], [[-75.66865, 6.8943], [-75.66674, 6.89469], [-75.66468, 6.89945], [-75.66079, 6.90198], [-75.66139, 6.90358], [-75.6646, 6.90412], [-75.66664, 6.90874], [-75.66519, 6.91064], [-75.66703, 6.91267], [-75.66845, 6.91343], [-75.66654, 6.91093], [-75.66915, 6.90895], [-75.66686, 6.9038], [-75.66884, 6.90337], [-75.67032, 6.90613], [-75.67525, 6.90739], [-75.6814, 6.9043], [-75.67667, 6.90776], [-75.67687, 6.91497], [-75.67419, 6.91544], [-75.67245, 6.91848], [-75.67488, 6.91812], [-75.67366, 6.91968], [-75.67516, 6.92011], [-75.6714, 6.92306], [-75.67347, 6.92451], [-75.67075, 6.92564], [-75.67296, 6.93269], [-75.67146, 6.94243], [-75.66813, 6.94721], [-75.67032, 6.94712], [-75.66634, 6.95242], [-75.65442, 6.95702], [-75.65432, 6.96127], [-75.65265, 6.96331], [-75.65301, 6.96953], [-75.64863, 6.97203], [-75.64636, 6.97583], [-75.64595, 6.98188], [-75.64851, 6.98253], [-75.64535, 6.98492], [-75.64638, 6.98829], [-75.64384, 6.99115], [-75.64211, 7.00127], [-75.65104, 7.01112], [-75.65501, 7.02447], [-75.65679, 7.02566], [-75.66122, 7.02412], [-75.65877, 7.02667], [-75.66436, 7.03028], [-75.667, 7.03551], [-75.67179, 7.03223], [-75.66869, 7.03675], [-75.66857, 7.03968], [-75.67222, 7.04377], [-75.67373, 7.05263], [-75.67822, 7.05229], [-75.67364, 7.05536], [-75.68315, 7.06188], [-75.68353, 7.06625], [-75.6863, 7.06937], [-75.68927, 7.07778], [-75.68737, 7.08325], [-75.69151, 7.08402], [-75.69495, 7.0878], [-75.69415, 7.08897], [-75.69027, 7.08651], [-75.68767, 7.08688], [-75.68267, 7.09124], [-75.68886, 7.0884], [-75.69268, 7.0928], [-75.70024, 7.09313], [-75.70157, 7.09509], [-75.70221, 7.09359], [-75.71075, 7.09199], [-75.71601, 7.09387], [-75.71741, 7.10154], [-75.72046, 7.09831], [-75.72181, 7.09253], [-75.7203, 7.0894], [-75.72231, 7.08876], [-75.72476, 7.09647], [-75.72717, 7.09944], [-75.72934, 7.0991], [-75.72682, 7.10976], [-75.7229, 7.11043], [-75.72122, 7.11285], [-75.72014, 7.11947], [-75.72267, 7.12231], [-75.71954, 7.12779], [-75.72131, 7.12864], [-75.72024, 7.13164], [-75.72151, 7.13298], [-75.71913, 7.13553], [-75.72759, 7.13598], [-75.72435, 7.14494], [-75.72659, 7.14687], [-75.72714, 7.1572], [-75.73218, 7.15747], [-75.73351, 7.16133], [-75.73576, 7.16019], [-75.73741, 7.16262], [-75.74005, 7.16277], [-75.73902, 7.16555], [-75.74158, 7.16749], [-75.74356, 7.16475], [-75.7468, 7.1679], [-75.75017, 7.16605], [-75.75116, 7.1724], [-75.75883, 7.16531]]]}}, {"type": "Feature", "properties": {"codigo": "62AN29-1-1", "nombre": "La Ye - Remedios", "inicio": "La Ye", "fin": "Remedios", "longitud_km": 61.1, "ancho_m": 5.0, "is_prioritized": true, "circuit_id": 6, "circuit_name": "Remedios - La Y De La Virgen - Puerto Berrío", "subregion": "Magdalena Medio", "km_intervenir": 25.0}, "geometry": {"type": "LineString", "coordinates": [[-74.42189, 6.76746], [-74.42872, 6.77375], [-74.43408, 6.77347], [-74.43909, 6.77546], [-74.44202, 6.77351], [-74.44422, 6.78201], [-74.44621, 6.7828], [-74.44896, 6.7896], [-74.45463, 6.79539], [-74.45641, 6.79972], [-74.4622, 6.79875], [-74.4638, 6.79977], [-74.46428, 6.80333], [-74.46626, 6.80342], [-74.46663, 6.81094], [-74.4641, 6.81482], [-74.46609, 6.81658], [-74.4636, 6.81926], [-74.46677, 6.82159], [-74.46673, 6.82432], [-74.47048, 6.82564], [-74.46957, 6.82668], [-74.47107, 6.83008], [-74.47662, 6.83071], [-74.4773, 6.83198], [-74.4752, 6.83309], [-74.47524, 6.83499], [-74.47892, 6.83705], [-74.47503, 6.83941], [-74.47756, 6.84136], [-74.47264, 6.84711], [-74.47303, 6.85275], [-74.47596, 6.85272], [-74.4767, 6.85606], [-74.47935, 6.85432], [-74.47991, 6.85631], [-74.48671, 6.85502], [-74.48591, 6.86213], [-74.48777, 6.86139], [-74.49639, 6.86386], [-74.50014, 6.8629], [-74.50154, 6.86783], [-74.50064, 6.87408], [-74.50634, 6.88052], [-74.50526, 6.8821], [-74.52194, 6.88833], [-74.52326, 6.89403], [-74.526, 6.89474], [-74.52727, 6.8933], [-74.5282, 6.89484], [-74.53433, 6.89544], [-74.53303, 6.89794], [-74.54476, 6.90622], [-74.54843, 6.91287], [-74.55073, 6.91102], [-74.55226, 6.91249], [-74.56112, 6.90956], [-74.56487, 6.91226], [-74.56904, 6.91233], [-74.56969, 6.91549], [-74.57767, 6.91736], [-74.58312, 6.91488], [-74.58899, 6.91528], [-74.59518, 6.92564], [-74.60112, 6.92835], [-74.60598, 6.93424], [-74.60652, 6.94195], [-74.61079, 6.94263], [-74.61217, 6.941], [-74.61362, 6.9426], [-74.61212, 6.94854], [-74.61366, 6.9596], [-74.62269, 6.96514], [-74.62723, 6.96984], [-74.63286, 6.97089], [-74.63549, 6.96868], [-74.63564, 6.97152], [-74.63812, 6.97348], [-74.64337, 6.97389], [-74.64512, 6.98212], [-74.64967, 6.98255], [-74.65251, 6.9846], [-74.65152, 6.98822], [-74.65403, 6.98597], [-74.65551, 6.98651], [-74.6564, 6.98459], [-74.6583, 6.98608], [-74.66026, 6.98328], [-74.66397, 6.98319], [-74.66618, 6.99135], [-74.66949, 6.99145], [-74.66889, 6.99458], [-74.67152, 6.99817], [-74.67415, 7.00109], [-74.67923, 7.0016], [-74.67991, 7.00439], [-74.67769, 7.00777], [-74.67908, 7.01482], [-74.68347, 7.01896], [-74.68342, 7.02155], [-74.68968, 7.02531], [-74.69116, 7.02226], [-74.6926, 7.02507]]}}, {"type": "Feature", "properties": {"codigo": "62AN18-3", "nombre": "Entrerríos - Te a Labores - La Apartada - San José de La Montaña", "inicio": "Entrerríos", "fin": "San José de La Montaña", "longitud_km": 50.0, "ancho_m": 3.671487, "is_prioritized": true, "circuit_id": 11, "circuit_name": "Entrerríos - Labores - San José de la Montana", "subregion": "Norte", "km_intervenir": 39.95}, "geometry": {"type": "LineString", "coordinates": [[-75.51245, 6.57672], [-75.51344, 6.57612], [-75.51537, 6.5825], [-75.51975, 6.58458], [-75.52247, 6.59036], [-75.522, 6.59563], [-75.52562, 6.60014], [-75.5263, 6.60511], [-75.52934, 6.60629], [-75.52826, 6.60853], [-75.52922, 6.6116], [-75.53438, 6.62166], [-75.54075, 6.62137], [-75.54186, 6.62449], [-75.54984, 6.62461], [-75.55355, 6.62712], [-75.55922, 6.626], [-75.56139, 6.62728], [-75.56298, 6.63339], [-75.56778, 6.63723], [-75.56999, 6.63668], [-75.57586, 6.64161], [-75.57838, 6.64064], [-75.58239, 6.64452], [-75.5892, 6.64302], [-75.59298, 6.64497], [-75.59311, 6.64782], [-75.59081, 6.64927], [-75.58847, 6.65909], [-75.58659, 6.66138], [-75.5856, 6.6685], [-75.58729, 6.6746], [-75.58975, 6.67363], [-75.60141, 6.68089], [-75.60212, 6.68666], [-75.60085, 6.68846], [-75.60223, 6.6899], [-75.60308, 6.69856], [-75.6065, 6.6987], [-75.61272, 6.70368], [-75.61913, 6.70448], [-75.62223, 6.70944], [-75.6247, 6.70902], [-75.62692, 6.71525], [-75.62898, 6.71679], [-75.6326, 6.71677], [-75.63282, 6.71497], [-75.63727, 6.7131], [-75.6427, 6.71463], [-75.64414, 6.7187], [-75.64989, 6.72245], [-75.65195, 6.72567], [-75.65435, 6.7258], [-75.6517, 6.73122], [-75.65582, 6.73567], [-75.65549, 6.73935], [-75.65914, 6.74964], [-75.65776, 6.75592], [-75.65922, 6.75958], [-75.65701, 6.76154], [-75.65665, 6.76561], [-75.66001, 6.76933], [-75.66383, 6.77807], [-75.66327, 6.78104], [-75.66604, 6.78291], [-75.67001, 6.78078], [-75.66943, 6.78773], [-75.67218, 6.7898], [-75.67219, 6.79292], [-75.67508, 6.7937], [-75.6801, 6.80082], [-75.68058, 6.81138], [-75.6892, 6.81459], [-75.68754, 6.82968], [-75.68869, 6.83662], [-75.68577, 6.8427], [-75.68608, 6.84824]]}}, {"type": "Feature", "properties": {"codigo": "25BAN04-2-1", "nombre": "San José - La Eme", "inicio": "San José", "fin": "La Eme", "longitud_km": 38.0, "ancho_m": 4.147249, "is_prioritized": false, "circuit_id": null, "circuit_name": null, "subregion": null, "km_intervenir": 0}, "geometry": {"type": "LineString", "coordinates": [[-76.12846, 6.25706], [-76.13039, 6.25564], [-76.12973, 6.25005], [-76.13293, 6.24143], [-76.13779, 6.23852], [-76.14004, 6.23515], [-76.13796, 6.23377], [-76.13694, 6.23006], [-76.13749, 6.21855], [-76.13627, 6.21409], [-76.13688, 6.21128], [-76.14128, 6.20806], [-76.14253, 6.20342], [-76.14489, 6.20185], [-76.14381, 6.20043], [-76.14531, 6.19596], [-76.14272, 6.18938], [-76.1439, 6.18432], [-76.14769, 6.18159], [-76.14706, 6.1797], [-76.1571, 6.16835], [-76.15863, 6.15756], [-76.16351, 6.15105], [-76.16278, 6.14367], [-76.16672, 6.1392], [-76.1646, 6.13627], [-76.16594, 6.13075], [-76.16559, 6.12422], [-76.16398, 6.12154], [-76.16557, 6.12037], [-76.16231, 6.11905], [-76.16603, 6.1086], [-76.16824, 6.10834], [-76.16747, 6.10525], [-76.16395, 6.10164], [-76.16164, 6.09324], [-76.16216, 6.08266], [-76.16567, 6.07609], [-76.16544, 6.07371], [-76.16268, 6.07302], [-76.16221, 6.06995], [-76.16551, 6.06383], [-76.16236, 6.05475], [-76.16268, 6.04508], [-76.16004, 6.04301], [-76.16242, 6.03403], [-76.16613, 6.03013], [-76.16473, 6.02952], [-76.16581, 6.02478], [-76.16956, 6.02243], [-76.16995, 6.02044], [-76.16786, 6.02196], [-76.16588, 6.01803], [-76.16941, 6.01459], [-76.16619, 6.01417], [-76.16693, 6.00952], [-76.16341, 6.00394], [-76.16646, 5.99858], [-76.16503, 5.99582], [-76.16671, 5.99431], [-76.16503, 5.99243]]}}, {"type": "Feature", "properties": {"codigo": "25AN01-3", "nombre": "Valparaíso - Caramanta - Puente Arquía", "inicio": "Valparaíso", "fin": "Puente Arquía", "longitud_km": 23.0, "ancho_m": 6.35, "is_prioritized": false, "circuit_id": null, "circuit_name": null, "subregion": null, "km_intervenir": 0}, "geometry": {"type": "LineString", "coordinates": [[-75.6272, 5.61283], [-75.62119, 5.60924], [-75.61897, 5.60955], [-75.6178, 5.60754], [-75.62266, 5.60618], [-75.62038, 5.60312], [-75.62436, 5.60275], [-75.62232, 5.60026], [-75.62, 5.60073], [-75.62088, 5.59756], [-75.62621, 5.59346], [-75.62394, 5.59294], [-75.62248, 5.58893], [-75.62489, 5.58508], [-75.63072, 5.5867], [-75.63045, 5.58371], [-75.63306, 5.58387], [-75.63213, 5.58255], [-75.63324, 5.58092], [-75.63666, 5.58062], [-75.63579, 5.5796], [-75.6372, 5.57704], [-75.63067, 5.5761], [-75.63044, 5.57364], [-75.63371, 5.57259], [-75.63369, 5.57131], [-75.63081, 5.56924], [-75.62968, 5.56601], [-75.63103, 5.56616], [-75.63084, 5.5639], [-75.63287, 5.56376], [-75.63471, 5.5611], [-75.6371, 5.56118], [-75.63889, 5.54889], [-75.64478, 5.54915], [-75.6461, 5.54564], [-75.64369, 5.54429], [-75.64832, 5.54382], [-75.65007, 5.54659], [-75.65332, 5.54249], [-75.64952, 5.53676], [-75.65212, 5.53365], [-75.65887, 5.53193], [-75.65396, 5.52386]]}}, {"type": "Feature", "properties": {"codigo": "25AN08", "nombre": "Santa Rosas de Osos (Ruta 25) - Puente Gavino", "inicio": "Santa Rosas de Osos (Ruta 25)", "fin": "Puente Gavino", "longitud_km": 49.2, "ancho_m": 5.0, "is_prioritized": true, "circuit_id": 10, "circuit_name": "Santa Rosa - Carolina del Príncipe", "subregion": "Norte", "km_intervenir": 33.67}, "geometry": {"type": "LineString", "coordinates": [[-75.45063, 6.64224], [-75.44439, 6.64577], [-75.44089, 6.64546], [-75.43173, 6.63793], [-75.4186, 6.63022], [-75.41756, 6.63118], [-75.41581, 6.62883], [-75.41228, 6.62914], [-75.41127, 6.62712], [-75.40819, 6.62735], [-75.40825, 6.63043], [-75.40445, 6.62767], [-75.40295, 6.62956], [-75.40137, 6.62813], [-75.39749, 6.62854], [-75.39196, 6.63407], [-75.38954, 6.64081], [-75.38529, 6.64004], [-75.38391, 6.64214], [-75.38219, 6.64031], [-75.37929, 6.64019], [-75.37889, 6.63817], [-75.37729, 6.64029], [-75.37903, 6.64247], [-75.37316, 6.63967], [-75.37278, 6.63578], [-75.36947, 6.63282], [-75.36949, 6.63006], [-75.36651, 6.62979], [-75.36531, 6.63269], [-75.3616, 6.6301], [-75.35626, 6.63299], [-75.35428, 6.63261], [-75.35262, 6.62954], [-75.34506, 6.6365], [-75.34158, 6.63304], [-75.33333, 6.63493], [-75.33334, 6.63076], [-75.33099, 6.62963], [-75.32821, 6.63143], [-75.32425, 6.62932], [-75.3249, 6.62683], [-75.32245, 6.62377], [-75.32193, 6.62498], [-75.31858, 6.62487], [-75.31797, 6.62655], [-75.3161, 6.6251], [-75.31513, 6.62722], [-75.31263, 6.62768], [-75.31247, 6.6297], [-75.31023, 6.62912], [-75.30303, 6.62187], [-75.29751, 6.62347], [-75.29681, 6.6216], [-75.29089, 6.61826], [-75.2918, 6.61579], [-75.28947, 6.61562], [-75.28787, 6.61796], [-75.28805, 6.61562], [-75.28621, 6.61648], [-75.28535, 6.61458], [-75.28129, 6.61467], [-75.27842, 6.61083], [-75.27192, 6.61125], [-75.27002, 6.60804], [-75.26562, 6.6079], [-75.253, 6.60305], [-75.25128, 6.6044], [-75.25284, 6.60554], [-75.24548, 6.60528], [-75.24252, 6.60298], [-75.24277, 6.5982], [-75.23637, 6.59272], [-75.23348, 6.59415], [-75.23541, 6.59003], [-75.23067, 6.59119], [-75.22871, 6.58909], [-75.22405, 6.58928], [-75.22265, 6.58692], [-75.22091, 6.58713], [-75.22181, 6.58428], [-75.22077, 6.58379], [-75.22265, 6.58284], [-75.22298, 6.5804], [-75.21877, 6.57445], [-75.22023, 6.56887], [-75.21801, 6.56653], [-75.21006, 6.56459], [-75.21031, 6.56143], [-75.20809, 6.56095]]}}, {"type": "Feature", "properties": {"codigo": "25AN11", "nombre": "Llanos de Cuivá (Ruta 25) - Partidas a San Jose de la Montaña - San Jose de La Montaña", "inicio": "Llanos de Cuivá (Ruta 25)", "fin": "San Jose de La Montaña", "longitud_km": 30.3, "ancho_m": 7.013559, "is_prioritized": false, "circuit_id": null, "circuit_name": null, "subregion": null, "km_intervenir": 0}, "geometry": {"type": "LineString", "coordinates": [[-75.48991, 6.80837], [-75.50176, 6.81526], [-75.50431, 6.81416], [-75.50695, 6.81792], [-75.51729, 6.81737], [-75.51972, 6.81959], [-75.52533, 6.81859], [-75.52969, 6.82151], [-75.53408, 6.82161], [-75.53867, 6.82584], [-75.54145, 6.82539], [-75.54507, 6.82888], [-75.55046, 6.83049], [-75.55314, 6.83699], [-75.55824, 6.84086], [-75.56173, 6.84097], [-75.56681, 6.85142], [-75.56832, 6.85059], [-75.57159, 6.85288], [-75.5757, 6.85208], [-75.58059, 6.85567], [-75.58731, 6.85518], [-75.59589, 6.85962], [-75.5987, 6.8583], [-75.60934, 6.86772], [-75.61697, 6.87113], [-75.63461, 6.87706], [-75.64184, 6.87609], [-75.64022, 6.88091], [-75.64282, 6.88435], [-75.6506, 6.88554], [-75.65616, 6.88948], [-75.65821, 6.88915], [-75.66264, 6.88324], [-75.66585, 6.88246], [-75.66666, 6.87925], [-75.67073, 6.87758], [-75.67546, 6.87062], [-75.68271, 6.85343]]}}, {"type": "Feature", "properties": {"codigo": "25AN15-1", "nombre": "Cáceres - La Chilona", "inicio": "Cáceres", "fin": "La Chilona", "longitud_km": 86.6, "ancho_m": 5.0, "is_prioritized": true, "circuit_id": 1, "circuit_name": "Cáceres - La Chilona", "subregion": "Bajo Cauca", "km_intervenir": 25.0}, "geometry": {"type": "LineString", "coordinates": [[-75.35067, 7.57553], [-75.35121, 7.56764], [-75.34882, 7.56409], [-75.34489, 7.56183], [-75.34126, 7.56208], [-75.33623, 7.55885], [-75.33108, 7.56], [-75.32826, 7.56406], [-75.32348, 7.56364], [-75.31563, 7.5677], [-75.30983, 7.56475], [-75.30772, 7.56631], [-75.30686, 7.56313], [-75.3038, 7.56494], [-75.30309, 7.56981], [-75.30113, 7.56866], [-75.29806, 7.57044], [-75.29443, 7.57345], [-75.29348, 7.57642], [-75.28615, 7.57847], [-75.28463, 7.58195], [-75.28086, 7.58071], [-75.28128, 7.57911], [-75.27444, 7.57805], [-75.2697, 7.5813], [-75.26505, 7.57937], [-75.26013, 7.58111], [-75.25253, 7.57955], [-75.25008, 7.58105], [-75.24492, 7.57924], [-75.24191, 7.58323], [-75.23666, 7.58605], [-75.23365, 7.58427], [-75.23174, 7.5854], [-75.22558, 7.58411], [-75.22243, 7.57957], [-75.2205, 7.57959], [-75.2139, 7.59505], [-75.20889, 7.59935], [-75.20619, 7.59844], [-75.20459, 7.59134], [-75.19975, 7.59454], [-75.19701, 7.58732], [-75.19493, 7.58868], [-75.18853, 7.58425], [-75.17978, 7.58486], [-75.17911, 7.58257], [-75.1749, 7.58018], [-75.17557, 7.57683], [-75.17157, 7.57801], [-75.17139, 7.56597], [-75.16897, 7.56544], [-75.16888, 7.5635], [-75.1669, 7.56497], [-75.1639, 7.56403], [-75.16557, 7.56793], [-75.16262, 7.56499], [-75.15795, 7.56409], [-75.15833, 7.55829], [-75.15653, 7.55536], [-75.15076, 7.55463], [-75.14706, 7.55167], [-75.14481, 7.55416], [-75.13879, 7.55417], [-75.13677, 7.55185], [-75.13325, 7.55311], [-75.12912, 7.54775], [-75.12772, 7.55038], [-75.1258, 7.55034], [-75.12574, 7.55244], [-75.12794, 7.55428], [-75.12518, 7.55589], [-75.12358, 7.56019], [-75.12017, 7.55849], [-75.11975, 7.55102], [-75.11719, 7.5511], [-75.11441, 7.54615], [-75.11578, 7.54459], [-75.11276, 7.54312], [-75.11028, 7.54411], [-75.11147, 7.54508], [-75.10809, 7.54927], [-75.10336, 7.55035], [-75.10668, 7.55071], [-75.10781, 7.55233], [-75.10241, 7.55494], [-75.09834, 7.55507], [-75.09696, 7.55686], [-75.09268, 7.556], [-75.08931, 7.56189], [-75.08419, 7.55895], [-75.07451, 7.56001], [-75.07352, 7.5583], [-75.07255, 7.56029], [-75.06982, 7.55658], [-75.06163, 7.55436], [-75.05894, 7.55761], [-75.05175, 7.55665], [-75.04818, 7.55771], [-75.03566, 7.54483], [-75.01479, 7.54684], [-75.00313, 7.53921], [-74.99901, 7.5407], [-74.99231, 7.53818], [-74.99023, 7.5355], [-74.97378, 7.53579], [-74.96749, 7.53129], [-74.96076, 7.53073], [-74.9602, 7.52938], [-74.9522, 7.53015], [-74.94195, 7.52823], [-74.93586, 7.53124], [-74.9324, 7.53031], [-74.92138, 7.53741], [-74.91837, 7.53811], [-74.91554, 7.53657], [-74.90436, 7.53962], [-74.90139, 7.54605], [-74.89036, 7.55017], [-74.88085, 7.56051]]}}, {"type": "Feature", "properties": {"codigo": "25BAN04", "nombre": "Cangrejo (Río Cauca) - Altamira", "inicio": "Cangrejo (Río Cauca)", "fin": "Altamira", "longitud_km": 22.5, "ancho_m": 3.1, "is_prioritized": false, "circuit_id": null, "circuit_name": null, "subregion": null, "km_intervenir": 0}, "geometry": {"type": "LineString", "coordinates": [[-75.8486, 6.2189], [-75.85212, 6.21408], [-75.85418, 6.21501], [-75.85484, 6.21393], [-75.85497, 6.21756], [-75.8557, 6.21524], [-75.85704, 6.21619], [-75.85849, 6.21374], [-75.85823, 6.21901], [-75.86149, 6.21923], [-75.86448, 6.22401], [-75.86195, 6.21536], [-75.86839, 6.21353], [-75.87051, 6.2112], [-75.87786, 6.21704], [-75.88225, 6.21505], [-75.88588, 6.21892], [-75.89135, 6.21625], [-75.89374, 6.22565], [-75.89781, 6.22753], [-75.89801, 6.23204], [-75.9098, 6.22713], [-75.91142, 6.22018], [-75.91414, 6.21836], [-75.91893, 6.21728], [-75.92426, 6.21357], [-75.93027, 6.2158], [-75.93183, 6.21224], [-75.93607, 6.20992], [-75.94655, 6.21564], [-75.94543, 6.21839], [-75.94945, 6.22129], [-75.95342, 6.22048]]}}, {"type": "Feature", "properties": {"codigo": "60AN06-1", "nombre": "Concordia- La Quiebra - Betulia", "inicio": "Concordia", "fin": "Betulia", "longitud_km": 24.5, "ancho_m": 6.042, "is_prioritized": true, "circuit_id": 21, "circuit_name": "Salgar - La Quiebra - Concordia", "subregion": "Suroeste", "km_intervenir": 15.93}, "geometry": {"type": "LineString", "coordinates": [[-75.91165, 6.04932], [-75.91561, 6.05183], [-75.92209, 6.04939], [-75.92264, 6.03889], [-75.92693, 6.03672], [-75.93054, 6.03934], [-75.93071, 6.04167], [-75.93429, 6.04204], [-75.93516, 6.04538], [-75.93943, 6.04387], [-75.9423, 6.05184], [-75.94523, 6.04576], [-75.95331, 6.0444], [-75.96209, 6.04591], [-75.96495, 6.05071], [-75.96721, 6.0483], [-75.97041, 6.05218], [-75.97403, 6.05034], [-75.97734, 6.05264], [-75.98212, 6.05277], [-75.98649, 6.06494], [-75.99165, 6.0679], [-75.99323, 6.0709], [-75.99291, 6.0734], [-75.98717, 6.07315], [-75.98784, 6.07643], [-75.98485, 6.07959], [-75.97775, 6.07844], [-75.97531, 6.08231], [-75.97816, 6.08385], [-75.97725, 6.08683], [-75.97898, 6.0887], [-75.98059, 6.08827], [-75.97928, 6.09366], [-75.9829, 6.09258], [-75.97948, 6.09547], [-75.9834, 6.09975], [-75.9848, 6.10744]]}}, {"type": "Feature", "properties": {"codigo": "60AN15-2", "nombre": "El Peñol - Guatapé - El Bizcocho - San Rafael", "inicio": "El Peñol", "fin": "San Rafael", "longitud_km": 39.3, "ancho_m": 7.721519, "is_prioritized": false, "circuit_id": null, "circuit_name": null, "subregion": null, "km_intervenir": 0}, "geometry": {"type": "MultiLineString", "coordinates": [[[-75.23764, 6.21615], [-75.23517, 6.2146], [-75.23354, 6.21734], [-75.22811, 6.21632], [-75.22127, 6.20813], [-75.21813, 6.20826], [-75.20842, 6.20287], [-75.20143, 6.205], [-75.19873, 6.20352], [-75.19318, 6.20516], [-75.1903, 6.20882], [-75.19126, 6.21958], [-75.18519, 6.22177], [-75.18218, 6.21941], [-75.18014, 6.22442]], [[-75.18014, 6.22442], [-75.1803, 6.22689], [-75.17577, 6.23365], [-75.17124, 6.23375]], [[-75.17124, 6.23375], [-75.16555, 6.23223], [-75.1626, 6.23534], [-75.15729, 6.23431], [-75.15459, 6.23665], [-75.15497, 6.23852], [-75.15025, 6.24576], [-75.14662, 6.24869], [-75.14427, 6.25323], [-75.14596, 6.25649], [-75.14664, 6.26618], [-75.14634, 6.27032], [-75.14481, 6.27177], [-75.1474, 6.27618], [-75.14484, 6.28129], [-75.13652, 6.28006], [-75.13447, 6.27777], [-75.13037, 6.27874], [-75.1287, 6.28219], [-75.12729, 6.28009], [-75.12413, 6.28275], [-75.1212, 6.27926], [-75.11895, 6.28514], [-75.11788, 6.2835], [-75.11452, 6.28408], [-75.11061, 6.27956], [-75.10689, 6.28057], [-75.10594, 6.28722], [-75.10073, 6.28257], [-75.09722, 6.28652], [-75.09438, 6.28196], [-75.08976, 6.28422], [-75.08488, 6.28337], [-75.08374, 6.28492], [-75.0858, 6.28813], [-75.08423, 6.29006], [-75.08205, 6.29024], [-75.08047, 6.28803], [-75.07525, 6.28788], [-75.07161, 6.29211], [-75.06693, 6.29385], [-75.06645, 6.29727], [-75.06445, 6.29468], [-75.05923, 6.29563], [-75.05283, 6.29273], [-75.04895, 6.29671], [-75.04754, 6.29518], [-75.04386, 6.29754], [-75.03951, 6.29451], [-75.03608, 6.29486]]]}}, {"type": "Feature", "properties": {"codigo": "62AN10-2", "nombre": "Frontino - Abriaquí", "inicio": "Frontino", "fin": "Abriaquí", "longitud_km": 26.3, "ancho_m": 5.981132, "is_prioritized": true, "circuit_id": 14, "circuit_name": "Frontino - Nutibara", "subregion": "Occidente", "km_intervenir": 25.0}, "geometry": {"type": "MultiLineString", "coordinates": [[[-76.1345, 6.76527], [-76.13302, 6.76054], [-76.13115, 6.76114], [-76.12355, 6.75676], [-76.11412, 6.75812], [-76.11319, 6.76065], [-76.11112, 6.76066], [-76.11159, 6.75902], [-76.10969, 6.75917], [-76.10897, 6.75744], [-76.11063, 6.75512], [-76.10726, 6.751], [-76.10178, 6.74828], [-76.09877, 6.74386], [-76.10017, 6.74326], [-76.09436, 6.74439], [-76.09251, 6.73994], [-76.09195, 6.72769], [-76.09456, 6.72476], [-76.09422, 6.71856], [-76.0893, 6.71631], [-76.08705, 6.7114], [-76.09076, 6.70098], [-76.08678, 6.69585], [-76.08888, 6.69259], [-76.08775, 6.68755], [-76.09208, 6.68389], [-76.08952, 6.68034], [-76.09145, 6.67691], [-76.08768, 6.67325], [-76.08574, 6.67346], [-76.08384, 6.66978], [-76.08036, 6.66936], [-76.07655, 6.66422], [-76.07637, 6.66065], [-76.08406, 6.6517], [-76.08417, 6.64412], [-76.08292, 6.6431], [-76.07655, 6.64406], [-76.06719, 6.63289]], [[-76.06719, 6.63289], [-76.06712, 6.63284]]]}}, {"type": "Feature", "properties": {"codigo": "25BAN02-2", "nombre": "Puente Iglesias (Ruta 25B) - La Ye - Jericó", "inicio": "Puente Iglesias (Ruta 25)", "fin": "Jericó", "longitud_km": 18.6, "ancho_m": 3.636554, "is_prioritized": false, "circuit_id": null, "circuit_name": null, "subregion": null, "km_intervenir": 0}, "geometry": {"type": "LineString", "coordinates": [[-75.7081, 5.82837], [-75.70649, 5.82734], [-75.70766, 5.82405], [-75.70457, 5.82388], [-75.69983, 5.81289], [-75.70483, 5.81024], [-75.71056, 5.81092], [-75.71503, 5.80718], [-75.72196, 5.80482], [-75.72283, 5.803], [-75.73366, 5.80335], [-75.7332, 5.80078], [-75.73523, 5.79769], [-75.73352, 5.79856], [-75.7339, 5.79757], [-75.73564, 5.79697], [-75.73756, 5.79217], [-75.73931, 5.7928], [-75.73784, 5.79147], [-75.74245, 5.79132], [-75.7402, 5.79155], [-75.73812, 5.7897], [-75.74036, 5.79096], [-75.74354, 5.78972], [-75.74415, 5.78669], [-75.74658, 5.78453], [-75.75212, 5.78224], [-75.75134, 5.7836], [-75.75246, 5.78336], [-75.75601, 5.78082], [-75.75758, 5.78259], [-75.76189, 5.78327], [-75.76494, 5.78702], [-75.7678, 5.78684], [-75.77258, 5.78977], [-75.7742, 5.79243], [-75.77842, 5.79131]]}}, {"type": "Feature", "properties": {"codigo": "25BAN01-1", "nombre": "La Ye - El Líbano", "inicio": "La Ye", "fin": "El Líbano", "longitud_km": 14.3, "ancho_m": 4.102678, "is_prioritized": false, "circuit_id": null, "circuit_name": null, "subregion": null, "km_intervenir": 0}, "geometry": {"type": "LineString", "coordinates": [[-75.69978, 5.81308], [-75.69335, 5.80738], [-75.6914, 5.80265], [-75.68699, 5.8006], [-75.68663, 5.79483], [-75.68899, 5.7905], [-75.68581, 5.78973], [-75.68533, 5.77869], [-75.67824, 5.77526], [-75.67763, 5.76797], [-75.67429, 5.76256], [-75.67548, 5.75499], [-75.67929, 5.75108], [-75.68068, 5.73968], [-75.68513, 5.73672], [-75.68463, 5.73157], [-75.69209, 5.72812], [-75.68981, 5.71663]]}}, {"type": "Feature", "properties": {"codigo": "25AN11-1_1", "nombre": "Variante Pescadero", "inicio": "Valle de Toledo", "fin": "Pescadero", "longitud_km": 20.15, "ancho_m": 0, "is_prioritized": false, "circuit_id": null, "circuit_name": null, "subregion": null, "km_intervenir": 0}, "geometry": {"type": "LineString", "coordinates": [[-75.67412, 7.05078], [-75.67229, 7.05289], [-75.6737, 7.05578], [-75.67109, 7.06274], [-75.67518, 7.06289], [-75.6741, 7.06474], [-75.67712, 7.06359], [-75.67839, 7.06689], [-75.67728, 7.07178], [-75.68021, 7.07594], [-75.68099, 7.08082], [-75.6783, 7.08152], [-75.67179, 7.08772], [-75.66923, 7.09297], [-75.66204, 7.08918], [-75.65795, 7.11571], [-75.65463, 7.12008], [-75.67536, 7.12035], [-75.67699, 7.12199], [-75.68271, 7.12181], [-75.67601, 7.11623], [-75.67582, 7.1107], [-75.67983, 7.1071], [-75.67771, 7.10424], [-75.68061, 7.10043], [-75.6808, 7.09674], [-75.68883, 7.08948], [-75.69073, 7.09095]]}}, {"type": "Feature", "properties": {"codigo": "25AN11-1_2", "nombre": "Variante San Andrés de Cuerquía", "inicio": "km 23+700", "fin": "km 24+900", "longitud_km": 1.24, "ancho_m": 0, "is_prioritized": false, "circuit_id": null, "circuit_name": null, "subregion": null, "km_intervenir": 0}, "geometry": {"type": "LineString", "coordinates": [[-75.67369, 6.91669], [-75.67241, 6.91672], [-75.67273, 6.91402], [-75.67604, 6.90919]]}}, {"type": "Feature", "properties": {"codigo": "25AN17", "nombre": "Partidas de Zaragoza - Zaragoza", "inicio": "Partidas de Zaragoza", "fin": "Zaragoza.", "longitud_km": 3.2, "ancho_m": 7.021803, "is_prioritized": false, "circuit_id": null, "circuit_name": null, "subregion": null, "km_intervenir": 0}, "geometry": {"type": "LineString", "coordinates": [[-74.84492, 7.49067], [-74.84398, 7.48762], [-74.84818, 7.48469], [-74.85657, 7.48645], [-74.85785, 7.48448], [-74.86475, 7.48835]]}}, {"type": "Feature", "properties": {"codigo": "25AN01", "nombre": "Montenegro (La Pintada) - La Fabiana - Valparaíso", "inicio": "Montenegro (La Pintada)", "fin": "Valparaíso", "longitud_km": 20.7, "ancho_m": 6.24186, "is_prioritized": false, "circuit_id": null, "circuit_name": null, "subregion": null, "km_intervenir": 0}, "geometry": {"type": "LineString", "coordinates": [[-75.61761, 5.74228], [-75.61612, 5.74011], [-75.61804, 5.73809], [-75.61611, 5.73395], [-75.61658, 5.73137], [-75.61985, 5.7284], [-75.62321, 5.71809], [-75.62058, 5.71513], [-75.61955, 5.70671], [-75.61785, 5.70408], [-75.61988, 5.70072], [-75.62493, 5.70063], [-75.62926, 5.69772], [-75.6327, 5.69754], [-75.63432, 5.69451], [-75.63913, 5.69317], [-75.64161, 5.68467], [-75.63992, 5.68125], [-75.64108, 5.67688], [-75.6399, 5.6735], [-75.64752, 5.66787], [-75.64902, 5.66467], [-75.64658, 5.65716], [-75.64821, 5.64697], [-75.64999, 5.64497], [-75.64949, 5.64224], [-75.64433, 5.63517], [-75.64206, 5.63522], [-75.64191, 5.63331], [-75.64003, 5.63218], [-75.6366, 5.63328], [-75.63368, 5.62129], [-75.63144, 5.62047], [-75.63164, 5.61867], [-75.62686, 5.61756], [-75.62576, 5.61443], [-75.6272, 5.61283]]}}, {"type": "Feature", "properties": {"codigo": "25AN01-2", "nombre": "Valparaíso - Tamesis", "inicio": "Valparaíso", "fin": "Tamesis", "longitud_km": 25.0, "ancho_m": 3.384755, "is_prioritized": true, "circuit_id": 22, "circuit_name": "Valparaíso - Támesis", "subregion": "Suroeste", "km_intervenir": 22.51}, "geometry": {"type": "LineString", "coordinates": [[-75.6272, 5.61283], [-75.63527, 5.61392], [-75.63679, 5.61686], [-75.63951, 5.61805], [-75.64135, 5.61721], [-75.64419, 5.6104], [-75.64813, 5.60806], [-75.65158, 5.60948], [-75.65197, 5.61257], [-75.65446, 5.60955], [-75.65723, 5.60957], [-75.65694, 5.61234], [-75.6594, 5.61149], [-75.6606, 5.60906], [-75.66448, 5.60902], [-75.66573, 5.61099], [-75.66804, 5.60858], [-75.66895, 5.61189], [-75.66744, 5.61394], [-75.67216, 5.61153], [-75.6724, 5.61404], [-75.6757, 5.61739], [-75.67432, 5.6196], [-75.67552, 5.62246], [-75.67682, 5.62276], [-75.67784, 5.61465], [-75.67931, 5.61627], [-75.67986, 5.61535], [-75.67927, 5.61829], [-75.68169, 5.61692], [-75.68241, 5.61986], [-75.68437, 5.61919], [-75.68388, 5.61781], [-75.68765, 5.61876], [-75.69012, 5.63069], [-75.6933, 5.62823], [-75.69768, 5.62852], [-75.70132, 5.62406], [-75.70348, 5.62854], [-75.70085, 5.63823], [-75.70328, 5.64026], [-75.6999, 5.64382], [-75.703, 5.64824], [-75.71074, 5.6492], [-75.70836, 5.65482], [-75.71116, 5.65276], [-75.7104, 5.65885]]}}, {"type": "Feature", "properties": {"codigo": "60AN02", "nombre": "Puente Nuevo (Ruta 60) - Betania", "inicio": "Puente Nuevo (Ruta 60)", "fin": "Betania", "longitud_km": 17.4, "ancho_m": 3.049248, "is_prioritized": false, "circuit_id": null, "circuit_name": null, "subregion": null, "km_intervenir": 0}, "geometry": {"type": "LineString", "coordinates": [[-75.96469, 5.81951], [-75.96508, 5.81696], [-75.96809, 5.81506], [-75.96701, 5.8078], [-75.95923, 5.80231], [-75.96071, 5.8019], [-75.96071, 5.79959], [-75.96337, 5.80198], [-75.96596, 5.8008], [-75.96421, 5.8008], [-75.96085, 5.79711], [-75.95605, 5.79826], [-75.95671, 5.7937], [-75.95397, 5.79256], [-75.9545, 5.78925], [-75.95581, 5.78766], [-75.96123, 5.78777], [-75.9602, 5.78624], [-75.96694, 5.78459], [-75.9636, 5.78314], [-75.96093, 5.7842], [-75.96683, 5.78158], [-75.96824, 5.77946], [-75.96484, 5.77649], [-75.96862, 5.77232], [-75.96844, 5.7676], [-75.9722, 5.76516], [-75.97202, 5.76226], [-75.97381, 5.76015], [-75.97196, 5.75683], [-75.97389, 5.75591], [-75.97452, 5.7573], [-75.97575, 5.75459], [-75.97823, 5.75606], [-75.97972, 5.75513], [-75.97897, 5.75298], [-75.98117, 5.75108], [-75.98007, 5.74913]]}}, {"type": "Feature", "properties": {"codigo": "25ANA_1", "nombre": "Paso por Caldas", "inicio": "Paso por Caldas", "fin": "Paso por Caldas", "longitud_km": 340.0, "ancho_m": 7.0, "is_prioritized": false, "circuit_id": null, "circuit_name": null, "subregion": null, "km_intervenir": 0}, "geometry": {"type": "LineString", "coordinates": [[-75.63351, 6.15244], [-75.63068, 6.15321]]}}, {"type": "Feature", "properties": {"codigo": "60AN10-1", "nombre": "Ye  Amagá - Ferrería - Angelópolis", "inicio": "Ye  Amagá", "fin": "Angelópolis", "longitud_km": 15.5, "ancho_m": 4.653857, "is_prioritized": false, "circuit_id": null, "circuit_name": null, "subregion": null, "km_intervenir": 0}, "geometry": {"type": "LineString", "coordinates": [[-75.72069, 6.0797], [-75.71686, 6.08735], [-75.71786, 6.09135], [-75.71968, 6.09092], [-75.72116, 6.09259], [-75.71898, 6.10106], [-75.71892, 6.11347], [-75.71549, 6.11002]]}}, {"type": "Feature", "properties": {"codigo": "60AN09", "nombre": "Camilocé - El Cinco - Fredonia", "inicio": "Camilocé", "fin": "Fredonia", "longitud_km": 16.5, "ancho_m": 7.757576, "is_prioritized": false, "circuit_id": null, "circuit_name": null, "subregion": null, "km_intervenir": 0}, "geometry": {"type": "LineString", "coordinates": [[-75.68847, 5.95329], [-75.68689, 5.95064], [-75.6882, 5.94946], [-75.68681, 5.94487], [-75.68514, 5.94393], [-75.68739, 5.94382], [-75.68504, 5.9391], [-75.68623, 5.9371], [-75.68536, 5.93447]]}}, {"type": "Feature", "properties": {"codigo": "60AN15-2-2", "nombre": "San Rafael - La Palma - La Holanda - San Carlos", "inicio": "San Rafael", "fin": "San Carlos", "longitud_km": 41.4, "ancho_m": 8.046154, "is_prioritized": false, "circuit_id": null, "circuit_name": null, "subregion": null, "km_intervenir": 0}, "geometry": {"type": "LineString", "coordinates": [[-75.0209, 6.29711], [-75.01494, 6.29718], [-75.01026, 6.30186], [-75.00961, 6.30528], [-75.00759, 6.30432], [-75.0013, 6.31889], [-74.99189, 6.31834], [-74.98889, 6.31662], [-74.98613, 6.3188], [-74.98548, 6.32274], [-74.98005, 6.32623], [-74.9761, 6.32745], [-74.96861, 6.32485], [-74.96318, 6.32015], [-74.96084, 6.32062], [-74.95699, 6.31774], [-74.95229, 6.31793], [-74.9481, 6.32159], [-74.94304, 6.31636], [-74.94408, 6.31266], [-74.93759, 6.30708], [-74.93569, 6.30285], [-74.92721, 6.29708], [-74.92704, 6.29499], [-74.92907, 6.29302], [-74.92214, 6.2865], [-74.92384, 6.28243], [-74.92049, 6.27911], [-74.92032, 6.27655], [-74.91664, 6.27525], [-74.91808, 6.26976], [-74.91564, 6.26578], [-74.91558, 6.26252], [-74.9181, 6.25677], [-74.91562, 6.25294], [-74.91613, 6.25116], [-74.91064, 6.2491], [-74.90922, 6.25026], [-74.90035, 6.25019], [-74.89756, 6.25326], [-74.8968, 6.25159], [-74.89393, 6.25179], [-74.8956, 6.24937], [-74.89584, 6.24299], [-74.90044, 6.24112], [-74.90489, 6.24135], [-74.90822, 6.23725], [-74.90751, 6.2351], [-74.90977, 6.23368], [-74.91389, 6.23415], [-74.93478, 6.22391], [-74.93887, 6.215], [-74.94154, 6.21634], [-74.9434, 6.21504], [-74.94244, 6.20719], [-74.94755, 6.20187], [-74.94781, 6.19907], [-74.95264, 6.19762], [-74.95508, 6.1951], [-74.95363, 6.1923], [-74.96035, 6.19298], [-74.96305, 6.19155], [-74.97302, 6.19357], [-74.9801, 6.18937], [-74.98682, 6.1887]]}}, {"type": "Feature", "properties": {"codigo": "56AN06", "nombre": "La Unión - El Carmen de Viboral", "inicio": "La Unión", "fin": "El Carmen de Viboral", "longitud_km": 19.3, "ancho_m": 4.604266, "is_prioritized": false, "circuit_id": null, "circuit_name": null, "subregion": null, "km_intervenir": 0}, "geometry": {"type": "LineString", "coordinates": [[-75.33143, 6.07354], [-75.32779, 6.05723], [-75.32331, 6.05648], [-75.31991, 6.05138], [-75.32086, 6.04883], [-75.31937, 6.04808], [-75.32195, 6.04554], [-75.31413, 6.04009], [-75.31833, 6.03912], [-75.3245, 6.04233], [-75.32566, 6.04017], [-75.32717, 6.04101], [-75.32557, 6.03644], [-75.33094, 6.02932], [-75.32797, 6.02653], [-75.32981, 6.02569], [-75.33279, 6.02718], [-75.33484, 6.02219], [-75.33415, 6.01649], [-75.33604, 6.01811], [-75.34019, 6.01758], [-75.34001, 6.01559], [-75.34204, 6.01371], [-75.34179, 6.00948], [-75.34856, 6.00518], [-75.34955, 6.00341], [-75.34853, 6.00056], [-75.35069, 5.99882], [-75.35241, 5.98815], [-75.35439, 5.98543], [-75.35355, 5.98303], [-75.35788, 5.97897]]}}]}